Copyright 1986-2022 Xilinx, Inc. All Rights Reserved. Copyright 2022-2023 Advanced Micro Devices, Inc. All Rights Reserved.
---------------------------------------------------------------------------------------------------------------------------------------------------------------------------------------------------------------
| Tool Version : Vivado v.2023.1 (win64) Build 3865809 Sun May  7 15:05:29 MDT 2023
| Date         : Tue Mar 31 23:20:36 2026
| Host         : LAPTOP-8QC78VQI running 64-bit major release  (build 9200)
| Command      : report_timing_summary -max_paths 10 -report_unconstrained -file IPCore_timing_summary_routed.rpt -pb IPCore_timing_summary_routed.pb -rpx IPCore_timing_summary_routed.rpx -warn_on_violation
| Design       : IPCore
| Device       : 7a200t-fbg484
| Speed File   : -1  PRODUCTION 1.23 2018-06-13
| Design State : Routed
---------------------------------------------------------------------------------------------------------------------------------------------------------------------------------------------------------------

Timing Summary Report

------------------------------------------------------------------------------------------------
| Timer Settings
| --------------
------------------------------------------------------------------------------------------------

  Enable Multi Corner Analysis               :  Yes
  Enable Pessimism Removal                   :  Yes
  Pessimism Removal Resolution               :  Nearest Common Node
  Enable Input Delay Default Clock           :  No
  Enable Preset / Clear Arcs                 :  No
  Disable Flight Delays                      :  No
  Ignore I/O Paths                           :  No
  Timing Early Launch at Borrowing Latches   :  No
  Borrow Time for Max Delay Exceptions       :  Yes
  Merge Timing Exceptions                    :  Yes

  Corner  Analyze    Analyze    
  Name    Max Paths  Min Paths  
  ------  ---------  ---------  
  Slow    Yes        Yes        
  Fast    Yes        Yes        


------------------------------------------------------------------------------------------------
| Report Methodology
| ------------------
------------------------------------------------------------------------------------------------

No report available as report_methodology has not been run prior. Run report_methodology on the current design for the summary of methodology violations.



check_timing report

Table of Contents
-----------------
1. checking no_clock (0)
2. checking constant_clock (0)
3. checking pulse_width_clock (0)
4. checking unconstrained_internal_endpoints (0)
5. checking no_input_delay (1)
6. checking no_output_delay (3)
7. checking multiple_clock (0)
8. checking generated_clocks (0)
9. checking loops (0)
10. checking partial_input_delay (0)
11. checking partial_output_delay (0)
12. checking latch_loops (0)

1. checking no_clock (0)
------------------------
 There are 0 register/latch pins with no clock.


2. checking constant_clock (0)
------------------------------
 There are 0 register/latch pins with constant_clock.


3. checking pulse_width_clock (0)
---------------------------------
 There are 0 register/latch pins which need pulse_width check


4. checking unconstrained_internal_endpoints (0)
------------------------------------------------
 There are 0 pins that are not constrained for maximum delay.

 There are 0 pins that are not constrained for maximum delay due to constant clock.


5. checking no_input_delay (1)
------------------------------
 There is 1 input port with no input delay specified. (HIGH)

 There are 0 input ports with no input delay but user has a false path constraint.


6. checking no_output_delay (3)
-------------------------------
 There are 3 ports with no output delay specified. (HIGH)

 There are 0 ports with no output delay but user has a false path constraint

 There are 0 ports with no output delay but with a timing clock defined on it or propagating through it


7. checking multiple_clock (0)
------------------------------
 There are 0 register/latch pins with multiple clocks.


8. checking generated_clocks (0)
--------------------------------
 There are 0 generated clocks that are not connected to a clock source.


9. checking loops (0)
---------------------
 There are 0 combinational loops in the design.


10. checking partial_input_delay (0)
------------------------------------
 There are 0 input ports with partial input delay specified.


11. checking partial_output_delay (0)
-------------------------------------
 There are 0 ports with partial output delay specified.


12. checking latch_loops (0)
----------------------------
 There are 0 combinational latch loops in the design through latch input



------------------------------------------------------------------------------------------------
| Design Timing Summary
| ---------------------
------------------------------------------------------------------------------------------------

    WNS(ns)      TNS(ns)  TNS Failing Endpoints  TNS Total Endpoints      WHS(ns)      THS(ns)  THS Failing Endpoints  THS Total Endpoints     WPWS(ns)     TPWS(ns)  TPWS Failing Endpoints  TPWS Total Endpoints  
    -------      -------  ---------------------  -------------------      -------      -------  ---------------------  -------------------     --------     --------  ----------------------  --------------------  
      1.196        0.000                      0                  248        0.097        0.000                      0                  248        1.500        0.000                       0                   144  


All user specified timing constraints are met.


------------------------------------------------------------------------------------------------
| Clock Summary
| -------------
------------------------------------------------------------------------------------------------

Clock               Waveform(ns)         Period(ns)      Frequency(MHz)
-----               ------------         ----------      --------------
clk                 {0.000 5.000}        10.000          100.000         
  clk_out1_DCM_PLL  {0.000 20.000}       40.000          25.000          
  clk_out2_DCM_PLL  {0.000 2.000}        4.000           250.000         
  clkfbout_DCM_PLL  {0.000 5.000}        10.000          100.000         


------------------------------------------------------------------------------------------------
| Intra Clock Table
| -----------------
------------------------------------------------------------------------------------------------

Clock                   WNS(ns)      TNS(ns)  TNS Failing Endpoints  TNS Total Endpoints      WHS(ns)      THS(ns)  THS Failing Endpoints  THS Total Endpoints     WPWS(ns)     TPWS(ns)  TPWS Failing Endpoints  TPWS Total Endpoints  
-----                   -------      -------  ---------------------  -------------------      -------      -------  ---------------------  -------------------     --------     --------  ----------------------  --------------------  
clk                                                                                                                                                                   3.000        0.000                       0                     1  
  clk_out1_DCM_PLL       23.862        0.000                      0                  175        0.097        0.000                      0                  175       19.500        0.000                       0                   100  
  clk_out2_DCM_PLL        1.222        0.000                      0                   43        0.195        0.000                      0                   43        1.500        0.000                       0                    40  
  clkfbout_DCM_PLL                                                                                                                                                    7.845        0.000                       0                     3  


------------------------------------------------------------------------------------------------
| Inter Clock Table
| -----------------
------------------------------------------------------------------------------------------------

From Clock        To Clock              WNS(ns)      TNS(ns)  TNS Failing Endpoints  TNS Total Endpoints      WHS(ns)      THS(ns)  THS Failing Endpoints  THS Total Endpoints  
----------        --------              -------      -------  ---------------------  -------------------      -------      -------  ---------------------  -------------------  
clk_out1_DCM_PLL  clk_out2_DCM_PLL        1.196        0.000                      0                   30        0.159        0.000                      0                   30  


------------------------------------------------------------------------------------------------
| Other Path Groups Table
| -----------------------
------------------------------------------------------------------------------------------------

Path Group    From Clock    To Clock          WNS(ns)      TNS(ns)  TNS Failing Endpoints  TNS Total Endpoints      WHS(ns)      THS(ns)  THS Failing Endpoints  THS Total Endpoints  
----------    ----------    --------          -------      -------  ---------------------  -------------------      -------      -------  ---------------------  -------------------  


------------------------------------------------------------------------------------------------
| User Ignored Path Table
| -----------------------
------------------------------------------------------------------------------------------------

Path Group    From Clock    To Clock    
----------    ----------    --------    


------------------------------------------------------------------------------------------------
| Unconstrained Path Table
| ------------------------
------------------------------------------------------------------------------------------------

Path Group        From Clock        To Clock        
----------        ----------        --------        
(none)            clk_out1_DCM_PLL                    
(none)            clk_out2_DCM_PLL                    
(none)            clkfbout_DCM_PLL                    
(none)                              clk_out1_DCM_PLL  


------------------------------------------------------------------------------------------------
| Timing Details
| --------------
------------------------------------------------------------------------------------------------


---------------------------------------------------------------------------------------------------
From Clock:  clk
  To Clock:  clk

Setup :           NA  Failing Endpoints,  Worst Slack           NA  ,  Total Violation           NA
Hold  :           NA  Failing Endpoints,  Worst Slack           NA  ,  Total Violation           NA
PW    :            0  Failing Endpoints,  Worst Slack        3.000ns,  Total Violation        0.000ns
---------------------------------------------------------------------------------------------------


Pulse Width Checks
--------------------------------------------------------------------------------------
Clock Name:         clk
Waveform(ns):       { 0.000 5.000 }
Period(ns):         10.000
Sources:            { clk }

Check Type        Corner  Lib Pin           Reference Pin  Required(ns)  Actual(ns)  Slack(ns)  Location        Pin
Min Period        n/a     PLLE2_ADV/CLKIN1  n/a            1.249         10.000      8.751      PLLE2_ADV_X1Y2  DCM_INST/inst/plle2_adv_inst/CLKIN1
Max Period        n/a     PLLE2_ADV/CLKIN1  n/a            52.633        10.000      42.633     PLLE2_ADV_X1Y2  DCM_INST/inst/plle2_adv_inst/CLKIN1
Low Pulse Width   Slow    PLLE2_ADV/CLKIN1  n/a            2.000         5.000       3.000      PLLE2_ADV_X1Y2  DCM_INST/inst/plle2_adv_inst/CLKIN1
Low Pulse Width   Fast    PLLE2_ADV/CLKIN1  n/a            2.000         5.000       3.000      PLLE2_ADV_X1Y2  DCM_INST/inst/plle2_adv_inst/CLKIN1
High Pulse Width  Slow    PLLE2_ADV/CLKIN1  n/a            2.000         5.000       3.000      PLLE2_ADV_X1Y2  DCM_INST/inst/plle2_adv_inst/CLKIN1
High Pulse Width  Fast    PLLE2_ADV/CLKIN1  n/a            2.000         5.000       3.000      PLLE2_ADV_X1Y2  DCM_INST/inst/plle2_adv_inst/CLKIN1



---------------------------------------------------------------------------------------------------
From Clock:  clk_out1_DCM_PLL
  To Clock:  clk_out1_DCM_PLL

Setup :            0  Failing Endpoints,  Worst Slack       23.862ns,  Total Violation        0.000ns
Hold  :            0  Failing Endpoints,  Worst Slack        0.097ns,  Total Violation        0.000ns
PW    :            0  Failing Endpoints,  Worst Slack       19.500ns,  Total Violation        0.000ns
---------------------------------------------------------------------------------------------------


Max Delay Paths
--------------------------------------------------------------------------------------
Slack (MET) :             23.862ns  (required time - arrival time)
  Source:                 sync_inst/PosX_reg_reg[5]/C
                            (rising edge-triggered cell FDRE clocked by clk_out1_DCM_PLL  {rise@0.000ns fall@20.000ns period=40.000ns})
  Destination:            ROMInst/U0/synth_options.dist_mem_inst/gen_rom.rom_inst/qspo_int_reg[4]/D
                            (rising edge-triggered cell FDRE clocked by clk_out1_DCM_PLL  {rise@0.000ns fall@20.000ns period=40.000ns})
  Path Group:             clk_out1_DCM_PLL
  Path Type:              Setup (Max at Slow Process Corner)
  Requirement:            40.000ns  (clk_out1_DCM_PLL rise@40.000ns - clk_out1_DCM_PLL rise@0.000ns)
  Data Path Delay:        15.939ns  (logic 1.816ns (11.394%)  route 14.123ns (88.606%))
  Logic Levels:           6  (LUT4=1 LUT6=3 MUXF7=2)
  Clock Path Skew:        -0.136ns (DCD - SCD + CPR)
    Destination Clock Delay (DCD):    -2.176ns = ( 37.824 - 40.000 ) 
    Source Clock Delay      (SCD):    -2.555ns
    Clock Pessimism Removal (CPR):    -0.515ns
  Clock Uncertainty:      0.095ns  ((TSJ^2 + DJ^2)^1/2) / 2 + PE
    Total System Jitter     (TSJ):    0.071ns
    Discrete Jitter          (DJ):    0.175ns
    Phase Error              (PE):    0.000ns

    Location             Delay type                Incr(ns)  Path(ns)    Netlist Resource(s)
  -------------------------------------------------------------------    -------------------
                         (clock clk_out1_DCM_PLL rise edge)
                                                      0.000     0.000 r  
    R4                                                0.000     0.000 r  clk (IN)
                         net (fo=0)                   0.000     0.000    DCM_INST/inst/clk_in1
    R4                   IBUF (Prop_ibuf_I_O)         1.488     1.488 r  DCM_INST/inst/clkin1_ibufg/O
                         net (fo=1, routed)           1.253     2.741    DCM_INST/inst/clk_in1_DCM_PLL
    PLLE2_ADV_X1Y2       PLLE2_ADV (Prop_plle2_adv_CLKIN1_CLKOUT0)
                                                     -8.953    -6.212 r  DCM_INST/inst/plle2_adv_inst/CLKOUT0
                         net (fo=1, routed)           1.802    -4.409    DCM_INST/inst/clk_out1_DCM_PLL
    BUFGCTRL_X0Y0        BUFG (Prop_bufg_I_O)         0.096    -4.313 r  DCM_INST/inst/clkout1_buf/O
                         net (fo=99, routed)          1.758    -2.555    sync_inst/CLK
    SLICE_X154Y148       FDRE                                         r  sync_inst/PosX_reg_reg[5]/C
  -------------------------------------------------------------------    -------------------
    SLICE_X154Y148       FDRE (Prop_fdre_C_Q)         0.518    -2.037 r  sync_inst/PosX_reg_reg[5]/Q
                         net (fo=15, routed)          1.091    -0.946    sync_inst/PosX_reg_reg[5]
    SLICE_X153Y148       LUT4 (Prop_lut4_I2_O)        0.124    -0.822 r  sync_inst/ROMInst_i_12/O
                         net (fo=1427, routed)       10.842    10.019    ROMInst/U0/synth_options.dist_mem_inst/gen_rom.rom_inst/a[0]
    SLICE_X142Y161       LUT6 (Prop_lut6_I0_O)        0.124    10.143 r  ROMInst/U0/synth_options.dist_mem_inst/gen_rom.rom_inst/g7_b4/O
                         net (fo=1, routed)           0.000    10.143    ROMInst/U0/synth_options.dist_mem_inst/gen_rom.rom_inst/g7_b4_n_0
    SLICE_X142Y161       MUXF7 (Prop_muxf7_I1_O)      0.214    10.357 r  ROMInst/U0/synth_options.dist_mem_inst/gen_rom.rom_inst/qspo_int_reg[4]_i_38/O
                         net (fo=1, routed)           0.998    11.356    ROMInst/U0/synth_options.dist_mem_inst/gen_rom.rom_inst/qspo_int_reg[4]_i_38_n_0
    SLICE_X142Y160       LUT6 (Prop_lut6_I0_O)        0.297    11.653 r  ROMInst/U0/synth_options.dist_mem_inst/gen_rom.rom_inst/qspo_int[4]_i_12/O
                         net (fo=1, routed)           0.000    11.653    ROMInst/U0/synth_options.dist_mem_inst/gen_rom.rom_inst/qspo_int[4]_i_12_n_0
    SLICE_X142Y160       MUXF7 (Prop_muxf7_I0_O)      0.241    11.894 r  ROMInst/U0/synth_options.dist_mem_inst/gen_rom.rom_inst/qspo_int_reg[4]_i_5/O
                         net (fo=1, routed)           1.192    13.086    ROMInst/U0/synth_options.dist_mem_inst/gen_rom.rom_inst/qspo_int_reg[4]_i_5_n_0
    SLICE_X143Y154       LUT6 (Prop_lut6_I5_O)        0.298    13.384 r  ROMInst/U0/synth_options.dist_mem_inst/gen_rom.rom_inst/qspo_int[4]_i_1/O
                         net (fo=1, routed)           0.000    13.384    ROMInst/U0/synth_options.dist_mem_inst/gen_rom.rom_inst/qspo_int[4]_i_1_n_0
    SLICE_X143Y154       FDRE                                         r  ROMInst/U0/synth_options.dist_mem_inst/gen_rom.rom_inst/qspo_int_reg[4]/D
  -------------------------------------------------------------------    -------------------

                         (clock clk_out1_DCM_PLL rise edge)
                                                     40.000    40.000 r  
    R4                                                0.000    40.000 r  clk (IN)
                         net (fo=0)                   0.000    40.000    DCM_INST/inst/clk_in1
    R4                   IBUF (Prop_ibuf_I_O)         1.417    41.417 r  DCM_INST/inst/clkin1_ibufg/O
                         net (fo=1, routed)           1.181    42.598    DCM_INST/inst/clk_in1_DCM_PLL
    PLLE2_ADV_X1Y2       PLLE2_ADV (Prop_plle2_adv_CLKIN1_CLKOUT0)
                                                     -8.206    34.393 r  DCM_INST/inst/plle2_adv_inst/CLKOUT0
                         net (fo=1, routed)           1.718    36.111    DCM_INST/inst/clk_out1_DCM_PLL
    BUFGCTRL_X0Y0        BUFG (Prop_bufg_I_O)         0.091    36.202 r  DCM_INST/inst/clkout1_buf/O
                         net (fo=99, routed)          1.623    37.824    ROMInst/U0/synth_options.dist_mem_inst/gen_rom.rom_inst/clk
    SLICE_X143Y154       FDRE                                         r  ROMInst/U0/synth_options.dist_mem_inst/gen_rom.rom_inst/qspo_int_reg[4]/C
                         clock pessimism             -0.515    37.309    
                         clock uncertainty           -0.095    37.215    
    SLICE_X143Y154       FDRE (Setup_fdre_C_D)        0.031    37.246    ROMInst/U0/synth_options.dist_mem_inst/gen_rom.rom_inst/qspo_int_reg[4]
  -------------------------------------------------------------------
                         required time                         37.246    
                         arrival time                         -13.384    
  -------------------------------------------------------------------
                         slack                                 23.862    

Slack (MET) :             24.360ns  (required time - arrival time)
  Source:                 sync_inst/PosX_reg_reg[5]/C
                            (rising edge-triggered cell FDRE clocked by clk_out1_DCM_PLL  {rise@0.000ns fall@20.000ns period=40.000ns})
  Destination:            ROMInst/U0/synth_options.dist_mem_inst/gen_rom.rom_inst/qspo_int_reg[1]/D
                            (rising edge-triggered cell FDRE clocked by clk_out1_DCM_PLL  {rise@0.000ns fall@20.000ns period=40.000ns})
  Path Group:             clk_out1_DCM_PLL
  Path Type:              Setup (Max at Slow Process Corner)
  Requirement:            40.000ns  (clk_out1_DCM_PLL rise@40.000ns - clk_out1_DCM_PLL rise@0.000ns)
  Data Path Delay:        15.378ns  (logic 1.818ns (11.822%)  route 13.560ns (88.178%))
  Logic Levels:           6  (LUT4=1 LUT6=3 MUXF7=2)
  Clock Path Skew:        -0.199ns (DCD - SCD + CPR)
    Destination Clock Delay (DCD):    -2.239ns = ( 37.761 - 40.000 ) 
    Source Clock Delay      (SCD):    -2.555ns
    Clock Pessimism Removal (CPR):    -0.515ns
  Clock Uncertainty:      0.095ns  ((TSJ^2 + DJ^2)^1/2) / 2 + PE
    Total System Jitter     (TSJ):    0.071ns
    Discrete Jitter          (DJ):    0.175ns
    Phase Error              (PE):    0.000ns

    Location             Delay type                Incr(ns)  Path(ns)    Netlist Resource(s)
  -------------------------------------------------------------------    -------------------
                         (clock clk_out1_DCM_PLL rise edge)
                                                      0.000     0.000 r  
    R4                                                0.000     0.000 r  clk (IN)
                         net (fo=0)                   0.000     0.000    DCM_INST/inst/clk_in1
    R4                   IBUF (Prop_ibuf_I_O)         1.488     1.488 r  DCM_INST/inst/clkin1_ibufg/O
                         net (fo=1, routed)           1.253     2.741    DCM_INST/inst/clk_in1_DCM_PLL
    PLLE2_ADV_X1Y2       PLLE2_ADV (Prop_plle2_adv_CLKIN1_CLKOUT0)
                                                     -8.953    -6.212 r  DCM_INST/inst/plle2_adv_inst/CLKOUT0
                         net (fo=1, routed)           1.802    -4.409    DCM_INST/inst/clk_out1_DCM_PLL
    BUFGCTRL_X0Y0        BUFG (Prop_bufg_I_O)         0.096    -4.313 r  DCM_INST/inst/clkout1_buf/O
                         net (fo=99, routed)          1.758    -2.555    sync_inst/CLK
    SLICE_X154Y148       FDRE                                         r  sync_inst/PosX_reg_reg[5]/C
  -------------------------------------------------------------------    -------------------
    SLICE_X154Y148       FDRE (Prop_fdre_C_Q)         0.518    -2.037 r  sync_inst/PosX_reg_reg[5]/Q
                         net (fo=15, routed)          1.091    -0.946    sync_inst/PosX_reg_reg[5]
    SLICE_X153Y148       LUT4 (Prop_lut4_I2_O)        0.124    -0.822 r  sync_inst/ROMInst_i_12/O
                         net (fo=1427, routed)       11.110    10.288    ROMInst/U0/synth_options.dist_mem_inst/gen_rom.rom_inst/a[0]
    SLICE_X130Y161       LUT6 (Prop_lut6_I0_O)        0.124    10.412 r  ROMInst/U0/synth_options.dist_mem_inst/gen_rom.rom_inst/g53_b1/O
                         net (fo=1, routed)           0.000    10.412    ROMInst/U0/synth_options.dist_mem_inst/gen_rom.rom_inst/g53_b1_n_0
    SLICE_X130Y161       MUXF7 (Prop_muxf7_I1_O)      0.217    10.629 r  ROMInst/U0/synth_options.dist_mem_inst/gen_rom.rom_inst/qspo_int_reg[1]_i_15/O
                         net (fo=1, routed)           0.429    11.057    ROMInst/U0/synth_options.dist_mem_inst/gen_rom.rom_inst/qspo_int_reg[1]_i_15_n_0
    SLICE_X130Y160       LUT6 (Prop_lut6_I1_O)        0.299    11.356 r  ROMInst/U0/synth_options.dist_mem_inst/gen_rom.rom_inst/qspo_int[1]_i_6/O
                         net (fo=1, routed)           0.000    11.356    ROMInst/U0/synth_options.dist_mem_inst/gen_rom.rom_inst/qspo_int[1]_i_6_n_0
    SLICE_X130Y160       MUXF7 (Prop_muxf7_I0_O)      0.238    11.594 r  ROMInst/U0/synth_options.dist_mem_inst/gen_rom.rom_inst/qspo_int_reg[1]_i_2/O
                         net (fo=1, routed)           0.930    12.525    ROMInst/U0/synth_options.dist_mem_inst/gen_rom.rom_inst/qspo_int_reg[1]_i_2_n_0
    SLICE_X133Y156       LUT6 (Prop_lut6_I0_O)        0.298    12.823 r  ROMInst/U0/synth_options.dist_mem_inst/gen_rom.rom_inst/qspo_int[1]_i_1/O
                         net (fo=1, routed)           0.000    12.823    ROMInst/U0/synth_options.dist_mem_inst/gen_rom.rom_inst/qspo_int[1]_i_1_n_0
    SLICE_X133Y156       FDRE                                         r  ROMInst/U0/synth_options.dist_mem_inst/gen_rom.rom_inst/qspo_int_reg[1]/D
  -------------------------------------------------------------------    -------------------

                         (clock clk_out1_DCM_PLL rise edge)
                                                     40.000    40.000 r  
    R4                                                0.000    40.000 r  clk (IN)
                         net (fo=0)                   0.000    40.000    DCM_INST/inst/clk_in1
    R4                   IBUF (Prop_ibuf_I_O)         1.417    41.417 r  DCM_INST/inst/clkin1_ibufg/O
                         net (fo=1, routed)           1.181    42.598    DCM_INST/inst/clk_in1_DCM_PLL
    PLLE2_ADV_X1Y2       PLLE2_ADV (Prop_plle2_adv_CLKIN1_CLKOUT0)
                                                     -8.206    34.393 r  DCM_INST/inst/plle2_adv_inst/CLKOUT0
                         net (fo=1, routed)           1.718    36.111    DCM_INST/inst/clk_out1_DCM_PLL
    BUFGCTRL_X0Y0        BUFG (Prop_bufg_I_O)         0.091    36.202 r  DCM_INST/inst/clkout1_buf/O
                         net (fo=99, routed)          1.560    37.761    ROMInst/U0/synth_options.dist_mem_inst/gen_rom.rom_inst/clk
    SLICE_X133Y156       FDRE                                         r  ROMInst/U0/synth_options.dist_mem_inst/gen_rom.rom_inst/qspo_int_reg[1]/C
                         clock pessimism             -0.515    37.246    
                         clock uncertainty           -0.095    37.152    
    SLICE_X133Y156       FDRE (Setup_fdre_C_D)        0.031    37.183    ROMInst/U0/synth_options.dist_mem_inst/gen_rom.rom_inst/qspo_int_reg[1]
  -------------------------------------------------------------------
                         required time                         37.183    
                         arrival time                         -12.823    
  -------------------------------------------------------------------
                         slack                                 24.360    

Slack (MET) :             24.875ns  (required time - arrival time)
  Source:                 sync_inst/PosX_reg_reg[5]/C
                            (rising edge-triggered cell FDRE clocked by clk_out1_DCM_PLL  {rise@0.000ns fall@20.000ns period=40.000ns})
  Destination:            ROMInst/U0/synth_options.dist_mem_inst/gen_rom.rom_inst/qspo_int_reg[3]/D
                            (rising edge-triggered cell FDRE clocked by clk_out1_DCM_PLL  {rise@0.000ns fall@20.000ns period=40.000ns})
  Path Group:             clk_out1_DCM_PLL
  Path Type:              Setup (Max at Slow Process Corner)
  Requirement:            40.000ns  (clk_out1_DCM_PLL rise@40.000ns - clk_out1_DCM_PLL rise@0.000ns)
  Data Path Delay:        14.925ns  (logic 1.845ns (12.362%)  route 13.080ns (87.638%))
  Logic Levels:           6  (LUT4=1 LUT6=3 MUXF7=2)
  Clock Path Skew:        -0.136ns (DCD - SCD + CPR)
    Destination Clock Delay (DCD):    -2.176ns = ( 37.824 - 40.000 ) 
    Source Clock Delay      (SCD):    -2.555ns
    Clock Pessimism Removal (CPR):    -0.515ns
  Clock Uncertainty:      0.095ns  ((TSJ^2 + DJ^2)^1/2) / 2 + PE
    Total System Jitter     (TSJ):    0.071ns
    Discrete Jitter          (DJ):    0.175ns
    Phase Error              (PE):    0.000ns

    Location             Delay type                Incr(ns)  Path(ns)    Netlist Resource(s)
  -------------------------------------------------------------------    -------------------
                         (clock clk_out1_DCM_PLL rise edge)
                                                      0.000     0.000 r  
    R4                                                0.000     0.000 r  clk (IN)
                         net (fo=0)                   0.000     0.000    DCM_INST/inst/clk_in1
    R4                   IBUF (Prop_ibuf_I_O)         1.488     1.488 r  DCM_INST/inst/clkin1_ibufg/O
                         net (fo=1, routed)           1.253     2.741    DCM_INST/inst/clk_in1_DCM_PLL
    PLLE2_ADV_X1Y2       PLLE2_ADV (Prop_plle2_adv_CLKIN1_CLKOUT0)
                                                     -8.953    -6.212 r  DCM_INST/inst/plle2_adv_inst/CLKOUT0
                         net (fo=1, routed)           1.802    -4.409    DCM_INST/inst/clk_out1_DCM_PLL
    BUFGCTRL_X0Y0        BUFG (Prop_bufg_I_O)         0.096    -4.313 r  DCM_INST/inst/clkout1_buf/O
                         net (fo=99, routed)          1.758    -2.555    sync_inst/CLK
    SLICE_X154Y148       FDRE                                         r  sync_inst/PosX_reg_reg[5]/C
  -------------------------------------------------------------------    -------------------
    SLICE_X154Y148       FDRE (Prop_fdre_C_Q)         0.518    -2.037 r  sync_inst/PosX_reg_reg[5]/Q
                         net (fo=15, routed)          1.091    -0.946    sync_inst/PosX_reg_reg[5]
    SLICE_X153Y148       LUT4 (Prop_lut4_I2_O)        0.124    -0.822 r  sync_inst/ROMInst_i_12/O
                         net (fo=1427, routed)       10.215     9.393    ROMInst/U0/synth_options.dist_mem_inst/gen_rom.rom_inst/a[0]
    SLICE_X141Y159       LUT6 (Prop_lut6_I0_O)        0.124     9.517 r  ROMInst/U0/synth_options.dist_mem_inst/gen_rom.rom_inst/g1_b3/O
                         net (fo=1, routed)           0.000     9.517    ROMInst/U0/synth_options.dist_mem_inst/gen_rom.rom_inst/g1_b3_n_0
    SLICE_X141Y159       MUXF7 (Prop_muxf7_I1_O)      0.245     9.762 r  ROMInst/U0/synth_options.dist_mem_inst/gen_rom.rom_inst/qspo_int_reg[3]_i_41/O
                         net (fo=1, routed)           0.961    10.722    ROMInst/U0/synth_options.dist_mem_inst/gen_rom.rom_inst/qspo_int_reg[3]_i_41_n_0
    SLICE_X141Y158       LUT6 (Prop_lut6_I5_O)        0.298    11.020 r  ROMInst/U0/synth_options.dist_mem_inst/gen_rom.rom_inst/qspo_int[3]_i_12/O
                         net (fo=1, routed)           0.000    11.020    ROMInst/U0/synth_options.dist_mem_inst/gen_rom.rom_inst/qspo_int[3]_i_12_n_0
    SLICE_X141Y158       MUXF7 (Prop_muxf7_I0_O)      0.238    11.258 r  ROMInst/U0/synth_options.dist_mem_inst/gen_rom.rom_inst/qspo_int_reg[3]_i_5/O
                         net (fo=1, routed)           0.814    12.072    ROMInst/U0/synth_options.dist_mem_inst/gen_rom.rom_inst/qspo_int_reg[3]_i_5_n_0
    SLICE_X141Y156       LUT6 (Prop_lut6_I5_O)        0.298    12.370 r  ROMInst/U0/synth_options.dist_mem_inst/gen_rom.rom_inst/qspo_int[3]_i_1/O
                         net (fo=1, routed)           0.000    12.370    ROMInst/U0/synth_options.dist_mem_inst/gen_rom.rom_inst/qspo_int[3]_i_1_n_0
    SLICE_X141Y156       FDRE                                         r  ROMInst/U0/synth_options.dist_mem_inst/gen_rom.rom_inst/qspo_int_reg[3]/D
  -------------------------------------------------------------------    -------------------

                         (clock clk_out1_DCM_PLL rise edge)
                                                     40.000    40.000 r  
    R4                                                0.000    40.000 r  clk (IN)
                         net (fo=0)                   0.000    40.000    DCM_INST/inst/clk_in1
    R4                   IBUF (Prop_ibuf_I_O)         1.417    41.417 r  DCM_INST/inst/clkin1_ibufg/O
                         net (fo=1, routed)           1.181    42.598    DCM_INST/inst/clk_in1_DCM_PLL
    PLLE2_ADV_X1Y2       PLLE2_ADV (Prop_plle2_adv_CLKIN1_CLKOUT0)
                                                     -8.206    34.393 r  DCM_INST/inst/plle2_adv_inst/CLKOUT0
                         net (fo=1, routed)           1.718    36.111    DCM_INST/inst/clk_out1_DCM_PLL
    BUFGCTRL_X0Y0        BUFG (Prop_bufg_I_O)         0.091    36.202 r  DCM_INST/inst/clkout1_buf/O
                         net (fo=99, routed)          1.623    37.824    ROMInst/U0/synth_options.dist_mem_inst/gen_rom.rom_inst/clk
    SLICE_X141Y156       FDRE                                         r  ROMInst/U0/synth_options.dist_mem_inst/gen_rom.rom_inst/qspo_int_reg[3]/C
                         clock pessimism             -0.515    37.309    
                         clock uncertainty           -0.095    37.215    
    SLICE_X141Y156       FDRE (Setup_fdre_C_D)        0.031    37.246    ROMInst/U0/synth_options.dist_mem_inst/gen_rom.rom_inst/qspo_int_reg[3]
  -------------------------------------------------------------------
                         required time                         37.246    
                         arrival time                         -12.370    
  -------------------------------------------------------------------
                         slack                                 24.875    

Slack (MET) :             24.986ns  (required time - arrival time)
  Source:                 sync_inst/PosX_reg_reg[1]/C
                            (rising edge-triggered cell FDRE clocked by clk_out1_DCM_PLL  {rise@0.000ns fall@20.000ns period=40.000ns})
  Destination:            ROMInst/U0/synth_options.dist_mem_inst/gen_rom.rom_inst/qspo_int_reg[7]/D
                            (rising edge-triggered cell FDRE clocked by clk_out1_DCM_PLL  {rise@0.000ns fall@20.000ns period=40.000ns})
  Path Group:             clk_out1_DCM_PLL
  Path Type:              Setup (Max at Slow Process Corner)
  Requirement:            40.000ns  (clk_out1_DCM_PLL rise@40.000ns - clk_out1_DCM_PLL rise@0.000ns)
  Data Path Delay:        14.875ns  (logic 2.013ns (13.533%)  route 12.862ns (86.467%))
  Logic Levels:           6  (LUT4=1 LUT5=1 LUT6=2 MUXF7=2)
  Clock Path Skew:        -0.109ns (DCD - SCD + CPR)
    Destination Clock Delay (DCD):    -2.229ns = ( 37.771 - 40.000 ) 
    Source Clock Delay      (SCD):    -2.555ns
    Clock Pessimism Removal (CPR):    -0.435ns
  Clock Uncertainty:      0.095ns  ((TSJ^2 + DJ^2)^1/2) / 2 + PE
    Total System Jitter     (TSJ):    0.071ns
    Discrete Jitter          (DJ):    0.175ns
    Phase Error              (PE):    0.000ns

    Location             Delay type                Incr(ns)  Path(ns)    Netlist Resource(s)
  -------------------------------------------------------------------    -------------------
                         (clock clk_out1_DCM_PLL rise edge)
                                                      0.000     0.000 r  
    R4                                                0.000     0.000 r  clk (IN)
                         net (fo=0)                   0.000     0.000    DCM_INST/inst/clk_in1
    R4                   IBUF (Prop_ibuf_I_O)         1.488     1.488 r  DCM_INST/inst/clkin1_ibufg/O
                         net (fo=1, routed)           1.253     2.741    DCM_INST/inst/clk_in1_DCM_PLL
    PLLE2_ADV_X1Y2       PLLE2_ADV (Prop_plle2_adv_CLKIN1_CLKOUT0)
                                                     -8.953    -6.212 r  DCM_INST/inst/plle2_adv_inst/CLKOUT0
                         net (fo=1, routed)           1.802    -4.409    DCM_INST/inst/clk_out1_DCM_PLL
    BUFGCTRL_X0Y0        BUFG (Prop_bufg_I_O)         0.096    -4.313 r  DCM_INST/inst/clkout1_buf/O
                         net (fo=99, routed)          1.758    -2.555    sync_inst/CLK
    SLICE_X154Y149       FDRE                                         r  sync_inst/PosX_reg_reg[1]/C
  -------------------------------------------------------------------    -------------------
    SLICE_X154Y149       FDRE (Prop_fdre_C_Q)         0.478    -2.077 r  sync_inst/PosX_reg_reg[1]/Q
                         net (fo=7, routed)           0.852    -1.225    sync_inst/PosX_reg_reg[1]
    SLICE_X154Y148       LUT4 (Prop_lut4_I0_O)        0.328    -0.897 r  sync_inst/ROMInst_i_11/O
                         net (fo=1445, routed)       10.553     9.656    ROMInst/U0/synth_options.dist_mem_inst/gen_rom.rom_inst/a[1]
    SLICE_X118Y148       LUT6 (Prop_lut6_I1_O)        0.355    10.011 r  ROMInst/U0/synth_options.dist_mem_inst/gen_rom.rom_inst/g25_b7/O
                         net (fo=1, routed)           0.000    10.011    ROMInst/U0/synth_options.dist_mem_inst/gen_rom.rom_inst/g25_b7_n_0
    SLICE_X118Y148       MUXF7 (Prop_muxf7_I1_O)      0.217    10.228 r  ROMInst/U0/synth_options.dist_mem_inst/gen_rom.rom_inst/qspo_int_reg[7]_i_13/O
                         net (fo=1, routed)           0.661    10.890    ROMInst/U0/synth_options.dist_mem_inst/gen_rom.rom_inst/qspo_int_reg[7]_i_13_n_0
    SLICE_X119Y148       LUT6 (Prop_lut6_I5_O)        0.299    11.189 r  ROMInst/U0/synth_options.dist_mem_inst/gen_rom.rom_inst/qspo_int[7]_i_4/O
                         net (fo=1, routed)           0.795    11.984    ROMInst/U0/synth_options.dist_mem_inst/gen_rom.rom_inst/qspo_int[7]_i_4_n_0
    SLICE_X123Y148       LUT5 (Prop_lut5_I0_O)        0.124    12.108 r  ROMInst/U0/synth_options.dist_mem_inst/gen_rom.rom_inst/qspo_int[7]_i_2/O
                         net (fo=1, routed)           0.000    12.108    ROMInst/U0/synth_options.dist_mem_inst/gen_rom.rom_inst/qspo_int[7]_i_2_n_0
    SLICE_X123Y148       MUXF7 (Prop_muxf7_I0_O)      0.212    12.320 r  ROMInst/U0/synth_options.dist_mem_inst/gen_rom.rom_inst/qspo_int_reg[7]_i_1/O
                         net (fo=1, routed)           0.000    12.320    ROMInst/U0/synth_options.dist_mem_inst/gen_rom.rom_inst/qspo_int_reg[7]_i_1_n_0
    SLICE_X123Y148       FDRE                                         r  ROMInst/U0/synth_options.dist_mem_inst/gen_rom.rom_inst/qspo_int_reg[7]/D
  -------------------------------------------------------------------    -------------------

                         (clock clk_out1_DCM_PLL rise edge)
                                                     40.000    40.000 r  
    R4                                                0.000    40.000 r  clk (IN)
                         net (fo=0)                   0.000    40.000    DCM_INST/inst/clk_in1
    R4                   IBUF (Prop_ibuf_I_O)         1.417    41.417 r  DCM_INST/inst/clkin1_ibufg/O
                         net (fo=1, routed)           1.181    42.598    DCM_INST/inst/clk_in1_DCM_PLL
    PLLE2_ADV_X1Y2       PLLE2_ADV (Prop_plle2_adv_CLKIN1_CLKOUT0)
                                                     -8.206    34.393 r  DCM_INST/inst/plle2_adv_inst/CLKOUT0
                         net (fo=1, routed)           1.718    36.111    DCM_INST/inst/clk_out1_DCM_PLL
    BUFGCTRL_X0Y0        BUFG (Prop_bufg_I_O)         0.091    36.202 r  DCM_INST/inst/clkout1_buf/O
                         net (fo=99, routed)          1.569    37.771    ROMInst/U0/synth_options.dist_mem_inst/gen_rom.rom_inst/clk
    SLICE_X123Y148       FDRE                                         r  ROMInst/U0/synth_options.dist_mem_inst/gen_rom.rom_inst/qspo_int_reg[7]/C
                         clock pessimism             -0.435    37.336    
                         clock uncertainty           -0.095    37.241    
    SLICE_X123Y148       FDRE (Setup_fdre_C_D)        0.064    37.305    ROMInst/U0/synth_options.dist_mem_inst/gen_rom.rom_inst/qspo_int_reg[7]
  -------------------------------------------------------------------
                         required time                         37.305    
                         arrival time                         -12.320    
  -------------------------------------------------------------------
                         slack                                 24.986    

Slack (MET) :             25.073ns  (required time - arrival time)
  Source:                 sync_inst/PosX_reg_reg[8]/C
                            (rising edge-triggered cell FDRE clocked by clk_out1_DCM_PLL  {rise@0.000ns fall@20.000ns period=40.000ns})
  Destination:            TMDS_inst/encode_blue/cnt_reg[7]/D
                            (rising edge-triggered cell FDRE clocked by clk_out1_DCM_PLL  {rise@0.000ns fall@20.000ns period=40.000ns})
  Path Group:             clk_out1_DCM_PLL
  Path Type:              Setup (Max at Slow Process Corner)
  Requirement:            40.000ns  (clk_out1_DCM_PLL rise@40.000ns - clk_out1_DCM_PLL rise@0.000ns)
  Data Path Delay:        14.809ns  (logic 4.153ns (28.043%)  route 10.656ns (71.957%))
  Logic Levels:           15  (CARRY4=3 LUT2=2 LUT3=1 LUT4=2 LUT5=2 LUT6=5)
  Clock Path Skew:        -0.133ns (DCD - SCD + CPR)
    Destination Clock Delay (DCD):    -2.173ns = ( 37.827 - 40.000 ) 
    Source Clock Delay      (SCD):    -2.555ns
    Clock Pessimism Removal (CPR):    -0.515ns
  Clock Uncertainty:      0.095ns  ((TSJ^2 + DJ^2)^1/2) / 2 + PE
    Total System Jitter     (TSJ):    0.071ns
    Discrete Jitter          (DJ):    0.175ns
    Phase Error              (PE):    0.000ns

    Location             Delay type                Incr(ns)  Path(ns)    Netlist Resource(s)
  -------------------------------------------------------------------    -------------------
                         (clock clk_out1_DCM_PLL rise edge)
                                                      0.000     0.000 r  
    R4                                                0.000     0.000 r  clk (IN)
                         net (fo=0)                   0.000     0.000    DCM_INST/inst/clk_in1
    R4                   IBUF (Prop_ibuf_I_O)         1.488     1.488 r  DCM_INST/inst/clkin1_ibufg/O
                         net (fo=1, routed)           1.253     2.741    DCM_INST/inst/clk_in1_DCM_PLL
    PLLE2_ADV_X1Y2       PLLE2_ADV (Prop_plle2_adv_CLKIN1_CLKOUT0)
                                                     -8.953    -6.212 r  DCM_INST/inst/plle2_adv_inst/CLKOUT0
                         net (fo=1, routed)           1.802    -4.409    DCM_INST/inst/clk_out1_DCM_PLL
    BUFGCTRL_X0Y0        BUFG (Prop_bufg_I_O)         0.096    -4.313 r  DCM_INST/inst/clkout1_buf/O
                         net (fo=99, routed)          1.758    -2.555    sync_inst/CLK
    SLICE_X155Y148       FDRE                                         r  sync_inst/PosX_reg_reg[8]/C
  -------------------------------------------------------------------    -------------------
    SLICE_X155Y148       FDRE (Prop_fdre_C_Q)         0.419    -2.136 r  sync_inst/PosX_reg_reg[8]/Q
                         net (fo=6, routed)           0.870    -1.266    sync_inst/PosX_reg_reg[8]
    SLICE_X153Y148       LUT6 (Prop_lut6_I0_O)        0.299    -0.967 r  sync_inst/TMDS_inst_i_33/O
                         net (fo=1, routed)           0.594    -0.373    sync_inst/TMDS_inst_i_33_n_0
    SLICE_X152Y150       LUT6 (Prop_lut6_I0_O)        0.124    -0.249 r  sync_inst/TMDS_inst_i_28/O
                         net (fo=24, routed)          0.981     0.732    sync_inst/TMDS_inst_i_28_n_0
    SLICE_X141Y151       LUT2 (Prop_lut2_I1_O)        0.118     0.850 r  sync_inst/TMDS_inst_i_22/O
                         net (fo=9, routed)           1.270     2.120    TMDS_inst/encode_blue/blue_IBUF[2]
    SLICE_X142Y150       LUT5 (Prop_lut5_I1_O)        0.326     2.446 r  TMDS_inst/encode_blue/q[4]_i_2/O
                         net (fo=14, routed)          1.157     3.603    TMDS_inst/encode_blue/q[4]_i_2_n_0
    SLICE_X143Y148       LUT3 (Prop_lut3_I1_O)        0.152     3.755 r  TMDS_inst/encode_blue/q[6]_i_2/O
                         net (fo=15, routed)          1.090     4.846    TMDS_inst/encode_blue/numbercnt_d_inst/q_reg[6]
    SLICE_X140Y149       LUT6 (Prop_lut6_I0_O)        0.332     5.178 f  TMDS_inst/encode_blue/numbercnt_d_inst/q[7]_i_2/O
                         net (fo=8, routed)           0.792     5.969    TMDS_inst/encode_blue/numbercnt_q_inst/cnt0__0_carry_i_3_0
    SLICE_X141Y150       LUT6 (Prop_lut6_I1_O)        0.124     6.093 r  TMDS_inst/encode_blue/numbercnt_q_inst/cnt0__0_carry_i_29/O
                         net (fo=1, routed)           0.433     6.527    TMDS_inst/encode_blue/numbercnt_q_inst/cnt0__0_carry_i_29_n_0
    SLICE_X141Y150       LUT5 (Prop_lut5_I4_O)        0.124     6.651 r  TMDS_inst/encode_blue/numbercnt_q_inst/cnt0__0_carry_i_19/O
                         net (fo=5, routed)           1.157     7.807    TMDS_inst/encode_blue/numbercnt_d_inst/i__carry_i_9_0
    SLICE_X145Y148       LUT2 (Prop_lut2_I1_O)        0.124     7.931 f  TMDS_inst/encode_blue/numbercnt_d_inst/cnt0__0_carry_i_9/O
                         net (fo=6, routed)           1.012     8.944    TMDS_inst/encode_blue/numbercnt_d_inst/cnt0__0_carry_i_9_n_0
    SLICE_X145Y149       LUT4 (Prop_lut4_I3_O)        0.154     9.098 r  TMDS_inst/encode_blue/numbercnt_d_inst/cnt0__0_carry_i_1__0/O
                         net (fo=2, routed)           0.690     9.787    TMDS_inst/encode_blue/numbercnt_d_inst/cnt_reg[2][1]
    SLICE_X145Y149       LUT4 (Prop_lut4_I0_O)        0.327    10.114 r  TMDS_inst/encode_blue/numbercnt_d_inst/cnt0__0_carry_i_4/O
                         net (fo=1, routed)           0.000    10.114    TMDS_inst/encode_blue/numbercnt_d_inst_n_31
    SLICE_X145Y149       CARRY4 (Prop_carry4_S[3]_CO[3])
                                                      0.401    10.515 r  TMDS_inst/encode_blue/cnt0__0_carry/CO[3]
                         net (fo=1, routed)           0.001    10.516    TMDS_inst/encode_blue/cnt0__0_carry_n_0
    SLICE_X145Y150       CARRY4 (Prop_carry4_CI_O[0])
                                                      0.222    10.738 r  TMDS_inst/encode_blue/cnt0__0_carry__0/O[0]
                         net (fo=1, routed)           0.609    11.347    TMDS_inst/encode_blue/numbercnt_d_inst/cnt0[4]
    SLICE_X144Y150       LUT6 (Prop_lut6_I5_O)        0.299    11.646 r  TMDS_inst/encode_blue/numbercnt_d_inst/i__carry__0_i_7/O
                         net (fo=1, routed)           0.000    11.646    TMDS_inst/encode_blue/numbercnt_d_inst_n_14
    SLICE_X144Y150       CARRY4 (Prop_carry4_S[0]_O[3])
                                                      0.608    12.254 r  TMDS_inst/encode_blue/cnt_inferred__1/i__carry__0/O[3]
                         net (fo=1, routed)           0.000    12.254    TMDS_inst/encode_blue/cnt_inferred__1/i__carry__0_n_4
    SLICE_X144Y150       FDRE                                         r  TMDS_inst/encode_blue/cnt_reg[7]/D
  -------------------------------------------------------------------    -------------------

                         (clock clk_out1_DCM_PLL rise edge)
                                                     40.000    40.000 r  
    R4                                                0.000    40.000 r  clk (IN)
                         net (fo=0)                   0.000    40.000    DCM_INST/inst/clk_in1
    R4                   IBUF (Prop_ibuf_I_O)         1.417    41.417 r  DCM_INST/inst/clkin1_ibufg/O
                         net (fo=1, routed)           1.181    42.598    DCM_INST/inst/clk_in1_DCM_PLL
    PLLE2_ADV_X1Y2       PLLE2_ADV (Prop_plle2_adv_CLKIN1_CLKOUT0)
                                                     -8.206    34.393 r  DCM_INST/inst/plle2_adv_inst/CLKOUT0
                         net (fo=1, routed)           1.718    36.111    DCM_INST/inst/clk_out1_DCM_PLL
    BUFGCTRL_X0Y0        BUFG (Prop_bufg_I_O)         0.091    36.202 r  DCM_INST/inst/clkout1_buf/O
                         net (fo=99, routed)          1.626    37.827    TMDS_inst/encode_blue/pixel_clk_IBUF_BUFG
    SLICE_X144Y150       FDRE                                         r  TMDS_inst/encode_blue/cnt_reg[7]/C
                         clock pessimism             -0.515    37.312    
                         clock uncertainty           -0.095    37.218    
    SLICE_X144Y150       FDRE (Setup_fdre_C_D)        0.109    37.327    TMDS_inst/encode_blue/cnt_reg[7]
  -------------------------------------------------------------------
                         required time                         37.327    
                         arrival time                         -12.254    
  -------------------------------------------------------------------
                         slack                                 25.073    

Slack (MET) :             25.137ns  (required time - arrival time)
  Source:                 sync_inst/PosX_reg_reg[8]/C
                            (rising edge-triggered cell FDRE clocked by clk_out1_DCM_PLL  {rise@0.000ns fall@20.000ns period=40.000ns})
  Destination:            TMDS_inst/encode_blue/cnt_reg[6]/D
                            (rising edge-triggered cell FDRE clocked by clk_out1_DCM_PLL  {rise@0.000ns fall@20.000ns period=40.000ns})
  Path Group:             clk_out1_DCM_PLL
  Path Type:              Setup (Max at Slow Process Corner)
  Requirement:            40.000ns  (clk_out1_DCM_PLL rise@40.000ns - clk_out1_DCM_PLL rise@0.000ns)
  Data Path Delay:        14.745ns  (logic 4.089ns (27.731%)  route 10.656ns (72.269%))
  Logic Levels:           15  (CARRY4=3 LUT2=2 LUT3=1 LUT4=2 LUT5=2 LUT6=5)
  Clock Path Skew:        -0.133ns (DCD - SCD + CPR)
    Destination Clock Delay (DCD):    -2.173ns = ( 37.827 - 40.000 ) 
    Source Clock Delay      (SCD):    -2.555ns
    Clock Pessimism Removal (CPR):    -0.515ns
  Clock Uncertainty:      0.095ns  ((TSJ^2 + DJ^2)^1/2) / 2 + PE
    Total System Jitter     (TSJ):    0.071ns
    Discrete Jitter          (DJ):    0.175ns
    Phase Error              (PE):    0.000ns

    Location             Delay type                Incr(ns)  Path(ns)    Netlist Resource(s)
  -------------------------------------------------------------------    -------------------
                         (clock clk_out1_DCM_PLL rise edge)
                                                      0.000     0.000 r  
    R4                                                0.000     0.000 r  clk (IN)
                         net (fo=0)                   0.000     0.000    DCM_INST/inst/clk_in1
    R4                   IBUF (Prop_ibuf_I_O)         1.488     1.488 r  DCM_INST/inst/clkin1_ibufg/O
                         net (fo=1, routed)           1.253     2.741    DCM_INST/inst/clk_in1_DCM_PLL
    PLLE2_ADV_X1Y2       PLLE2_ADV (Prop_plle2_adv_CLKIN1_CLKOUT0)
                                                     -8.953    -6.212 r  DCM_INST/inst/plle2_adv_inst/CLKOUT0
                         net (fo=1, routed)           1.802    -4.409    DCM_INST/inst/clk_out1_DCM_PLL
    BUFGCTRL_X0Y0        BUFG (Prop_bufg_I_O)         0.096    -4.313 r  DCM_INST/inst/clkout1_buf/O
                         net (fo=99, routed)          1.758    -2.555    sync_inst/CLK
    SLICE_X155Y148       FDRE                                         r  sync_inst/PosX_reg_reg[8]/C
  -------------------------------------------------------------------    -------------------
    SLICE_X155Y148       FDRE (Prop_fdre_C_Q)         0.419    -2.136 r  sync_inst/PosX_reg_reg[8]/Q
                         net (fo=6, routed)           0.870    -1.266    sync_inst/PosX_reg_reg[8]
    SLICE_X153Y148       LUT6 (Prop_lut6_I0_O)        0.299    -0.967 r  sync_inst/TMDS_inst_i_33/O
                         net (fo=1, routed)           0.594    -0.373    sync_inst/TMDS_inst_i_33_n_0
    SLICE_X152Y150       LUT6 (Prop_lut6_I0_O)        0.124    -0.249 r  sync_inst/TMDS_inst_i_28/O
                         net (fo=24, routed)          0.981     0.732    sync_inst/TMDS_inst_i_28_n_0
    SLICE_X141Y151       LUT2 (Prop_lut2_I1_O)        0.118     0.850 r  sync_inst/TMDS_inst_i_22/O
                         net (fo=9, routed)           1.270     2.120    TMDS_inst/encode_blue/blue_IBUF[2]
    SLICE_X142Y150       LUT5 (Prop_lut5_I1_O)        0.326     2.446 r  TMDS_inst/encode_blue/q[4]_i_2/O
                         net (fo=14, routed)          1.157     3.603    TMDS_inst/encode_blue/q[4]_i_2_n_0
    SLICE_X143Y148       LUT3 (Prop_lut3_I1_O)        0.152     3.755 r  TMDS_inst/encode_blue/q[6]_i_2/O
                         net (fo=15, routed)          1.090     4.846    TMDS_inst/encode_blue/numbercnt_d_inst/q_reg[6]
    SLICE_X140Y149       LUT6 (Prop_lut6_I0_O)        0.332     5.178 f  TMDS_inst/encode_blue/numbercnt_d_inst/q[7]_i_2/O
                         net (fo=8, routed)           0.792     5.969    TMDS_inst/encode_blue/numbercnt_q_inst/cnt0__0_carry_i_3_0
    SLICE_X141Y150       LUT6 (Prop_lut6_I1_O)        0.124     6.093 r  TMDS_inst/encode_blue/numbercnt_q_inst/cnt0__0_carry_i_29/O
                         net (fo=1, routed)           0.433     6.527    TMDS_inst/encode_blue/numbercnt_q_inst/cnt0__0_carry_i_29_n_0
    SLICE_X141Y150       LUT5 (Prop_lut5_I4_O)        0.124     6.651 r  TMDS_inst/encode_blue/numbercnt_q_inst/cnt0__0_carry_i_19/O
                         net (fo=5, routed)           1.157     7.807    TMDS_inst/encode_blue/numbercnt_d_inst/i__carry_i_9_0
    SLICE_X145Y148       LUT2 (Prop_lut2_I1_O)        0.124     7.931 f  TMDS_inst/encode_blue/numbercnt_d_inst/cnt0__0_carry_i_9/O
                         net (fo=6, routed)           1.012     8.944    TMDS_inst/encode_blue/numbercnt_d_inst/cnt0__0_carry_i_9_n_0
    SLICE_X145Y149       LUT4 (Prop_lut4_I3_O)        0.154     9.098 r  TMDS_inst/encode_blue/numbercnt_d_inst/cnt0__0_carry_i_1__0/O
                         net (fo=2, routed)           0.690     9.787    TMDS_inst/encode_blue/numbercnt_d_inst/cnt_reg[2][1]
    SLICE_X145Y149       LUT4 (Prop_lut4_I0_O)        0.327    10.114 r  TMDS_inst/encode_blue/numbercnt_d_inst/cnt0__0_carry_i_4/O
                         net (fo=1, routed)           0.000    10.114    TMDS_inst/encode_blue/numbercnt_d_inst_n_31
    SLICE_X145Y149       CARRY4 (Prop_carry4_S[3]_CO[3])
                                                      0.401    10.515 r  TMDS_inst/encode_blue/cnt0__0_carry/CO[3]
                         net (fo=1, routed)           0.001    10.516    TMDS_inst/encode_blue/cnt0__0_carry_n_0
    SLICE_X145Y150       CARRY4 (Prop_carry4_CI_O[0])
                                                      0.222    10.738 r  TMDS_inst/encode_blue/cnt0__0_carry__0/O[0]
                         net (fo=1, routed)           0.609    11.347    TMDS_inst/encode_blue/numbercnt_d_inst/cnt0[4]
    SLICE_X144Y150       LUT6 (Prop_lut6_I5_O)        0.299    11.646 r  TMDS_inst/encode_blue/numbercnt_d_inst/i__carry__0_i_7/O
                         net (fo=1, routed)           0.000    11.646    TMDS_inst/encode_blue/numbercnt_d_inst_n_14
    SLICE_X144Y150       CARRY4 (Prop_carry4_S[0]_O[2])
                                                      0.544    12.190 r  TMDS_inst/encode_blue/cnt_inferred__1/i__carry__0/O[2]
                         net (fo=1, routed)           0.000    12.190    TMDS_inst/encode_blue/cnt_inferred__1/i__carry__0_n_5
    SLICE_X144Y150       FDRE                                         r  TMDS_inst/encode_blue/cnt_reg[6]/D
  -------------------------------------------------------------------    -------------------

                         (clock clk_out1_DCM_PLL rise edge)
                                                     40.000    40.000 r  
    R4                                                0.000    40.000 r  clk (IN)
                         net (fo=0)                   0.000    40.000    DCM_INST/inst/clk_in1
    R4                   IBUF (Prop_ibuf_I_O)         1.417    41.417 r  DCM_INST/inst/clkin1_ibufg/O
                         net (fo=1, routed)           1.181    42.598    DCM_INST/inst/clk_in1_DCM_PLL
    PLLE2_ADV_X1Y2       PLLE2_ADV (Prop_plle2_adv_CLKIN1_CLKOUT0)
                                                     -8.206    34.393 r  DCM_INST/inst/plle2_adv_inst/CLKOUT0
                         net (fo=1, routed)           1.718    36.111    DCM_INST/inst/clk_out1_DCM_PLL
    BUFGCTRL_X0Y0        BUFG (Prop_bufg_I_O)         0.091    36.202 r  DCM_INST/inst/clkout1_buf/O
                         net (fo=99, routed)          1.626    37.827    TMDS_inst/encode_blue/pixel_clk_IBUF_BUFG
    SLICE_X144Y150       FDRE                                         r  TMDS_inst/encode_blue/cnt_reg[6]/C
                         clock pessimism             -0.515    37.312    
                         clock uncertainty           -0.095    37.218    
    SLICE_X144Y150       FDRE (Setup_fdre_C_D)        0.109    37.327    TMDS_inst/encode_blue/cnt_reg[6]
  -------------------------------------------------------------------
                         required time                         37.327    
                         arrival time                         -12.190    
  -------------------------------------------------------------------
                         slack                                 25.137    

Slack (MET) :             25.143ns  (required time - arrival time)
  Source:                 sync_inst/PosX_reg_reg[5]/C
                            (rising edge-triggered cell FDRE clocked by clk_out1_DCM_PLL  {rise@0.000ns fall@20.000ns period=40.000ns})
  Destination:            ROMInst/U0/synth_options.dist_mem_inst/gen_rom.rom_inst/qspo_int_reg[20]/D
                            (rising edge-triggered cell FDRE clocked by clk_out1_DCM_PLL  {rise@0.000ns fall@20.000ns period=40.000ns})
  Path Group:             clk_out1_DCM_PLL
  Path Type:              Setup (Max at Slow Process Corner)
  Requirement:            40.000ns  (clk_out1_DCM_PLL rise@40.000ns - clk_out1_DCM_PLL rise@0.000ns)
  Data Path Delay:        14.684ns  (logic 2.055ns (13.995%)  route 12.629ns (86.005%))
  Logic Levels:           6  (LUT3=1 LUT6=3 MUXF7=2)
  Clock Path Skew:        -0.110ns (DCD - SCD + CPR)
    Destination Clock Delay (DCD):    -2.230ns = ( 37.770 - 40.000 ) 
    Source Clock Delay      (SCD):    -2.555ns
    Clock Pessimism Removal (CPR):    -0.435ns
  Clock Uncertainty:      0.095ns  ((TSJ^2 + DJ^2)^1/2) / 2 + PE
    Total System Jitter     (TSJ):    0.071ns
    Discrete Jitter          (DJ):    0.175ns
    Phase Error              (PE):    0.000ns

    Location             Delay type                Incr(ns)  Path(ns)    Netlist Resource(s)
  -------------------------------------------------------------------    -------------------
                         (clock clk_out1_DCM_PLL rise edge)
                                                      0.000     0.000 r  
    R4                                                0.000     0.000 r  clk (IN)
                         net (fo=0)                   0.000     0.000    DCM_INST/inst/clk_in1
    R4                   IBUF (Prop_ibuf_I_O)         1.488     1.488 r  DCM_INST/inst/clkin1_ibufg/O
                         net (fo=1, routed)           1.253     2.741    DCM_INST/inst/clk_in1_DCM_PLL
    PLLE2_ADV_X1Y2       PLLE2_ADV (Prop_plle2_adv_CLKIN1_CLKOUT0)
                                                     -8.953    -6.212 r  DCM_INST/inst/plle2_adv_inst/CLKOUT0
                         net (fo=1, routed)           1.802    -4.409    DCM_INST/inst/clk_out1_DCM_PLL
    BUFGCTRL_X0Y0        BUFG (Prop_bufg_I_O)         0.096    -4.313 r  DCM_INST/inst/clkout1_buf/O
                         net (fo=99, routed)          1.758    -2.555    sync_inst/CLK
    SLICE_X154Y148       FDRE                                         r  sync_inst/PosX_reg_reg[5]/C
  -------------------------------------------------------------------    -------------------
    SLICE_X154Y148       FDRE (Prop_fdre_C_Q)         0.518    -2.037 r  sync_inst/PosX_reg_reg[5]/Q
                         net (fo=15, routed)          1.091    -0.946    sync_inst/PosX_reg_reg[5]
    SLICE_X153Y148       LUT3 (Prop_lut3_I0_O)        0.152    -0.794 r  sync_inst/ROMInst_i_7/O
                         net (fo=1454, routed)        9.780     8.985    ROMInst/U0/synth_options.dist_mem_inst/gen_rom.rom_inst/a[5]
    SLICE_X135Y138       LUT6 (Prop_lut6_I5_O)        0.326     9.311 r  ROMInst/U0/synth_options.dist_mem_inst/gen_rom.rom_inst/g29_b20/O
                         net (fo=1, routed)           0.000     9.311    ROMInst/U0/synth_options.dist_mem_inst/gen_rom.rom_inst/g29_b20_n_0
    SLICE_X135Y138       MUXF7 (Prop_muxf7_I1_O)      0.217     9.528 r  ROMInst/U0/synth_options.dist_mem_inst/gen_rom.rom_inst/qspo_int_reg[20]_i_35/O
                         net (fo=1, routed)           0.801    10.329    ROMInst/U0/synth_options.dist_mem_inst/gen_rom.rom_inst/qspo_int_reg[20]_i_35_n_0
    SLICE_X135Y137       LUT6 (Prop_lut6_I1_O)        0.299    10.628 r  ROMInst/U0/synth_options.dist_mem_inst/gen_rom.rom_inst/qspo_int[20]_i_11/O
                         net (fo=1, routed)           0.000    10.628    ROMInst/U0/synth_options.dist_mem_inst/gen_rom.rom_inst/qspo_int[20]_i_11_n_0
    SLICE_X135Y137       MUXF7 (Prop_muxf7_I1_O)      0.245    10.873 r  ROMInst/U0/synth_options.dist_mem_inst/gen_rom.rom_inst/qspo_int_reg[20]_i_4/O
                         net (fo=1, routed)           0.957    11.831    ROMInst/U0/synth_options.dist_mem_inst/gen_rom.rom_inst/qspo_int_reg[20]_i_4_n_0
    SLICE_X134Y140       LUT6 (Prop_lut6_I3_O)        0.298    12.129 r  ROMInst/U0/synth_options.dist_mem_inst/gen_rom.rom_inst/qspo_int[20]_i_1/O
                         net (fo=1, routed)           0.000    12.129    ROMInst/U0/synth_options.dist_mem_inst/gen_rom.rom_inst/qspo_int[20]_i_1_n_0
    SLICE_X134Y140       FDRE                                         r  ROMInst/U0/synth_options.dist_mem_inst/gen_rom.rom_inst/qspo_int_reg[20]/D
  -------------------------------------------------------------------    -------------------

                         (clock clk_out1_DCM_PLL rise edge)
                                                     40.000    40.000 r  
    R4                                                0.000    40.000 r  clk (IN)
                         net (fo=0)                   0.000    40.000    DCM_INST/inst/clk_in1
    R4                   IBUF (Prop_ibuf_I_O)         1.417    41.417 r  DCM_INST/inst/clkin1_ibufg/O
                         net (fo=1, routed)           1.181    42.598    DCM_INST/inst/clk_in1_DCM_PLL
    PLLE2_ADV_X1Y2       PLLE2_ADV (Prop_plle2_adv_CLKIN1_CLKOUT0)
                                                     -8.206    34.393 r  DCM_INST/inst/plle2_adv_inst/CLKOUT0
                         net (fo=1, routed)           1.718    36.111    DCM_INST/inst/clk_out1_DCM_PLL
    BUFGCTRL_X0Y0        BUFG (Prop_bufg_I_O)         0.091    36.202 r  DCM_INST/inst/clkout1_buf/O
                         net (fo=99, routed)          1.568    37.770    ROMInst/U0/synth_options.dist_mem_inst/gen_rom.rom_inst/clk
    SLICE_X134Y140       FDRE                                         r  ROMInst/U0/synth_options.dist_mem_inst/gen_rom.rom_inst/qspo_int_reg[20]/C
                         clock pessimism             -0.435    37.335    
                         clock uncertainty           -0.095    37.240    
    SLICE_X134Y140       FDRE (Setup_fdre_C_D)        0.031    37.271    ROMInst/U0/synth_options.dist_mem_inst/gen_rom.rom_inst/qspo_int_reg[20]
  -------------------------------------------------------------------
                         required time                         37.271    
                         arrival time                         -12.129    
  -------------------------------------------------------------------
                         slack                                 25.143    

Slack (MET) :             25.254ns  (required time - arrival time)
  Source:                 sync_inst/PosX_reg_reg[8]/C
                            (rising edge-triggered cell FDRE clocked by clk_out1_DCM_PLL  {rise@0.000ns fall@20.000ns period=40.000ns})
  Destination:            TMDS_inst/encode_blue/cnt_reg[5]/D
                            (rising edge-triggered cell FDRE clocked by clk_out1_DCM_PLL  {rise@0.000ns fall@20.000ns period=40.000ns})
  Path Group:             clk_out1_DCM_PLL
  Path Type:              Setup (Max at Slow Process Corner)
  Requirement:            40.000ns  (clk_out1_DCM_PLL rise@40.000ns - clk_out1_DCM_PLL rise@0.000ns)
  Data Path Delay:        14.628ns  (logic 3.972ns (27.153%)  route 10.656ns (72.847%))
  Logic Levels:           15  (CARRY4=3 LUT2=2 LUT3=1 LUT4=2 LUT5=2 LUT6=5)
  Clock Path Skew:        -0.133ns (DCD - SCD + CPR)
    Destination Clock Delay (DCD):    -2.173ns = ( 37.827 - 40.000 ) 
    Source Clock Delay      (SCD):    -2.555ns
    Clock Pessimism Removal (CPR):    -0.515ns
  Clock Uncertainty:      0.095ns  ((TSJ^2 + DJ^2)^1/2) / 2 + PE
    Total System Jitter     (TSJ):    0.071ns
    Discrete Jitter          (DJ):    0.175ns
    Phase Error              (PE):    0.000ns

    Location             Delay type                Incr(ns)  Path(ns)    Netlist Resource(s)
  -------------------------------------------------------------------    -------------------
                         (clock clk_out1_DCM_PLL rise edge)
                                                      0.000     0.000 r  
    R4                                                0.000     0.000 r  clk (IN)
                         net (fo=0)                   0.000     0.000    DCM_INST/inst/clk_in1
    R4                   IBUF (Prop_ibuf_I_O)         1.488     1.488 r  DCM_INST/inst/clkin1_ibufg/O
                         net (fo=1, routed)           1.253     2.741    DCM_INST/inst/clk_in1_DCM_PLL
    PLLE2_ADV_X1Y2       PLLE2_ADV (Prop_plle2_adv_CLKIN1_CLKOUT0)
                                                     -8.953    -6.212 r  DCM_INST/inst/plle2_adv_inst/CLKOUT0
                         net (fo=1, routed)           1.802    -4.409    DCM_INST/inst/clk_out1_DCM_PLL
    BUFGCTRL_X0Y0        BUFG (Prop_bufg_I_O)         0.096    -4.313 r  DCM_INST/inst/clkout1_buf/O
                         net (fo=99, routed)          1.758    -2.555    sync_inst/CLK
    SLICE_X155Y148       FDRE                                         r  sync_inst/PosX_reg_reg[8]/C
  -------------------------------------------------------------------    -------------------
    SLICE_X155Y148       FDRE (Prop_fdre_C_Q)         0.419    -2.136 r  sync_inst/PosX_reg_reg[8]/Q
                         net (fo=6, routed)           0.870    -1.266    sync_inst/PosX_reg_reg[8]
    SLICE_X153Y148       LUT6 (Prop_lut6_I0_O)        0.299    -0.967 r  sync_inst/TMDS_inst_i_33/O
                         net (fo=1, routed)           0.594    -0.373    sync_inst/TMDS_inst_i_33_n_0
    SLICE_X152Y150       LUT6 (Prop_lut6_I0_O)        0.124    -0.249 r  sync_inst/TMDS_inst_i_28/O
                         net (fo=24, routed)          0.981     0.732    sync_inst/TMDS_inst_i_28_n_0
    SLICE_X141Y151       LUT2 (Prop_lut2_I1_O)        0.118     0.850 r  sync_inst/TMDS_inst_i_22/O
                         net (fo=9, routed)           1.270     2.120    TMDS_inst/encode_blue/blue_IBUF[2]
    SLICE_X142Y150       LUT5 (Prop_lut5_I1_O)        0.326     2.446 r  TMDS_inst/encode_blue/q[4]_i_2/O
                         net (fo=14, routed)          1.157     3.603    TMDS_inst/encode_blue/q[4]_i_2_n_0
    SLICE_X143Y148       LUT3 (Prop_lut3_I1_O)        0.152     3.755 r  TMDS_inst/encode_blue/q[6]_i_2/O
                         net (fo=15, routed)          1.090     4.846    TMDS_inst/encode_blue/numbercnt_d_inst/q_reg[6]
    SLICE_X140Y149       LUT6 (Prop_lut6_I0_O)        0.332     5.178 f  TMDS_inst/encode_blue/numbercnt_d_inst/q[7]_i_2/O
                         net (fo=8, routed)           0.792     5.969    TMDS_inst/encode_blue/numbercnt_q_inst/cnt0__0_carry_i_3_0
    SLICE_X141Y150       LUT6 (Prop_lut6_I1_O)        0.124     6.093 r  TMDS_inst/encode_blue/numbercnt_q_inst/cnt0__0_carry_i_29/O
                         net (fo=1, routed)           0.433     6.527    TMDS_inst/encode_blue/numbercnt_q_inst/cnt0__0_carry_i_29_n_0
    SLICE_X141Y150       LUT5 (Prop_lut5_I4_O)        0.124     6.651 r  TMDS_inst/encode_blue/numbercnt_q_inst/cnt0__0_carry_i_19/O
                         net (fo=5, routed)           1.157     7.807    TMDS_inst/encode_blue/numbercnt_d_inst/i__carry_i_9_0
    SLICE_X145Y148       LUT2 (Prop_lut2_I1_O)        0.124     7.931 f  TMDS_inst/encode_blue/numbercnt_d_inst/cnt0__0_carry_i_9/O
                         net (fo=6, routed)           1.012     8.944    TMDS_inst/encode_blue/numbercnt_d_inst/cnt0__0_carry_i_9_n_0
    SLICE_X145Y149       LUT4 (Prop_lut4_I3_O)        0.154     9.098 r  TMDS_inst/encode_blue/numbercnt_d_inst/cnt0__0_carry_i_1__0/O
                         net (fo=2, routed)           0.690     9.787    TMDS_inst/encode_blue/numbercnt_d_inst/cnt_reg[2][1]
    SLICE_X145Y149       LUT4 (Prop_lut4_I0_O)        0.327    10.114 r  TMDS_inst/encode_blue/numbercnt_d_inst/cnt0__0_carry_i_4/O
                         net (fo=1, routed)           0.000    10.114    TMDS_inst/encode_blue/numbercnt_d_inst_n_31
    SLICE_X145Y149       CARRY4 (Prop_carry4_S[3]_CO[3])
                                                      0.401    10.515 r  TMDS_inst/encode_blue/cnt0__0_carry/CO[3]
                         net (fo=1, routed)           0.001    10.516    TMDS_inst/encode_blue/cnt0__0_carry_n_0
    SLICE_X145Y150       CARRY4 (Prop_carry4_CI_O[0])
                                                      0.222    10.738 r  TMDS_inst/encode_blue/cnt0__0_carry__0/O[0]
                         net (fo=1, routed)           0.609    11.347    TMDS_inst/encode_blue/numbercnt_d_inst/cnt0[4]
    SLICE_X144Y150       LUT6 (Prop_lut6_I5_O)        0.299    11.646 r  TMDS_inst/encode_blue/numbercnt_d_inst/i__carry__0_i_7/O
                         net (fo=1, routed)           0.000    11.646    TMDS_inst/encode_blue/numbercnt_d_inst_n_14
    SLICE_X144Y150       CARRY4 (Prop_carry4_S[0]_O[1])
                                                      0.427    12.073 r  TMDS_inst/encode_blue/cnt_inferred__1/i__carry__0/O[1]
                         net (fo=1, routed)           0.000    12.073    TMDS_inst/encode_blue/cnt_inferred__1/i__carry__0_n_6
    SLICE_X144Y150       FDRE                                         r  TMDS_inst/encode_blue/cnt_reg[5]/D
  -------------------------------------------------------------------    -------------------

                         (clock clk_out1_DCM_PLL rise edge)
                                                     40.000    40.000 r  
    R4                                                0.000    40.000 r  clk (IN)
                         net (fo=0)                   0.000    40.000    DCM_INST/inst/clk_in1
    R4                   IBUF (Prop_ibuf_I_O)         1.417    41.417 r  DCM_INST/inst/clkin1_ibufg/O
                         net (fo=1, routed)           1.181    42.598    DCM_INST/inst/clk_in1_DCM_PLL
    PLLE2_ADV_X1Y2       PLLE2_ADV (Prop_plle2_adv_CLKIN1_CLKOUT0)
                                                     -8.206    34.393 r  DCM_INST/inst/plle2_adv_inst/CLKOUT0
                         net (fo=1, routed)           1.718    36.111    DCM_INST/inst/clk_out1_DCM_PLL
    BUFGCTRL_X0Y0        BUFG (Prop_bufg_I_O)         0.091    36.202 r  DCM_INST/inst/clkout1_buf/O
                         net (fo=99, routed)          1.626    37.827    TMDS_inst/encode_blue/pixel_clk_IBUF_BUFG
    SLICE_X144Y150       FDRE                                         r  TMDS_inst/encode_blue/cnt_reg[5]/C
                         clock pessimism             -0.515    37.312    
                         clock uncertainty           -0.095    37.218    
    SLICE_X144Y150       FDRE (Setup_fdre_C_D)        0.109    37.327    TMDS_inst/encode_blue/cnt_reg[5]
  -------------------------------------------------------------------
                         required time                         37.327    
                         arrival time                         -12.073    
  -------------------------------------------------------------------
                         slack                                 25.254    

Slack (MET) :             25.262ns  (required time - arrival time)
  Source:                 sync_inst/PosX_reg_reg[5]/C
                            (rising edge-triggered cell FDRE clocked by clk_out1_DCM_PLL  {rise@0.000ns fall@20.000ns period=40.000ns})
  Destination:            ROMInst/U0/synth_options.dist_mem_inst/gen_rom.rom_inst/qspo_int_reg[0]/D
                            (rising edge-triggered cell FDRE clocked by clk_out1_DCM_PLL  {rise@0.000ns fall@20.000ns period=40.000ns})
  Path Group:             clk_out1_DCM_PLL
  Path Type:              Setup (Max at Slow Process Corner)
  Requirement:            40.000ns  (clk_out1_DCM_PLL rise@40.000ns - clk_out1_DCM_PLL rise@0.000ns)
  Data Path Delay:        14.478ns  (logic 1.852ns (12.792%)  route 12.626ns (87.208%))
  Logic Levels:           6  (LUT4=1 LUT6=3 MUXF7=2)
  Clock Path Skew:        -0.197ns (DCD - SCD + CPR)
    Destination Clock Delay (DCD):    -2.237ns = ( 37.763 - 40.000 ) 
    Source Clock Delay      (SCD):    -2.555ns
    Clock Pessimism Removal (CPR):    -0.515ns
  Clock Uncertainty:      0.095ns  ((TSJ^2 + DJ^2)^1/2) / 2 + PE
    Total System Jitter     (TSJ):    0.071ns
    Discrete Jitter          (DJ):    0.175ns
    Phase Error              (PE):    0.000ns

    Location             Delay type                Incr(ns)  Path(ns)    Netlist Resource(s)
  -------------------------------------------------------------------    -------------------
                         (clock clk_out1_DCM_PLL rise edge)
                                                      0.000     0.000 r  
    R4                                                0.000     0.000 r  clk (IN)
                         net (fo=0)                   0.000     0.000    DCM_INST/inst/clk_in1
    R4                   IBUF (Prop_ibuf_I_O)         1.488     1.488 r  DCM_INST/inst/clkin1_ibufg/O
                         net (fo=1, routed)           1.253     2.741    DCM_INST/inst/clk_in1_DCM_PLL
    PLLE2_ADV_X1Y2       PLLE2_ADV (Prop_plle2_adv_CLKIN1_CLKOUT0)
                                                     -8.953    -6.212 r  DCM_INST/inst/plle2_adv_inst/CLKOUT0
                         net (fo=1, routed)           1.802    -4.409    DCM_INST/inst/clk_out1_DCM_PLL
    BUFGCTRL_X0Y0        BUFG (Prop_bufg_I_O)         0.096    -4.313 r  DCM_INST/inst/clkout1_buf/O
                         net (fo=99, routed)          1.758    -2.555    sync_inst/CLK
    SLICE_X154Y148       FDRE                                         r  sync_inst/PosX_reg_reg[5]/C
  -------------------------------------------------------------------    -------------------
    SLICE_X154Y148       FDRE (Prop_fdre_C_Q)         0.518    -2.037 r  sync_inst/PosX_reg_reg[5]/Q
                         net (fo=15, routed)          1.091    -0.946    sync_inst/PosX_reg_reg[5]
    SLICE_X153Y148       LUT4 (Prop_lut4_I2_O)        0.124    -0.822 r  sync_inst/ROMInst_i_12/O
                         net (fo=1427, routed)        9.899     9.077    ROMInst/U0/synth_options.dist_mem_inst/gen_rom.rom_inst/a[0]
    SLICE_X137Y153       LUT6 (Prop_lut6_I0_O)        0.124     9.201 r  ROMInst/U0/synth_options.dist_mem_inst/gen_rom.rom_inst/g31_b0/O
                         net (fo=1, routed)           0.000     9.201    ROMInst/U0/synth_options.dist_mem_inst/gen_rom.rom_inst/g31_b0_n_0
    SLICE_X137Y153       MUXF7 (Prop_muxf7_I1_O)      0.245     9.446 r  ROMInst/U0/synth_options.dist_mem_inst/gen_rom.rom_inst/qspo_int_reg[0]_i_34/O
                         net (fo=1, routed)           0.835    10.281    ROMInst/U0/synth_options.dist_mem_inst/gen_rom.rom_inst/qspo_int_reg[0]_i_34_n_0
    SLICE_X137Y152       LUT6 (Prop_lut6_I0_O)        0.298    10.579 r  ROMInst/U0/synth_options.dist_mem_inst/gen_rom.rom_inst/qspo_int[0]_i_11/O
                         net (fo=1, routed)           0.000    10.579    ROMInst/U0/synth_options.dist_mem_inst/gen_rom.rom_inst/qspo_int[0]_i_11_n_0
    SLICE_X137Y152       MUXF7 (Prop_muxf7_I1_O)      0.245    10.824 r  ROMInst/U0/synth_options.dist_mem_inst/gen_rom.rom_inst/qspo_int_reg[0]_i_4/O
                         net (fo=1, routed)           0.802    11.625    ROMInst/U0/synth_options.dist_mem_inst/gen_rom.rom_inst/qspo_int_reg[0]_i_4_n_0
    SLICE_X137Y151       LUT6 (Prop_lut6_I3_O)        0.298    11.923 r  ROMInst/U0/synth_options.dist_mem_inst/gen_rom.rom_inst/qspo_int[0]_i_1/O
                         net (fo=1, routed)           0.000    11.923    ROMInst/U0/synth_options.dist_mem_inst/gen_rom.rom_inst/qspo_int[0]_i_1_n_0
    SLICE_X137Y151       FDRE                                         r  ROMInst/U0/synth_options.dist_mem_inst/gen_rom.rom_inst/qspo_int_reg[0]/D
  -------------------------------------------------------------------    -------------------

                         (clock clk_out1_DCM_PLL rise edge)
                                                     40.000    40.000 r  
    R4                                                0.000    40.000 r  clk (IN)
                         net (fo=0)                   0.000    40.000    DCM_INST/inst/clk_in1
    R4                   IBUF (Prop_ibuf_I_O)         1.417    41.417 r  DCM_INST/inst/clkin1_ibufg/O
                         net (fo=1, routed)           1.181    42.598    DCM_INST/inst/clk_in1_DCM_PLL
    PLLE2_ADV_X1Y2       PLLE2_ADV (Prop_plle2_adv_CLKIN1_CLKOUT0)
                                                     -8.206    34.393 r  DCM_INST/inst/plle2_adv_inst/CLKOUT0
                         net (fo=1, routed)           1.718    36.111    DCM_INST/inst/clk_out1_DCM_PLL
    BUFGCTRL_X0Y0        BUFG (Prop_bufg_I_O)         0.091    36.202 r  DCM_INST/inst/clkout1_buf/O
                         net (fo=99, routed)          1.562    37.763    ROMInst/U0/synth_options.dist_mem_inst/gen_rom.rom_inst/clk
    SLICE_X137Y151       FDRE                                         r  ROMInst/U0/synth_options.dist_mem_inst/gen_rom.rom_inst/qspo_int_reg[0]/C
                         clock pessimism             -0.515    37.248    
                         clock uncertainty           -0.095    37.154    
    SLICE_X137Y151       FDRE (Setup_fdre_C_D)        0.031    37.185    ROMInst/U0/synth_options.dist_mem_inst/gen_rom.rom_inst/qspo_int_reg[0]
  -------------------------------------------------------------------
                         required time                         37.185    
                         arrival time                         -11.923    
  -------------------------------------------------------------------
                         slack                                 25.262    

Slack (MET) :             25.374ns  (required time - arrival time)
  Source:                 sync_inst/PosX_reg_reg[1]/C
                            (rising edge-triggered cell FDRE clocked by clk_out1_DCM_PLL  {rise@0.000ns fall@20.000ns period=40.000ns})
  Destination:            ROMInst/U0/synth_options.dist_mem_inst/gen_rom.rom_inst/qspo_int_reg[22]/D
                            (rising edge-triggered cell FDRE clocked by clk_out1_DCM_PLL  {rise@0.000ns fall@20.000ns period=40.000ns})
  Path Group:             clk_out1_DCM_PLL
  Path Type:              Setup (Max at Slow Process Corner)
  Requirement:            40.000ns  (clk_out1_DCM_PLL rise@40.000ns - clk_out1_DCM_PLL rise@0.000ns)
  Data Path Delay:        14.453ns  (logic 1.533ns (10.607%)  route 12.920ns (89.393%))
  Logic Levels:           5  (LUT4=1 LUT5=1 LUT6=3)
  Clock Path Skew:        -0.108ns (DCD - SCD + CPR)
    Destination Clock Delay (DCD):    -2.228ns = ( 37.772 - 40.000 ) 
    Source Clock Delay      (SCD):    -2.555ns
    Clock Pessimism Removal (CPR):    -0.435ns
  Clock Uncertainty:      0.095ns  ((TSJ^2 + DJ^2)^1/2) / 2 + PE
    Total System Jitter     (TSJ):    0.071ns
    Discrete Jitter          (DJ):    0.175ns
    Phase Error              (PE):    0.000ns

    Location             Delay type                Incr(ns)  Path(ns)    Netlist Resource(s)
  -------------------------------------------------------------------    -------------------
                         (clock clk_out1_DCM_PLL rise edge)
                                                      0.000     0.000 r  
    R4                                                0.000     0.000 r  clk (IN)
                         net (fo=0)                   0.000     0.000    DCM_INST/inst/clk_in1
    R4                   IBUF (Prop_ibuf_I_O)         1.488     1.488 r  DCM_INST/inst/clkin1_ibufg/O
                         net (fo=1, routed)           1.253     2.741    DCM_INST/inst/clk_in1_DCM_PLL
    PLLE2_ADV_X1Y2       PLLE2_ADV (Prop_plle2_adv_CLKIN1_CLKOUT0)
                                                     -8.953    -6.212 r  DCM_INST/inst/plle2_adv_inst/CLKOUT0
                         net (fo=1, routed)           1.802    -4.409    DCM_INST/inst/clk_out1_DCM_PLL
    BUFGCTRL_X0Y0        BUFG (Prop_bufg_I_O)         0.096    -4.313 r  DCM_INST/inst/clkout1_buf/O
                         net (fo=99, routed)          1.758    -2.555    sync_inst/CLK
    SLICE_X154Y149       FDRE                                         r  sync_inst/PosX_reg_reg[1]/C
  -------------------------------------------------------------------    -------------------
    SLICE_X154Y149       FDRE (Prop_fdre_C_Q)         0.478    -2.077 r  sync_inst/PosX_reg_reg[1]/Q
                         net (fo=7, routed)           0.852    -1.225    sync_inst/PosX_reg_reg[1]
    SLICE_X154Y148       LUT4 (Prop_lut4_I0_O)        0.328    -0.897 r  sync_inst/ROMInst_i_11/O
                         net (fo=1445, routed)       10.401     9.504    ROMInst/U0/synth_options.dist_mem_inst/gen_rom.rom_inst/a[1]
    SLICE_X119Y147       LUT6 (Prop_lut6_I1_O)        0.355     9.859 r  ROMInst/U0/synth_options.dist_mem_inst/gen_rom.rom_inst/g37_b22/O
                         net (fo=1, routed)           0.154    10.013    ROMInst/U0/synth_options.dist_mem_inst/gen_rom.rom_inst/g37_b22_n_0
    SLICE_X119Y147       LUT5 (Prop_lut5_I2_O)        0.124    10.137 r  ROMInst/U0/synth_options.dist_mem_inst/gen_rom.rom_inst/qspo_int[22]_i_10/O
                         net (fo=1, routed)           0.801    10.938    ROMInst/U0/synth_options.dist_mem_inst/gen_rom.rom_inst/qspo_int[22]_i_10_n_0
    SLICE_X121Y147       LUT6 (Prop_lut6_I3_O)        0.124    11.062 r  ROMInst/U0/synth_options.dist_mem_inst/gen_rom.rom_inst/qspo_int[22]_i_3/O
                         net (fo=1, routed)           0.712    11.774    ROMInst/U0/synth_options.dist_mem_inst/gen_rom.rom_inst/qspo_int[22]_i_3_n_0
    SLICE_X127Y147       LUT6 (Prop_lut6_I1_O)        0.124    11.898 r  ROMInst/U0/synth_options.dist_mem_inst/gen_rom.rom_inst/qspo_int[22]_i_1/O
                         net (fo=1, routed)           0.000    11.898    ROMInst/U0/synth_options.dist_mem_inst/gen_rom.rom_inst/qspo_int[22]_i_1_n_0
    SLICE_X127Y147       FDRE                                         r  ROMInst/U0/synth_options.dist_mem_inst/gen_rom.rom_inst/qspo_int_reg[22]/D
  -------------------------------------------------------------------    -------------------

                         (clock clk_out1_DCM_PLL rise edge)
                                                     40.000    40.000 r  
    R4                                                0.000    40.000 r  clk (IN)
                         net (fo=0)                   0.000    40.000    DCM_INST/inst/clk_in1
    R4                   IBUF (Prop_ibuf_I_O)         1.417    41.417 r  DCM_INST/inst/clkin1_ibufg/O
                         net (fo=1, routed)           1.181    42.598    DCM_INST/inst/clk_in1_DCM_PLL
    PLLE2_ADV_X1Y2       PLLE2_ADV (Prop_plle2_adv_CLKIN1_CLKOUT0)
                                                     -8.206    34.393 r  DCM_INST/inst/plle2_adv_inst/CLKOUT0
                         net (fo=1, routed)           1.718    36.111    DCM_INST/inst/clk_out1_DCM_PLL
    BUFGCTRL_X0Y0        BUFG (Prop_bufg_I_O)         0.091    36.202 r  DCM_INST/inst/clkout1_buf/O
                         net (fo=99, routed)          1.570    37.772    ROMInst/U0/synth_options.dist_mem_inst/gen_rom.rom_inst/clk
    SLICE_X127Y147       FDRE                                         r  ROMInst/U0/synth_options.dist_mem_inst/gen_rom.rom_inst/qspo_int_reg[22]/C
                         clock pessimism             -0.435    37.337    
                         clock uncertainty           -0.095    37.242    
    SLICE_X127Y147       FDRE (Setup_fdre_C_D)        0.029    37.271    ROMInst/U0/synth_options.dist_mem_inst/gen_rom.rom_inst/qspo_int_reg[22]
  -------------------------------------------------------------------
                         required time                         37.271    
                         arrival time                         -11.898    
  -------------------------------------------------------------------
                         slack                                 25.374    





Min Delay Paths
--------------------------------------------------------------------------------------
Slack (MET) :             0.097ns  (arrival time - required time)
  Source:                 sync_inst/PosY_reg_reg[4]/C
                            (rising edge-triggered cell FDRE clocked by clk_out1_DCM_PLL  {rise@0.000ns fall@20.000ns period=40.000ns})
  Destination:            sync_inst/PosY_reg_reg[6]/D
                            (rising edge-triggered cell FDRE clocked by clk_out1_DCM_PLL  {rise@0.000ns fall@20.000ns period=40.000ns})
  Path Group:             clk_out1_DCM_PLL
  Path Type:              Hold (Min at Fast Process Corner)
  Requirement:            0.000ns  (clk_out1_DCM_PLL rise@0.000ns - clk_out1_DCM_PLL rise@0.000ns)
  Data Path Delay:        0.458ns  (logic 0.209ns (45.623%)  route 0.249ns (54.377%))
  Logic Levels:           1  (LUT6=1)
  Clock Path Skew:        0.270ns (DCD - SCD - CPR)
    Destination Clock Delay (DCD):    -0.388ns
    Source Clock Delay      (SCD):    -0.613ns
    Clock Pessimism Removal (CPR):    -0.045ns

    Location             Delay type                Incr(ns)  Path(ns)    Netlist Resource(s)
  -------------------------------------------------------------------    -------------------
                         (clock clk_out1_DCM_PLL rise edge)
                                                      0.000     0.000 r  
    R4                                                0.000     0.000 r  clk (IN)
                         net (fo=0)                   0.000     0.000    DCM_INST/inst/clk_in1
    R4                   IBUF (Prop_ibuf_I_O)         0.256     0.256 r  DCM_INST/inst/clkin1_ibufg/O
                         net (fo=1, routed)           0.440     0.696    DCM_INST/inst/clk_in1_DCM_PLL
    PLLE2_ADV_X1Y2       PLLE2_ADV (Prop_plle2_adv_CLKIN1_CLKOUT0)
                                                     -2.503    -1.807 r  DCM_INST/inst/plle2_adv_inst/CLKOUT0
                         net (fo=1, routed)           0.546    -1.261    DCM_INST/inst/clk_out1_DCM_PLL
    BUFGCTRL_X0Y0        BUFG (Prop_bufg_I_O)         0.026    -1.235 r  DCM_INST/inst/clkout1_buf/O
                         net (fo=99, routed)          0.622    -0.613    sync_inst/CLK
    SLICE_X152Y149       FDRE                                         r  sync_inst/PosY_reg_reg[4]/C
  -------------------------------------------------------------------    -------------------
    SLICE_X152Y149       FDRE (Prop_fdre_C_Q)         0.164    -0.449 r  sync_inst/PosY_reg_reg[4]/Q
                         net (fo=11, routed)          0.249    -0.200    sync_inst/PosY_reg_reg[4]
    SLICE_X153Y150       LUT6 (Prop_lut6_I5_O)        0.045    -0.155 r  sync_inst/PosY_reg[6]_i_1/O
                         net (fo=1, routed)           0.000    -0.155    sync_inst/PosY_reg[6]_i_1_n_0
    SLICE_X153Y150       FDRE                                         r  sync_inst/PosY_reg_reg[6]/D
  -------------------------------------------------------------------    -------------------

                         (clock clk_out1_DCM_PLL rise edge)
                                                      0.000     0.000 r  
    R4                                                0.000     0.000 r  clk (IN)
                         net (fo=0)                   0.000     0.000    DCM_INST/inst/clk_in1
    R4                   IBUF (Prop_ibuf_I_O)         0.444     0.444 r  DCM_INST/inst/clkin1_ibufg/O
                         net (fo=1, routed)           0.481     0.925    DCM_INST/inst/clk_in1_DCM_PLL
    PLLE2_ADV_X1Y2       PLLE2_ADV (Prop_plle2_adv_CLKIN1_CLKOUT0)
                                                     -2.828    -1.904 r  DCM_INST/inst/plle2_adv_inst/CLKOUT0
                         net (fo=1, routed)           0.595    -1.309    DCM_INST/inst/clk_out1_DCM_PLL
    BUFGCTRL_X0Y0        BUFG (Prop_bufg_I_O)         0.029    -1.280 r  DCM_INST/inst/clkout1_buf/O
                         net (fo=99, routed)          0.892    -0.388    sync_inst/CLK
    SLICE_X153Y150       FDRE                                         r  sync_inst/PosY_reg_reg[6]/C
                         clock pessimism              0.045    -0.343    
    SLICE_X153Y150       FDRE (Hold_fdre_C_D)         0.091    -0.252    sync_inst/PosY_reg_reg[6]
  -------------------------------------------------------------------
                         required time                          0.252    
                         arrival time                          -0.155    
  -------------------------------------------------------------------
                         slack                                  0.097    

Slack (MET) :             0.174ns  (arrival time - required time)
  Source:                 sync_inst/PosY_reg_reg[0]/C
                            (rising edge-triggered cell FDRE clocked by clk_out1_DCM_PLL  {rise@0.000ns fall@20.000ns period=40.000ns})
  Destination:            sync_inst/PosY_reg_reg[1]/D
                            (rising edge-triggered cell FDRE clocked by clk_out1_DCM_PLL  {rise@0.000ns fall@20.000ns period=40.000ns})
  Path Group:             clk_out1_DCM_PLL
  Path Type:              Hold (Min at Fast Process Corner)
  Requirement:            0.000ns  (clk_out1_DCM_PLL rise@0.000ns - clk_out1_DCM_PLL rise@0.000ns)
  Data Path Delay:        0.535ns  (logic 0.186ns (34.798%)  route 0.349ns (65.202%))
  Logic Levels:           1  (LUT2=1)
  Clock Path Skew:        0.270ns (DCD - SCD - CPR)
    Destination Clock Delay (DCD):    -0.388ns
    Source Clock Delay      (SCD):    -0.613ns
    Clock Pessimism Removal (CPR):    -0.045ns

    Location             Delay type                Incr(ns)  Path(ns)    Netlist Resource(s)
  -------------------------------------------------------------------    -------------------
                         (clock clk_out1_DCM_PLL rise edge)
                                                      0.000     0.000 r  
    R4                                                0.000     0.000 r  clk (IN)
                         net (fo=0)                   0.000     0.000    DCM_INST/inst/clk_in1
    R4                   IBUF (Prop_ibuf_I_O)         0.256     0.256 r  DCM_INST/inst/clkin1_ibufg/O
                         net (fo=1, routed)           0.440     0.696    DCM_INST/inst/clk_in1_DCM_PLL
    PLLE2_ADV_X1Y2       PLLE2_ADV (Prop_plle2_adv_CLKIN1_CLKOUT0)
                                                     -2.503    -1.807 r  DCM_INST/inst/plle2_adv_inst/CLKOUT0
                         net (fo=1, routed)           0.546    -1.261    DCM_INST/inst/clk_out1_DCM_PLL
    BUFGCTRL_X0Y0        BUFG (Prop_bufg_I_O)         0.026    -1.235 r  DCM_INST/inst/clkout1_buf/O
                         net (fo=99, routed)          0.622    -0.613    sync_inst/CLK
    SLICE_X153Y149       FDRE                                         r  sync_inst/PosY_reg_reg[0]/C
  -------------------------------------------------------------------    -------------------
    SLICE_X153Y149       FDRE (Prop_fdre_C_Q)         0.141    -0.472 r  sync_inst/PosY_reg_reg[0]/Q
                         net (fo=17, routed)          0.349    -0.124    sync_inst/PosY_reg_reg[0]
    SLICE_X153Y151       LUT2 (Prop_lut2_I1_O)        0.045    -0.079 r  sync_inst/PosY_reg[1]_i_1/O
                         net (fo=1, routed)           0.000    -0.079    sync_inst/PosY_reg[1]_i_1_n_0
    SLICE_X153Y151       FDRE                                         r  sync_inst/PosY_reg_reg[1]/D
  -------------------------------------------------------------------    -------------------

                         (clock clk_out1_DCM_PLL rise edge)
                                                      0.000     0.000 r  
    R4                                                0.000     0.000 r  clk (IN)
                         net (fo=0)                   0.000     0.000    DCM_INST/inst/clk_in1
    R4                   IBUF (Prop_ibuf_I_O)         0.444     0.444 r  DCM_INST/inst/clkin1_ibufg/O
                         net (fo=1, routed)           0.481     0.925    DCM_INST/inst/clk_in1_DCM_PLL
    PLLE2_ADV_X1Y2       PLLE2_ADV (Prop_plle2_adv_CLKIN1_CLKOUT0)
                                                     -2.828    -1.904 r  DCM_INST/inst/plle2_adv_inst/CLKOUT0
                         net (fo=1, routed)           0.595    -1.309    DCM_INST/inst/clk_out1_DCM_PLL
    BUFGCTRL_X0Y0        BUFG (Prop_bufg_I_O)         0.029    -1.280 r  DCM_INST/inst/clkout1_buf/O
                         net (fo=99, routed)          0.892    -0.388    sync_inst/CLK
    SLICE_X153Y151       FDRE                                         r  sync_inst/PosY_reg_reg[1]/C
                         clock pessimism              0.045    -0.343    
    SLICE_X153Y151       FDRE (Hold_fdre_C_D)         0.091    -0.252    sync_inst/PosY_reg_reg[1]
  -------------------------------------------------------------------
                         required time                          0.252    
                         arrival time                          -0.079    
  -------------------------------------------------------------------
                         slack                                  0.174    

Slack (MET) :             0.185ns  (arrival time - required time)
  Source:                 sync_inst/PosY_reg_reg[6]/C
                            (rising edge-triggered cell FDRE clocked by clk_out1_DCM_PLL  {rise@0.000ns fall@20.000ns period=40.000ns})
  Destination:            sync_inst/PosY_reg_reg[7]/D
                            (rising edge-triggered cell FDRE clocked by clk_out1_DCM_PLL  {rise@0.000ns fall@20.000ns period=40.000ns})
  Path Group:             clk_out1_DCM_PLL
  Path Type:              Hold (Min at Fast Process Corner)
  Requirement:            0.000ns  (clk_out1_DCM_PLL rise@0.000ns - clk_out1_DCM_PLL rise@0.000ns)
  Data Path Delay:        0.318ns  (logic 0.186ns (58.427%)  route 0.132ns (41.573%))
  Logic Levels:           1  (LUT3=1)
  Clock Path Skew:        0.013ns (DCD - SCD - CPR)
    Destination Clock Delay (DCD):    -0.388ns
    Source Clock Delay      (SCD):    -0.615ns
    Clock Pessimism Removal (CPR):    0.214ns

    Location             Delay type                Incr(ns)  Path(ns)    Netlist Resource(s)
  -------------------------------------------------------------------    -------------------
                         (clock clk_out1_DCM_PLL rise edge)
                                                      0.000     0.000 r  
    R4                                                0.000     0.000 r  clk (IN)
                         net (fo=0)                   0.000     0.000    DCM_INST/inst/clk_in1
    R4                   IBUF (Prop_ibuf_I_O)         0.256     0.256 r  DCM_INST/inst/clkin1_ibufg/O
                         net (fo=1, routed)           0.440     0.696    DCM_INST/inst/clk_in1_DCM_PLL
    PLLE2_ADV_X1Y2       PLLE2_ADV (Prop_plle2_adv_CLKIN1_CLKOUT0)
                                                     -2.503    -1.807 r  DCM_INST/inst/plle2_adv_inst/CLKOUT0
                         net (fo=1, routed)           0.546    -1.261    DCM_INST/inst/clk_out1_DCM_PLL
    BUFGCTRL_X0Y0        BUFG (Prop_bufg_I_O)         0.026    -1.235 r  DCM_INST/inst/clkout1_buf/O
                         net (fo=99, routed)          0.620    -0.615    sync_inst/CLK
    SLICE_X153Y150       FDRE                                         r  sync_inst/PosY_reg_reg[6]/C
  -------------------------------------------------------------------    -------------------
    SLICE_X153Y150       FDRE (Prop_fdre_C_Q)         0.141    -0.474 r  sync_inst/PosY_reg_reg[6]/Q
                         net (fo=9, routed)           0.132    -0.342    sync_inst/PosY_reg_reg[6]
    SLICE_X152Y150       LUT3 (Prop_lut3_I1_O)        0.045    -0.297 r  sync_inst/PosY_reg[7]_i_1/O
                         net (fo=1, routed)           0.000    -0.297    sync_inst/PosY_reg[7]_i_1_n_0
    SLICE_X152Y150       FDRE                                         r  sync_inst/PosY_reg_reg[7]/D
  -------------------------------------------------------------------    -------------------

                         (clock clk_out1_DCM_PLL rise edge)
                                                      0.000     0.000 r  
    R4                                                0.000     0.000 r  clk (IN)
                         net (fo=0)                   0.000     0.000    DCM_INST/inst/clk_in1
    R4                   IBUF (Prop_ibuf_I_O)         0.444     0.444 r  DCM_INST/inst/clkin1_ibufg/O
                         net (fo=1, routed)           0.481     0.925    DCM_INST/inst/clk_in1_DCM_PLL
    PLLE2_ADV_X1Y2       PLLE2_ADV (Prop_plle2_adv_CLKIN1_CLKOUT0)
                                                     -2.828    -1.904 r  DCM_INST/inst/plle2_adv_inst/CLKOUT0
                         net (fo=1, routed)           0.595    -1.309    DCM_INST/inst/clk_out1_DCM_PLL
    BUFGCTRL_X0Y0        BUFG (Prop_bufg_I_O)         0.029    -1.280 r  DCM_INST/inst/clkout1_buf/O
                         net (fo=99, routed)          0.892    -0.388    sync_inst/CLK
    SLICE_X152Y150       FDRE                                         r  sync_inst/PosY_reg_reg[7]/C
                         clock pessimism             -0.214    -0.602    
    SLICE_X152Y150       FDRE (Hold_fdre_C_D)         0.120    -0.482    sync_inst/PosY_reg_reg[7]
  -------------------------------------------------------------------
                         required time                          0.482    
                         arrival time                          -0.297    
  -------------------------------------------------------------------
                         slack                                  0.185    

Slack (MET) :             0.198ns  (arrival time - required time)
  Source:                 sync_inst/PosY_reg_reg[1]/C
                            (rising edge-triggered cell FDRE clocked by clk_out1_DCM_PLL  {rise@0.000ns fall@20.000ns period=40.000ns})
  Destination:            sync_inst/PosY_reg_reg[3]/D
                            (rising edge-triggered cell FDRE clocked by clk_out1_DCM_PLL  {rise@0.000ns fall@20.000ns period=40.000ns})
  Path Group:             clk_out1_DCM_PLL
  Path Type:              Hold (Min at Fast Process Corner)
  Requirement:            0.000ns  (clk_out1_DCM_PLL rise@0.000ns - clk_out1_DCM_PLL rise@0.000ns)
  Data Path Delay:        0.331ns  (logic 0.186ns (56.247%)  route 0.145ns (43.753%))
  Logic Levels:           1  (LUT4=1)
  Clock Path Skew:        0.013ns (DCD - SCD - CPR)
    Destination Clock Delay (DCD):    -0.388ns
    Source Clock Delay      (SCD):    -0.615ns
    Clock Pessimism Removal (CPR):    0.214ns

    Location             Delay type                Incr(ns)  Path(ns)    Netlist Resource(s)
  -------------------------------------------------------------------    -------------------
                         (clock clk_out1_DCM_PLL rise edge)
                                                      0.000     0.000 r  
    R4                                                0.000     0.000 r  clk (IN)
                         net (fo=0)                   0.000     0.000    DCM_INST/inst/clk_in1
    R4                   IBUF (Prop_ibuf_I_O)         0.256     0.256 r  DCM_INST/inst/clkin1_ibufg/O
                         net (fo=1, routed)           0.440     0.696    DCM_INST/inst/clk_in1_DCM_PLL
    PLLE2_ADV_X1Y2       PLLE2_ADV (Prop_plle2_adv_CLKIN1_CLKOUT0)
                                                     -2.503    -1.807 r  DCM_INST/inst/plle2_adv_inst/CLKOUT0
                         net (fo=1, routed)           0.546    -1.261    DCM_INST/inst/clk_out1_DCM_PLL
    BUFGCTRL_X0Y0        BUFG (Prop_bufg_I_O)         0.026    -1.235 r  DCM_INST/inst/clkout1_buf/O
                         net (fo=99, routed)          0.620    -0.615    sync_inst/CLK
    SLICE_X153Y151       FDRE                                         r  sync_inst/PosY_reg_reg[1]/C
  -------------------------------------------------------------------    -------------------
    SLICE_X153Y151       FDRE (Prop_fdre_C_Q)         0.141    -0.474 r  sync_inst/PosY_reg_reg[1]/Q
                         net (fo=16, routed)          0.145    -0.329    sync_inst/PosY_reg_reg[1]
    SLICE_X152Y151       LUT4 (Prop_lut4_I2_O)        0.045    -0.284 r  sync_inst/PosY_reg[3]_i_1/O
                         net (fo=1, routed)           0.000    -0.284    sync_inst/PosY_reg[3]_i_1_n_0
    SLICE_X152Y151       FDRE                                         r  sync_inst/PosY_reg_reg[3]/D
  -------------------------------------------------------------------    -------------------

                         (clock clk_out1_DCM_PLL rise edge)
                                                      0.000     0.000 r  
    R4                                                0.000     0.000 r  clk (IN)
                         net (fo=0)                   0.000     0.000    DCM_INST/inst/clk_in1
    R4                   IBUF (Prop_ibuf_I_O)         0.444     0.444 r  DCM_INST/inst/clkin1_ibufg/O
                         net (fo=1, routed)           0.481     0.925    DCM_INST/inst/clk_in1_DCM_PLL
    PLLE2_ADV_X1Y2       PLLE2_ADV (Prop_plle2_adv_CLKIN1_CLKOUT0)
                                                     -2.828    -1.904 r  DCM_INST/inst/plle2_adv_inst/CLKOUT0
                         net (fo=1, routed)           0.595    -1.309    DCM_INST/inst/clk_out1_DCM_PLL
    BUFGCTRL_X0Y0        BUFG (Prop_bufg_I_O)         0.029    -1.280 r  DCM_INST/inst/clkout1_buf/O
                         net (fo=99, routed)          0.892    -0.388    sync_inst/CLK
    SLICE_X152Y151       FDRE                                         r  sync_inst/PosY_reg_reg[3]/C
                         clock pessimism             -0.214    -0.602    
    SLICE_X152Y151       FDRE (Hold_fdre_C_D)         0.120    -0.482    sync_inst/PosY_reg_reg[3]
  -------------------------------------------------------------------
                         required time                          0.482    
                         arrival time                          -0.284    
  -------------------------------------------------------------------
                         slack                                  0.198    

Slack (MET) :             0.201ns  (arrival time - required time)
  Source:                 sync_inst/PosY_reg_reg[1]/C
                            (rising edge-triggered cell FDRE clocked by clk_out1_DCM_PLL  {rise@0.000ns fall@20.000ns period=40.000ns})
  Destination:            sync_inst/PosY_reg_reg[5]/D
                            (rising edge-triggered cell FDRE clocked by clk_out1_DCM_PLL  {rise@0.000ns fall@20.000ns period=40.000ns})
  Path Group:             clk_out1_DCM_PLL
  Path Type:              Hold (Min at Fast Process Corner)
  Requirement:            0.000ns  (clk_out1_DCM_PLL rise@0.000ns - clk_out1_DCM_PLL rise@0.000ns)
  Data Path Delay:        0.335ns  (logic 0.186ns (55.575%)  route 0.149ns (44.425%))
  Logic Levels:           1  (LUT6=1)
  Clock Path Skew:        0.013ns (DCD - SCD - CPR)
    Destination Clock Delay (DCD):    -0.388ns
    Source Clock Delay      (SCD):    -0.615ns
    Clock Pessimism Removal (CPR):    0.214ns

    Location             Delay type                Incr(ns)  Path(ns)    Netlist Resource(s)
  -------------------------------------------------------------------    -------------------
                         (clock clk_out1_DCM_PLL rise edge)
                                                      0.000     0.000 r  
    R4                                                0.000     0.000 r  clk (IN)
                         net (fo=0)                   0.000     0.000    DCM_INST/inst/clk_in1
    R4                   IBUF (Prop_ibuf_I_O)         0.256     0.256 r  DCM_INST/inst/clkin1_ibufg/O
                         net (fo=1, routed)           0.440     0.696    DCM_INST/inst/clk_in1_DCM_PLL
    PLLE2_ADV_X1Y2       PLLE2_ADV (Prop_plle2_adv_CLKIN1_CLKOUT0)
                                                     -2.503    -1.807 r  DCM_INST/inst/plle2_adv_inst/CLKOUT0
                         net (fo=1, routed)           0.546    -1.261    DCM_INST/inst/clk_out1_DCM_PLL
    BUFGCTRL_X0Y0        BUFG (Prop_bufg_I_O)         0.026    -1.235 r  DCM_INST/inst/clkout1_buf/O
                         net (fo=99, routed)          0.620    -0.615    sync_inst/CLK
    SLICE_X153Y151       FDRE                                         r  sync_inst/PosY_reg_reg[1]/C
  -------------------------------------------------------------------    -------------------
    SLICE_X153Y151       FDRE (Prop_fdre_C_Q)         0.141    -0.474 r  sync_inst/PosY_reg_reg[1]/Q
                         net (fo=16, routed)          0.149    -0.325    sync_inst/PosY_reg_reg[1]
    SLICE_X152Y151       LUT6 (Prop_lut6_I3_O)        0.045    -0.280 r  sync_inst/PosY_reg[5]_i_1/O
                         net (fo=1, routed)           0.000    -0.280    sync_inst/PosY_reg[5]_i_1_n_0
    SLICE_X152Y151       FDRE                                         r  sync_inst/PosY_reg_reg[5]/D
  -------------------------------------------------------------------    -------------------

                         (clock clk_out1_DCM_PLL rise edge)
                                                      0.000     0.000 r  
    R4                                                0.000     0.000 r  clk (IN)
                         net (fo=0)                   0.000     0.000    DCM_INST/inst/clk_in1
    R4                   IBUF (Prop_ibuf_I_O)         0.444     0.444 r  DCM_INST/inst/clkin1_ibufg/O
                         net (fo=1, routed)           0.481     0.925    DCM_INST/inst/clk_in1_DCM_PLL
    PLLE2_ADV_X1Y2       PLLE2_ADV (Prop_plle2_adv_CLKIN1_CLKOUT0)
                                                     -2.828    -1.904 r  DCM_INST/inst/plle2_adv_inst/CLKOUT0
                         net (fo=1, routed)           0.595    -1.309    DCM_INST/inst/clk_out1_DCM_PLL
    BUFGCTRL_X0Y0        BUFG (Prop_bufg_I_O)         0.029    -1.280 r  DCM_INST/inst/clkout1_buf/O
                         net (fo=99, routed)          0.892    -0.388    sync_inst/CLK
    SLICE_X152Y151       FDRE                                         r  sync_inst/PosY_reg_reg[5]/C
                         clock pessimism             -0.214    -0.602    
    SLICE_X152Y151       FDRE (Hold_fdre_C_D)         0.121    -0.481    sync_inst/PosY_reg_reg[5]
  -------------------------------------------------------------------
                         required time                          0.481    
                         arrival time                          -0.280    
  -------------------------------------------------------------------
                         slack                                  0.201    

Slack (MET) :             0.206ns  (arrival time - required time)
  Source:                 sync_inst/PosY_reg_reg[3]/C
                            (rising edge-triggered cell FDRE clocked by clk_out1_DCM_PLL  {rise@0.000ns fall@20.000ns period=40.000ns})
  Destination:            sync_inst/PosY_reg_reg[4]/D
                            (rising edge-triggered cell FDRE clocked by clk_out1_DCM_PLL  {rise@0.000ns fall@20.000ns period=40.000ns})
  Path Group:             clk_out1_DCM_PLL
  Path Type:              Hold (Min at Fast Process Corner)
  Requirement:            0.000ns  (clk_out1_DCM_PLL rise@0.000ns - clk_out1_DCM_PLL rise@0.000ns)
  Data Path Delay:        0.539ns  (logic 0.209ns (38.808%)  route 0.330ns (61.192%))
  Logic Levels:           1  (LUT5=1)
  Clock Path Skew:        0.274ns (DCD - SCD - CPR)
    Destination Clock Delay (DCD):    -0.386ns
    Source Clock Delay      (SCD):    -0.615ns
    Clock Pessimism Removal (CPR):    -0.045ns

    Location             Delay type                Incr(ns)  Path(ns)    Netlist Resource(s)
  -------------------------------------------------------------------    -------------------
                         (clock clk_out1_DCM_PLL rise edge)
                                                      0.000     0.000 r  
    R4                                                0.000     0.000 r  clk (IN)
                         net (fo=0)                   0.000     0.000    DCM_INST/inst/clk_in1
    R4                   IBUF (Prop_ibuf_I_O)         0.256     0.256 r  DCM_INST/inst/clkin1_ibufg/O
                         net (fo=1, routed)           0.440     0.696    DCM_INST/inst/clk_in1_DCM_PLL
    PLLE2_ADV_X1Y2       PLLE2_ADV (Prop_plle2_adv_CLKIN1_CLKOUT0)
                                                     -2.503    -1.807 r  DCM_INST/inst/plle2_adv_inst/CLKOUT0
                         net (fo=1, routed)           0.546    -1.261    DCM_INST/inst/clk_out1_DCM_PLL
    BUFGCTRL_X0Y0        BUFG (Prop_bufg_I_O)         0.026    -1.235 r  DCM_INST/inst/clkout1_buf/O
                         net (fo=99, routed)          0.620    -0.615    sync_inst/CLK
    SLICE_X152Y151       FDRE                                         r  sync_inst/PosY_reg_reg[3]/C
  -------------------------------------------------------------------    -------------------
    SLICE_X152Y151       FDRE (Prop_fdre_C_Q)         0.164    -0.451 r  sync_inst/PosY_reg_reg[3]/Q
                         net (fo=15, routed)          0.274    -0.177    sync_inst/PosY_reg_reg[3]
    SLICE_X153Y149       LUT5 (Prop_lut5_I1_O)        0.045    -0.132 r  sync_inst/PosY_reg[4]_i_1/O
                         net (fo=1, routed)           0.055    -0.077    sync_inst/PosY_reg[4]_i_1_n_0
    SLICE_X152Y149       FDRE                                         r  sync_inst/PosY_reg_reg[4]/D
  -------------------------------------------------------------------    -------------------

                         (clock clk_out1_DCM_PLL rise edge)
                                                      0.000     0.000 r  
    R4                                                0.000     0.000 r  clk (IN)
                         net (fo=0)                   0.000     0.000    DCM_INST/inst/clk_in1
    R4                   IBUF (Prop_ibuf_I_O)         0.444     0.444 r  DCM_INST/inst/clkin1_ibufg/O
                         net (fo=1, routed)           0.481     0.925    DCM_INST/inst/clk_in1_DCM_PLL
    PLLE2_ADV_X1Y2       PLLE2_ADV (Prop_plle2_adv_CLKIN1_CLKOUT0)
                                                     -2.828    -1.904 r  DCM_INST/inst/plle2_adv_inst/CLKOUT0
                         net (fo=1, routed)           0.595    -1.309    DCM_INST/inst/clk_out1_DCM_PLL
    BUFGCTRL_X0Y0        BUFG (Prop_bufg_I_O)         0.029    -1.280 r  DCM_INST/inst/clkout1_buf/O
                         net (fo=99, routed)          0.894    -0.386    sync_inst/CLK
    SLICE_X152Y149       FDRE                                         r  sync_inst/PosY_reg_reg[4]/C
                         clock pessimism              0.045    -0.341    
    SLICE_X152Y149       FDRE (Hold_fdre_C_D)         0.059    -0.282    sync_inst/PosY_reg_reg[4]
  -------------------------------------------------------------------
                         required time                          0.282    
                         arrival time                          -0.077    
  -------------------------------------------------------------------
                         slack                                  0.206    

Slack (MET) :             0.209ns  (arrival time - required time)
  Source:                 sync_inst/PosY_reg_reg[7]/C
                            (rising edge-triggered cell FDRE clocked by clk_out1_DCM_PLL  {rise@0.000ns fall@20.000ns period=40.000ns})
  Destination:            sync_inst/PosY_reg_reg[9]/D
                            (rising edge-triggered cell FDRE clocked by clk_out1_DCM_PLL  {rise@0.000ns fall@20.000ns period=40.000ns})
  Path Group:             clk_out1_DCM_PLL
  Path Type:              Hold (Min at Fast Process Corner)
  Requirement:            0.000ns  (clk_out1_DCM_PLL rise@0.000ns - clk_out1_DCM_PLL rise@0.000ns)
  Data Path Delay:        0.329ns  (logic 0.213ns (64.660%)  route 0.116ns (35.340%))
  Logic Levels:           1  (LUT5=1)
  Clock Path Skew:        0.013ns (DCD - SCD - CPR)
    Destination Clock Delay (DCD):    -0.388ns
    Source Clock Delay      (SCD):    -0.615ns
    Clock Pessimism Removal (CPR):    0.214ns

    Location             Delay type                Incr(ns)  Path(ns)    Netlist Resource(s)
  -------------------------------------------------------------------    -------------------
                         (clock clk_out1_DCM_PLL rise edge)
                                                      0.000     0.000 r  
    R4                                                0.000     0.000 r  clk (IN)
                         net (fo=0)                   0.000     0.000    DCM_INST/inst/clk_in1
    R4                   IBUF (Prop_ibuf_I_O)         0.256     0.256 r  DCM_INST/inst/clkin1_ibufg/O
                         net (fo=1, routed)           0.440     0.696    DCM_INST/inst/clk_in1_DCM_PLL
    PLLE2_ADV_X1Y2       PLLE2_ADV (Prop_plle2_adv_CLKIN1_CLKOUT0)
                                                     -2.503    -1.807 r  DCM_INST/inst/plle2_adv_inst/CLKOUT0
                         net (fo=1, routed)           0.546    -1.261    DCM_INST/inst/clk_out1_DCM_PLL
    BUFGCTRL_X0Y0        BUFG (Prop_bufg_I_O)         0.026    -1.235 r  DCM_INST/inst/clkout1_buf/O
                         net (fo=99, routed)          0.620    -0.615    sync_inst/CLK
    SLICE_X152Y150       FDRE                                         r  sync_inst/PosY_reg_reg[7]/C
  -------------------------------------------------------------------    -------------------
    SLICE_X152Y150       FDRE (Prop_fdre_C_Q)         0.164    -0.451 r  sync_inst/PosY_reg_reg[7]/Q
                         net (fo=6, routed)           0.116    -0.335    sync_inst/PosY_reg_reg[7]
    SLICE_X153Y150       LUT5 (Prop_lut5_I1_O)        0.049    -0.286 r  sync_inst/PosY_reg[9]_i_2/O
                         net (fo=1, routed)           0.000    -0.286    sync_inst/p_0_in__0[9]
    SLICE_X153Y150       FDRE                                         r  sync_inst/PosY_reg_reg[9]/D
  -------------------------------------------------------------------    -------------------

                         (clock clk_out1_DCM_PLL rise edge)
                                                      0.000     0.000 r  
    R4                                                0.000     0.000 r  clk (IN)
                         net (fo=0)                   0.000     0.000    DCM_INST/inst/clk_in1
    R4                   IBUF (Prop_ibuf_I_O)         0.444     0.444 r  DCM_INST/inst/clkin1_ibufg/O
                         net (fo=1, routed)           0.481     0.925    DCM_INST/inst/clk_in1_DCM_PLL
    PLLE2_ADV_X1Y2       PLLE2_ADV (Prop_plle2_adv_CLKIN1_CLKOUT0)
                                                     -2.828    -1.904 r  DCM_INST/inst/plle2_adv_inst/CLKOUT0
                         net (fo=1, routed)           0.595    -1.309    DCM_INST/inst/clk_out1_DCM_PLL
    BUFGCTRL_X0Y0        BUFG (Prop_bufg_I_O)         0.029    -1.280 r  DCM_INST/inst/clkout1_buf/O
                         net (fo=99, routed)          0.892    -0.388    sync_inst/CLK
    SLICE_X153Y150       FDRE                                         r  sync_inst/PosY_reg_reg[9]/C
                         clock pessimism             -0.214    -0.602    
    SLICE_X153Y150       FDRE (Hold_fdre_C_D)         0.107    -0.495    sync_inst/PosY_reg_reg[9]
  -------------------------------------------------------------------
                         required time                          0.495    
                         arrival time                          -0.286    
  -------------------------------------------------------------------
                         slack                                  0.209    

Slack (MET) :             0.220ns  (arrival time - required time)
  Source:                 sync_inst/PosY_reg_reg[7]/C
                            (rising edge-triggered cell FDRE clocked by clk_out1_DCM_PLL  {rise@0.000ns fall@20.000ns period=40.000ns})
  Destination:            sync_inst/PosY_reg_reg[8]/D
                            (rising edge-triggered cell FDRE clocked by clk_out1_DCM_PLL  {rise@0.000ns fall@20.000ns period=40.000ns})
  Path Group:             clk_out1_DCM_PLL
  Path Type:              Hold (Min at Fast Process Corner)
  Requirement:            0.000ns  (clk_out1_DCM_PLL rise@0.000ns - clk_out1_DCM_PLL rise@0.000ns)
  Data Path Delay:        0.325ns  (logic 0.209ns (64.226%)  route 0.116ns (35.774%))
  Logic Levels:           1  (LUT4=1)
  Clock Path Skew:        0.013ns (DCD - SCD - CPR)
    Destination Clock Delay (DCD):    -0.388ns
    Source Clock Delay      (SCD):    -0.615ns
    Clock Pessimism Removal (CPR):    0.214ns

    Location             Delay type                Incr(ns)  Path(ns)    Netlist Resource(s)
  -------------------------------------------------------------------    -------------------
                         (clock clk_out1_DCM_PLL rise edge)
                                                      0.000     0.000 r  
    R4                                                0.000     0.000 r  clk (IN)
                         net (fo=0)                   0.000     0.000    DCM_INST/inst/clk_in1
    R4                   IBUF (Prop_ibuf_I_O)         0.256     0.256 r  DCM_INST/inst/clkin1_ibufg/O
                         net (fo=1, routed)           0.440     0.696    DCM_INST/inst/clk_in1_DCM_PLL
    PLLE2_ADV_X1Y2       PLLE2_ADV (Prop_plle2_adv_CLKIN1_CLKOUT0)
                                                     -2.503    -1.807 r  DCM_INST/inst/plle2_adv_inst/CLKOUT0
                         net (fo=1, routed)           0.546    -1.261    DCM_INST/inst/clk_out1_DCM_PLL
    BUFGCTRL_X0Y0        BUFG (Prop_bufg_I_O)         0.026    -1.235 r  DCM_INST/inst/clkout1_buf/O
                         net (fo=99, routed)          0.620    -0.615    sync_inst/CLK
    SLICE_X152Y150       FDRE                                         r  sync_inst/PosY_reg_reg[7]/C
  -------------------------------------------------------------------    -------------------
    SLICE_X152Y150       FDRE (Prop_fdre_C_Q)         0.164    -0.451 r  sync_inst/PosY_reg_reg[7]/Q
                         net (fo=6, routed)           0.116    -0.335    sync_inst/PosY_reg_reg[7]
    SLICE_X153Y150       LUT4 (Prop_lut4_I3_O)        0.045    -0.290 r  sync_inst/PosY_reg[8]_i_1/O
                         net (fo=1, routed)           0.000    -0.290    sync_inst/p_0_in__0[8]
    SLICE_X153Y150       FDRE                                         r  sync_inst/PosY_reg_reg[8]/D
  -------------------------------------------------------------------    -------------------

                         (clock clk_out1_DCM_PLL rise edge)
                                                      0.000     0.000 r  
    R4                                                0.000     0.000 r  clk (IN)
                         net (fo=0)                   0.000     0.000    DCM_INST/inst/clk_in1
    R4                   IBUF (Prop_ibuf_I_O)         0.444     0.444 r  DCM_INST/inst/clkin1_ibufg/O
                         net (fo=1, routed)           0.481     0.925    DCM_INST/inst/clk_in1_DCM_PLL
    PLLE2_ADV_X1Y2       PLLE2_ADV (Prop_plle2_adv_CLKIN1_CLKOUT0)
                                                     -2.828    -1.904 r  DCM_INST/inst/plle2_adv_inst/CLKOUT0
                         net (fo=1, routed)           0.595    -1.309    DCM_INST/inst/clk_out1_DCM_PLL
    BUFGCTRL_X0Y0        BUFG (Prop_bufg_I_O)         0.029    -1.280 r  DCM_INST/inst/clkout1_buf/O
                         net (fo=99, routed)          0.892    -0.388    sync_inst/CLK
    SLICE_X153Y150       FDRE                                         r  sync_inst/PosY_reg_reg[8]/C
                         clock pessimism             -0.214    -0.602    
    SLICE_X153Y150       FDRE (Hold_fdre_C_D)         0.092    -0.510    sync_inst/PosY_reg_reg[8]
  -------------------------------------------------------------------
                         required time                          0.510    
                         arrival time                          -0.290    
  -------------------------------------------------------------------
                         slack                                  0.220    

Slack (MET) :             0.221ns  (arrival time - required time)
  Source:                 sync_inst/PosX_reg_reg[5]/C
                            (rising edge-triggered cell FDRE clocked by clk_out1_DCM_PLL  {rise@0.000ns fall@20.000ns period=40.000ns})
  Destination:            sync_inst/PosX_reg_reg[6]/D
                            (rising edge-triggered cell FDRE clocked by clk_out1_DCM_PLL  {rise@0.000ns fall@20.000ns period=40.000ns})
  Path Group:             clk_out1_DCM_PLL
  Path Type:              Hold (Min at Fast Process Corner)
  Requirement:            0.000ns  (clk_out1_DCM_PLL rise@0.000ns - clk_out1_DCM_PLL rise@0.000ns)
  Data Path Delay:        0.326ns  (logic 0.209ns (64.199%)  route 0.117ns (35.801%))
  Logic Levels:           1  (LUT3=1)
  Clock Path Skew:        0.013ns (DCD - SCD - CPR)
    Destination Clock Delay (DCD):    -0.386ns
    Source Clock Delay      (SCD):    -0.613ns
    Clock Pessimism Removal (CPR):    0.214ns

    Location             Delay type                Incr(ns)  Path(ns)    Netlist Resource(s)
  -------------------------------------------------------------------    -------------------
                         (clock clk_out1_DCM_PLL rise edge)
                                                      0.000     0.000 r  
    R4                                                0.000     0.000 r  clk (IN)
                         net (fo=0)                   0.000     0.000    DCM_INST/inst/clk_in1
    R4                   IBUF (Prop_ibuf_I_O)         0.256     0.256 r  DCM_INST/inst/clkin1_ibufg/O
                         net (fo=1, routed)           0.440     0.696    DCM_INST/inst/clk_in1_DCM_PLL
    PLLE2_ADV_X1Y2       PLLE2_ADV (Prop_plle2_adv_CLKIN1_CLKOUT0)
                                                     -2.503    -1.807 r  DCM_INST/inst/plle2_adv_inst/CLKOUT0
                         net (fo=1, routed)           0.546    -1.261    DCM_INST/inst/clk_out1_DCM_PLL
    BUFGCTRL_X0Y0        BUFG (Prop_bufg_I_O)         0.026    -1.235 r  DCM_INST/inst/clkout1_buf/O
                         net (fo=99, routed)          0.622    -0.613    sync_inst/CLK
    SLICE_X154Y148       FDRE                                         r  sync_inst/PosX_reg_reg[5]/C
  -------------------------------------------------------------------    -------------------
    SLICE_X154Y148       FDRE (Prop_fdre_C_Q)         0.164    -0.449 r  sync_inst/PosX_reg_reg[5]/Q
                         net (fo=15, routed)          0.117    -0.333    sync_inst/PosX_reg_reg[5]
    SLICE_X155Y148       LUT3 (Prop_lut3_I2_O)        0.045    -0.288 r  sync_inst/PosX_reg[6]_i_1/O
                         net (fo=1, routed)           0.000    -0.288    sync_inst/p_0_in[6]
    SLICE_X155Y148       FDRE                                         r  sync_inst/PosX_reg_reg[6]/D
  -------------------------------------------------------------------    -------------------

                         (clock clk_out1_DCM_PLL rise edge)
                                                      0.000     0.000 r  
    R4                                                0.000     0.000 r  clk (IN)
                         net (fo=0)                   0.000     0.000    DCM_INST/inst/clk_in1
    R4                   IBUF (Prop_ibuf_I_O)         0.444     0.444 r  DCM_INST/inst/clkin1_ibufg/O
                         net (fo=1, routed)           0.481     0.925    DCM_INST/inst/clk_in1_DCM_PLL
    PLLE2_ADV_X1Y2       PLLE2_ADV (Prop_plle2_adv_CLKIN1_CLKOUT0)
                                                     -2.828    -1.904 r  DCM_INST/inst/plle2_adv_inst/CLKOUT0
                         net (fo=1, routed)           0.595    -1.309    DCM_INST/inst/clk_out1_DCM_PLL
    BUFGCTRL_X0Y0        BUFG (Prop_bufg_I_O)         0.029    -1.280 r  DCM_INST/inst/clkout1_buf/O
                         net (fo=99, routed)          0.894    -0.386    sync_inst/CLK
    SLICE_X155Y148       FDRE                                         r  sync_inst/PosX_reg_reg[6]/C
                         clock pessimism             -0.214    -0.600    
    SLICE_X155Y148       FDRE (Hold_fdre_C_D)         0.092    -0.508    sync_inst/PosX_reg_reg[6]
  -------------------------------------------------------------------
                         required time                          0.508    
                         arrival time                          -0.288    
  -------------------------------------------------------------------
                         slack                                  0.221    

Slack (MET) :             0.233ns  (arrival time - required time)
  Source:                 sync_inst/PosX_reg_reg[8]/C
                            (rising edge-triggered cell FDRE clocked by clk_out1_DCM_PLL  {rise@0.000ns fall@20.000ns period=40.000ns})
  Destination:            sync_inst/PosX_reg_reg[9]/D
                            (rising edge-triggered cell FDRE clocked by clk_out1_DCM_PLL  {rise@0.000ns fall@20.000ns period=40.000ns})
  Path Group:             clk_out1_DCM_PLL
  Path Type:              Hold (Min at Fast Process Corner)
  Requirement:            0.000ns  (clk_out1_DCM_PLL rise@0.000ns - clk_out1_DCM_PLL rise@0.000ns)
  Data Path Delay:        0.325ns  (logic 0.227ns (69.909%)  route 0.098ns (30.091%))
  Logic Levels:           1  (LUT6=1)
  Clock Path Skew:        0.000ns (DCD - SCD - CPR)
    Destination Clock Delay (DCD):    -0.386ns
    Source Clock Delay      (SCD):    -0.613ns
    Clock Pessimism Removal (CPR):    0.227ns

    Location             Delay type                Incr(ns)  Path(ns)    Netlist Resource(s)
  -------------------------------------------------------------------    -------------------
                         (clock clk_out1_DCM_PLL rise edge)
                                                      0.000     0.000 r  
    R4                                                0.000     0.000 r  clk (IN)
                         net (fo=0)                   0.000     0.000    DCM_INST/inst/clk_in1
    R4                   IBUF (Prop_ibuf_I_O)         0.256     0.256 r  DCM_INST/inst/clkin1_ibufg/O
                         net (fo=1, routed)           0.440     0.696    DCM_INST/inst/clk_in1_DCM_PLL
    PLLE2_ADV_X1Y2       PLLE2_ADV (Prop_plle2_adv_CLKIN1_CLKOUT0)
                                                     -2.503    -1.807 r  DCM_INST/inst/plle2_adv_inst/CLKOUT0
                         net (fo=1, routed)           0.546    -1.261    DCM_INST/inst/clk_out1_DCM_PLL
    BUFGCTRL_X0Y0        BUFG (Prop_bufg_I_O)         0.026    -1.235 r  DCM_INST/inst/clkout1_buf/O
                         net (fo=99, routed)          0.622    -0.613    sync_inst/CLK
    SLICE_X155Y148       FDRE                                         r  sync_inst/PosX_reg_reg[8]/C
  -------------------------------------------------------------------    -------------------
    SLICE_X155Y148       FDRE (Prop_fdre_C_Q)         0.128    -0.485 r  sync_inst/PosX_reg_reg[8]/Q
                         net (fo=6, routed)           0.098    -0.387    sync_inst/PosX_reg_reg[8]
    SLICE_X155Y148       LUT6 (Prop_lut6_I1_O)        0.099    -0.288 r  sync_inst/PosX_reg[9]_i_2/O
                         net (fo=1, routed)           0.000    -0.288    sync_inst/p_0_in[9]
    SLICE_X155Y148       FDRE                                         r  sync_inst/PosX_reg_reg[9]/D
  -------------------------------------------------------------------    -------------------

                         (clock clk_out1_DCM_PLL rise edge)
                                                      0.000     0.000 r  
    R4                                                0.000     0.000 r  clk (IN)
                         net (fo=0)                   0.000     0.000    DCM_INST/inst/clk_in1
    R4                   IBUF (Prop_ibuf_I_O)         0.444     0.444 r  DCM_INST/inst/clkin1_ibufg/O
                         net (fo=1, routed)           0.481     0.925    DCM_INST/inst/clk_in1_DCM_PLL
    PLLE2_ADV_X1Y2       PLLE2_ADV (Prop_plle2_adv_CLKIN1_CLKOUT0)
                                                     -2.828    -1.904 r  DCM_INST/inst/plle2_adv_inst/CLKOUT0
                         net (fo=1, routed)           0.595    -1.309    DCM_INST/inst/clk_out1_DCM_PLL
    BUFGCTRL_X0Y0        BUFG (Prop_bufg_I_O)         0.029    -1.280 r  DCM_INST/inst/clkout1_buf/O
                         net (fo=99, routed)          0.894    -0.386    sync_inst/CLK
    SLICE_X155Y148       FDRE                                         r  sync_inst/PosX_reg_reg[9]/C
                         clock pessimism             -0.227    -0.613    
    SLICE_X155Y148       FDRE (Hold_fdre_C_D)         0.092    -0.521    sync_inst/PosX_reg_reg[9]
  -------------------------------------------------------------------
                         required time                          0.521    
                         arrival time                          -0.288    
  -------------------------------------------------------------------
                         slack                                  0.233    





Pulse Width Checks
--------------------------------------------------------------------------------------
Clock Name:         clk_out1_DCM_PLL
Waveform(ns):       { 0.000 20.000 }
Period(ns):         40.000
Sources:            { DCM_INST/inst/plle2_adv_inst/CLKOUT0 }

Check Type        Corner  Lib Pin            Reference Pin  Required(ns)  Actual(ns)  Slack(ns)  Location        Pin
Min Period        n/a     BUFG/I             n/a            2.155         40.000      37.845     BUFGCTRL_X0Y0   DCM_INST/inst/clkout1_buf/I
Min Period        n/a     PLLE2_ADV/CLKOUT0  n/a            1.249         40.000      38.751     PLLE2_ADV_X1Y2  DCM_INST/inst/plle2_adv_inst/CLKOUT0
Min Period        n/a     FDRE/C             n/a            1.000         40.000      39.000     SLICE_X137Y151  ROMInst/U0/synth_options.dist_mem_inst/gen_rom.rom_inst/qspo_int_reg[0]/C
Min Period        n/a     FDRE/C             n/a            1.000         40.000      39.000     SLICE_X153Y138  ROMInst/U0/synth_options.dist_mem_inst/gen_rom.rom_inst/qspo_int_reg[10]/C
Min Period        n/a     FDRE/C             n/a            1.000         40.000      39.000     SLICE_X151Y144  ROMInst/U0/synth_options.dist_mem_inst/gen_rom.rom_inst/qspo_int_reg[11]/C
Min Period        n/a     FDRE/C             n/a            1.000         40.000      39.000     SLICE_X147Y138  ROMInst/U0/synth_options.dist_mem_inst/gen_rom.rom_inst/qspo_int_reg[12]/C
Min Period        n/a     FDRE/C             n/a            1.000         40.000      39.000     SLICE_X153Y140  ROMInst/U0/synth_options.dist_mem_inst/gen_rom.rom_inst/qspo_int_reg[13]/C
Min Period        n/a     FDRE/C             n/a            1.000         40.000      39.000     SLICE_X145Y143  ROMInst/U0/synth_options.dist_mem_inst/gen_rom.rom_inst/qspo_int_reg[14]/C
Min Period        n/a     FDRE/C             n/a            1.000         40.000      39.000     SLICE_X123Y142  ROMInst/U0/synth_options.dist_mem_inst/gen_rom.rom_inst/qspo_int_reg[15]/C
Min Period        n/a     FDRE/C             n/a            1.000         40.000      39.000     SLICE_X129Y153  ROMInst/U0/synth_options.dist_mem_inst/gen_rom.rom_inst/qspo_int_reg[16]/C
Max Period        n/a     PLLE2_ADV/CLKOUT0  n/a            160.000       40.000      120.000    PLLE2_ADV_X1Y2  DCM_INST/inst/plle2_adv_inst/CLKOUT0
Low Pulse Width   Slow    FDRE/C             n/a            0.500         20.000      19.500     SLICE_X137Y151  ROMInst/U0/synth_options.dist_mem_inst/gen_rom.rom_inst/qspo_int_reg[0]/C
Low Pulse Width   Fast    FDRE/C             n/a            0.500         20.000      19.500     SLICE_X137Y151  ROMInst/U0/synth_options.dist_mem_inst/gen_rom.rom_inst/qspo_int_reg[0]/C
Low Pulse Width   Slow    FDRE/C             n/a            0.500         20.000      19.500     SLICE_X153Y138  ROMInst/U0/synth_options.dist_mem_inst/gen_rom.rom_inst/qspo_int_reg[10]/C
Low Pulse Width   Fast    FDRE/C             n/a            0.500         20.000      19.500     SLICE_X153Y138  ROMInst/U0/synth_options.dist_mem_inst/gen_rom.rom_inst/qspo_int_reg[10]/C
Low Pulse Width   Slow    FDRE/C             n/a            0.500         20.000      19.500     SLICE_X151Y144  ROMInst/U0/synth_options.dist_mem_inst/gen_rom.rom_inst/qspo_int_reg[11]/C
Low Pulse Width   Fast    FDRE/C             n/a            0.500         20.000      19.500     SLICE_X151Y144  ROMInst/U0/synth_options.dist_mem_inst/gen_rom.rom_inst/qspo_int_reg[11]/C
Low Pulse Width   Slow    FDRE/C             n/a            0.500         20.000      19.500     SLICE_X147Y138  ROMInst/U0/synth_options.dist_mem_inst/gen_rom.rom_inst/qspo_int_reg[12]/C
Low Pulse Width   Fast    FDRE/C             n/a            0.500         20.000      19.500     SLICE_X147Y138  ROMInst/U0/synth_options.dist_mem_inst/gen_rom.rom_inst/qspo_int_reg[12]/C
Low Pulse Width   Slow    FDRE/C             n/a            0.500         20.000      19.500     SLICE_X153Y140  ROMInst/U0/synth_options.dist_mem_inst/gen_rom.rom_inst/qspo_int_reg[13]/C
Low Pulse Width   Fast    FDRE/C             n/a            0.500         20.000      19.500     SLICE_X153Y140  ROMInst/U0/synth_options.dist_mem_inst/gen_rom.rom_inst/qspo_int_reg[13]/C
High Pulse Width  Slow    FDRE/C             n/a            0.500         20.000      19.500     SLICE_X137Y151  ROMInst/U0/synth_options.dist_mem_inst/gen_rom.rom_inst/qspo_int_reg[0]/C
High Pulse Width  Fast    FDRE/C             n/a            0.500         20.000      19.500     SLICE_X137Y151  ROMInst/U0/synth_options.dist_mem_inst/gen_rom.rom_inst/qspo_int_reg[0]/C
High Pulse Width  Slow    FDRE/C             n/a            0.500         20.000      19.500     SLICE_X153Y138  ROMInst/U0/synth_options.dist_mem_inst/gen_rom.rom_inst/qspo_int_reg[10]/C
High Pulse Width  Fast    FDRE/C             n/a            0.500         20.000      19.500     SLICE_X153Y138  ROMInst/U0/synth_options.dist_mem_inst/gen_rom.rom_inst/qspo_int_reg[10]/C
High Pulse Width  Slow    FDRE/C             n/a            0.500         20.000      19.500     SLICE_X151Y144  ROMInst/U0/synth_options.dist_mem_inst/gen_rom.rom_inst/qspo_int_reg[11]/C
High Pulse Width  Fast    FDRE/C             n/a            0.500         20.000      19.500     SLICE_X151Y144  ROMInst/U0/synth_options.dist_mem_inst/gen_rom.rom_inst/qspo_int_reg[11]/C
High Pulse Width  Slow    FDRE/C             n/a            0.500         20.000      19.500     SLICE_X147Y138  ROMInst/U0/synth_options.dist_mem_inst/gen_rom.rom_inst/qspo_int_reg[12]/C
High Pulse Width  Fast    FDRE/C             n/a            0.500         20.000      19.500     SLICE_X147Y138  ROMInst/U0/synth_options.dist_mem_inst/gen_rom.rom_inst/qspo_int_reg[12]/C
High Pulse Width  Slow    FDRE/C             n/a            0.500         20.000      19.500     SLICE_X153Y140  ROMInst/U0/synth_options.dist_mem_inst/gen_rom.rom_inst/qspo_int_reg[13]/C
High Pulse Width  Fast    FDRE/C             n/a            0.500         20.000      19.500     SLICE_X153Y140  ROMInst/U0/synth_options.dist_mem_inst/gen_rom.rom_inst/qspo_int_reg[13]/C



---------------------------------------------------------------------------------------------------
From Clock:  clk_out2_DCM_PLL
  To Clock:  clk_out2_DCM_PLL

Setup :            0  Failing Endpoints,  Worst Slack        1.222ns,  Total Violation        0.000ns
Hold  :            0  Failing Endpoints,  Worst Slack        0.195ns,  Total Violation        0.000ns
PW    :            0  Failing Endpoints,  Worst Slack        1.500ns,  Total Violation        0.000ns
---------------------------------------------------------------------------------------------------


Max Delay Paths
--------------------------------------------------------------------------------------
Slack (MET) :             1.222ns  (required time - arrival time)
  Source:                 TMDS_inst/TmdsBlue_reg[7]/C
                            (rising edge-triggered cell FDRE clocked by clk_out2_DCM_PLL  {rise@0.000ns fall@2.000ns period=4.000ns})
  Destination:            TMDS_inst/TMDSch0_reg/D
                            (rising edge-triggered cell FDRE clocked by clk_out2_DCM_PLL  {rise@0.000ns fall@2.000ns period=4.000ns})
  Path Group:             clk_out2_DCM_PLL
  Path Type:              Setup (Max at Slow Process Corner)
  Requirement:            4.000ns  (clk_out2_DCM_PLL rise@4.000ns - clk_out2_DCM_PLL rise@0.000ns)
  Data Path Delay:        2.698ns  (logic 1.234ns (45.729%)  route 1.464ns (54.271%))
  Logic Levels:           3  (LUT5=1 LUT6=1 MUXF7=1)
  Clock Path Skew:        -0.043ns (DCD - SCD + CPR)
    Destination Clock Delay (DCD):    -2.165ns = ( 1.835 - 4.000 ) 
    Source Clock Delay      (SCD):    -2.557ns
    Clock Pessimism Removal (CPR):    -0.435ns
  Clock Uncertainty:      0.065ns  ((TSJ^2 + DJ^2)^1/2) / 2 + PE
    Total System Jitter     (TSJ):    0.071ns
    Discrete Jitter          (DJ):    0.110ns
    Phase Error              (PE):    0.000ns

    Location             Delay type                Incr(ns)  Path(ns)    Netlist Resource(s)
  -------------------------------------------------------------------    -------------------
                         (clock clk_out2_DCM_PLL rise edge)
                                                      0.000     0.000 r  
    R4                                                0.000     0.000 r  clk (IN)
                         net (fo=0)                   0.000     0.000    DCM_INST/inst/clk_in1
    R4                   IBUF (Prop_ibuf_I_O)         1.488     1.488 r  DCM_INST/inst/clkin1_ibufg/O
                         net (fo=1, routed)           1.253     2.741    DCM_INST/inst/clk_in1_DCM_PLL
    PLLE2_ADV_X1Y2       PLLE2_ADV (Prop_plle2_adv_CLKIN1_CLKOUT1)
                                                     -8.953    -6.212 r  DCM_INST/inst/plle2_adv_inst/CLKOUT1
                         net (fo=1, routed)           1.802    -4.409    TMDS_inst/tmds_clk
    BUFGCTRL_X0Y1        BUFG (Prop_bufg_I_O)         0.096    -4.313 r  TMDS_inst/tmds_clk_IBUF_BUFG_inst/O
                         net (fo=38, routed)          1.756    -2.557    TMDS_inst/tmds_clk_IBUF_BUFG
    SLICE_X145Y147       FDRE                                         r  TMDS_inst/TmdsBlue_reg[7]/C
  -------------------------------------------------------------------    -------------------
    SLICE_X145Y147       FDRE (Prop_fdre_C_Q)         0.419    -2.138 r  TMDS_inst/TmdsBlue_reg[7]/Q
                         net (fo=1, routed)           0.998    -1.140    TMDS_inst/TmdsBlue[7]
    SLICE_X145Y147       LUT6 (Prop_lut6_I0_O)        0.299    -0.841 r  TMDS_inst/TMDSch0_i_4/O
                         net (fo=1, routed)           0.000    -0.841    TMDS_inst/TMDSch0_i_4_n_0
    SLICE_X145Y147       MUXF7 (Prop_muxf7_I1_O)      0.217    -0.624 r  TMDS_inst/TMDSch0_reg_i_2/O
                         net (fo=1, routed)           0.467    -0.158    TMDS_inst/TMDSch0_reg_i_2_n_0
    SLICE_X143Y146       LUT5 (Prop_lut5_I4_O)        0.299     0.141 r  TMDS_inst/TMDSch0_i_1/O
                         net (fo=1, routed)           0.000     0.141    TMDS_inst/TMDSch0_i_1_n_0
    SLICE_X143Y146       FDRE                                         r  TMDS_inst/TMDSch0_reg/D
  -------------------------------------------------------------------    -------------------

                         (clock clk_out2_DCM_PLL rise edge)
                                                      4.000     4.000 r  
    R4                                                0.000     4.000 r  clk (IN)
                         net (fo=0)                   0.000     4.000    DCM_INST/inst/clk_in1
    R4                   IBUF (Prop_ibuf_I_O)         1.417     5.417 r  DCM_INST/inst/clkin1_ibufg/O
                         net (fo=1, routed)           1.181     6.598    DCM_INST/inst/clk_in1_DCM_PLL
    PLLE2_ADV_X1Y2       PLLE2_ADV (Prop_plle2_adv_CLKIN1_CLKOUT1)
                                                     -8.206    -1.607 r  DCM_INST/inst/plle2_adv_inst/CLKOUT1
                         net (fo=1, routed)           1.718     0.111    TMDS_inst/tmds_clk
    BUFGCTRL_X0Y1        BUFG (Prop_bufg_I_O)         0.091     0.202 r  TMDS_inst/tmds_clk_IBUF_BUFG_inst/O
                         net (fo=38, routed)          1.633     1.835    TMDS_inst/tmds_clk_IBUF_BUFG
    SLICE_X143Y146       FDRE                                         r  TMDS_inst/TMDSch0_reg/C
                         clock pessimism             -0.435     1.400    
                         clock uncertainty           -0.065     1.334    
    SLICE_X143Y146       FDRE (Setup_fdre_C_D)        0.029     1.363    TMDS_inst/TMDSch0_reg
  -------------------------------------------------------------------
                         required time                          1.363    
                         arrival time                          -0.141    
  -------------------------------------------------------------------
                         slack                                  1.222    

Slack (MET) :             1.275ns  (required time - arrival time)
  Source:                 TMDS_inst/bit_q_reg[1]/C
                            (rising edge-triggered cell FDRE clocked by clk_out2_DCM_PLL  {rise@0.000ns fall@2.000ns period=4.000ns})
  Destination:            TMDS_inst/bit_q_reg[0]/R
                            (rising edge-triggered cell FDRE clocked by clk_out2_DCM_PLL  {rise@0.000ns fall@2.000ns period=4.000ns})
  Path Group:             clk_out2_DCM_PLL
  Path Type:              Setup (Max at Slow Process Corner)
  Requirement:            4.000ns  (clk_out2_DCM_PLL rise@4.000ns - clk_out2_DCM_PLL rise@0.000ns)
  Data Path Delay:        2.136ns  (logic 0.642ns (30.061%)  route 1.494ns (69.939%))
  Logic Levels:           1  (LUT5=1)
  Clock Path Skew:        0.000ns (DCD - SCD + CPR)
    Destination Clock Delay (DCD):    -2.165ns = ( 1.835 - 4.000 ) 
    Source Clock Delay      (SCD):    -2.559ns
    Clock Pessimism Removal (CPR):    -0.394ns
  Clock Uncertainty:      0.065ns  ((TSJ^2 + DJ^2)^1/2) / 2 + PE
    Total System Jitter     (TSJ):    0.071ns
    Discrete Jitter          (DJ):    0.110ns
    Phase Error              (PE):    0.000ns

    Location             Delay type                Incr(ns)  Path(ns)    Netlist Resource(s)
  -------------------------------------------------------------------    -------------------
                         (clock clk_out2_DCM_PLL rise edge)
                                                      0.000     0.000 r  
    R4                                                0.000     0.000 r  clk (IN)
                         net (fo=0)                   0.000     0.000    DCM_INST/inst/clk_in1
    R4                   IBUF (Prop_ibuf_I_O)         1.488     1.488 r  DCM_INST/inst/clkin1_ibufg/O
                         net (fo=1, routed)           1.253     2.741    DCM_INST/inst/clk_in1_DCM_PLL
    PLLE2_ADV_X1Y2       PLLE2_ADV (Prop_plle2_adv_CLKIN1_CLKOUT1)
                                                     -8.953    -6.212 r  DCM_INST/inst/plle2_adv_inst/CLKOUT1
                         net (fo=1, routed)           1.802    -4.409    TMDS_inst/tmds_clk
    BUFGCTRL_X0Y1        BUFG (Prop_bufg_I_O)         0.096    -4.313 r  TMDS_inst/tmds_clk_IBUF_BUFG_inst/O
                         net (fo=38, routed)          1.754    -2.559    TMDS_inst/tmds_clk_IBUF_BUFG
    SLICE_X142Y146       FDRE                                         r  TMDS_inst/bit_q_reg[1]/C
  -------------------------------------------------------------------    -------------------
    SLICE_X142Y146       FDRE (Prop_fdre_C_Q)         0.518    -2.041 f  TMDS_inst/bit_q_reg[1]/Q
                         net (fo=11, routed)          0.881    -1.160    TMDS_inst/bit_q_reg[1]
    SLICE_X142Y146       LUT5 (Prop_lut5_I2_O)        0.124    -1.036 r  TMDS_inst/TmdsBlue[9]_i_1/O
                         net (fo=35, routed)          0.613    -0.423    TMDS_inst/clear
    SLICE_X142Y146       FDRE                                         r  TMDS_inst/bit_q_reg[0]/R
  -------------------------------------------------------------------    -------------------

                         (clock clk_out2_DCM_PLL rise edge)
                                                      4.000     4.000 r  
    R4                                                0.000     4.000 r  clk (IN)
                         net (fo=0)                   0.000     4.000    DCM_INST/inst/clk_in1
    R4                   IBUF (Prop_ibuf_I_O)         1.417     5.417 r  DCM_INST/inst/clkin1_ibufg/O
                         net (fo=1, routed)           1.181     6.598    DCM_INST/inst/clk_in1_DCM_PLL
    PLLE2_ADV_X1Y2       PLLE2_ADV (Prop_plle2_adv_CLKIN1_CLKOUT1)
                                                     -8.206    -1.607 r  DCM_INST/inst/plle2_adv_inst/CLKOUT1
                         net (fo=1, routed)           1.718     0.111    TMDS_inst/tmds_clk
    BUFGCTRL_X0Y1        BUFG (Prop_bufg_I_O)         0.091     0.202 r  TMDS_inst/tmds_clk_IBUF_BUFG_inst/O
                         net (fo=38, routed)          1.633     1.835    TMDS_inst/tmds_clk_IBUF_BUFG
    SLICE_X142Y146       FDRE                                         r  TMDS_inst/bit_q_reg[0]/C
                         clock pessimism             -0.394     1.441    
                         clock uncertainty           -0.065     1.375    
    SLICE_X142Y146       FDRE (Setup_fdre_C_R)       -0.524     0.851    TMDS_inst/bit_q_reg[0]
  -------------------------------------------------------------------
                         required time                          0.851    
                         arrival time                           0.423    
  -------------------------------------------------------------------
                         slack                                  1.275    

Slack (MET) :             1.275ns  (required time - arrival time)
  Source:                 TMDS_inst/bit_q_reg[1]/C
                            (rising edge-triggered cell FDRE clocked by clk_out2_DCM_PLL  {rise@0.000ns fall@2.000ns period=4.000ns})
  Destination:            TMDS_inst/bit_q_reg[1]/R
                            (rising edge-triggered cell FDRE clocked by clk_out2_DCM_PLL  {rise@0.000ns fall@2.000ns period=4.000ns})
  Path Group:             clk_out2_DCM_PLL
  Path Type:              Setup (Max at Slow Process Corner)
  Requirement:            4.000ns  (clk_out2_DCM_PLL rise@4.000ns - clk_out2_DCM_PLL rise@0.000ns)
  Data Path Delay:        2.136ns  (logic 0.642ns (30.061%)  route 1.494ns (69.939%))
  Logic Levels:           1  (LUT5=1)
  Clock Path Skew:        0.000ns (DCD - SCD + CPR)
    Destination Clock Delay (DCD):    -2.165ns = ( 1.835 - 4.000 ) 
    Source Clock Delay      (SCD):    -2.559ns
    Clock Pessimism Removal (CPR):    -0.394ns
  Clock Uncertainty:      0.065ns  ((TSJ^2 + DJ^2)^1/2) / 2 + PE
    Total System Jitter     (TSJ):    0.071ns
    Discrete Jitter          (DJ):    0.110ns
    Phase Error              (PE):    0.000ns

    Location             Delay type                Incr(ns)  Path(ns)    Netlist Resource(s)
  -------------------------------------------------------------------    -------------------
                         (clock clk_out2_DCM_PLL rise edge)
                                                      0.000     0.000 r  
    R4                                                0.000     0.000 r  clk (IN)
                         net (fo=0)                   0.000     0.000    DCM_INST/inst/clk_in1
    R4                   IBUF (Prop_ibuf_I_O)         1.488     1.488 r  DCM_INST/inst/clkin1_ibufg/O
                         net (fo=1, routed)           1.253     2.741    DCM_INST/inst/clk_in1_DCM_PLL
    PLLE2_ADV_X1Y2       PLLE2_ADV (Prop_plle2_adv_CLKIN1_CLKOUT1)
                                                     -8.953    -6.212 r  DCM_INST/inst/plle2_adv_inst/CLKOUT1
                         net (fo=1, routed)           1.802    -4.409    TMDS_inst/tmds_clk
    BUFGCTRL_X0Y1        BUFG (Prop_bufg_I_O)         0.096    -4.313 r  TMDS_inst/tmds_clk_IBUF_BUFG_inst/O
                         net (fo=38, routed)          1.754    -2.559    TMDS_inst/tmds_clk_IBUF_BUFG
    SLICE_X142Y146       FDRE                                         r  TMDS_inst/bit_q_reg[1]/C
  -------------------------------------------------------------------    -------------------
    SLICE_X142Y146       FDRE (Prop_fdre_C_Q)         0.518    -2.041 f  TMDS_inst/bit_q_reg[1]/Q
                         net (fo=11, routed)          0.881    -1.160    TMDS_inst/bit_q_reg[1]
    SLICE_X142Y146       LUT5 (Prop_lut5_I2_O)        0.124    -1.036 r  TMDS_inst/TmdsBlue[9]_i_1/O
                         net (fo=35, routed)          0.613    -0.423    TMDS_inst/clear
    SLICE_X142Y146       FDRE                                         r  TMDS_inst/bit_q_reg[1]/R
  -------------------------------------------------------------------    -------------------

                         (clock clk_out2_DCM_PLL rise edge)
                                                      4.000     4.000 r  
    R4                                                0.000     4.000 r  clk (IN)
                         net (fo=0)                   0.000     4.000    DCM_INST/inst/clk_in1
    R4                   IBUF (Prop_ibuf_I_O)         1.417     5.417 r  DCM_INST/inst/clkin1_ibufg/O
                         net (fo=1, routed)           1.181     6.598    DCM_INST/inst/clk_in1_DCM_PLL
    PLLE2_ADV_X1Y2       PLLE2_ADV (Prop_plle2_adv_CLKIN1_CLKOUT1)
                                                     -8.206    -1.607 r  DCM_INST/inst/plle2_adv_inst/CLKOUT1
                         net (fo=1, routed)           1.718     0.111    TMDS_inst/tmds_clk
    BUFGCTRL_X0Y1        BUFG (Prop_bufg_I_O)         0.091     0.202 r  TMDS_inst/tmds_clk_IBUF_BUFG_inst/O
                         net (fo=38, routed)          1.633     1.835    TMDS_inst/tmds_clk_IBUF_BUFG
    SLICE_X142Y146       FDRE                                         r  TMDS_inst/bit_q_reg[1]/C
                         clock pessimism             -0.394     1.441    
                         clock uncertainty           -0.065     1.375    
    SLICE_X142Y146       FDRE (Setup_fdre_C_R)       -0.524     0.851    TMDS_inst/bit_q_reg[1]
  -------------------------------------------------------------------
                         required time                          0.851    
                         arrival time                           0.423    
  -------------------------------------------------------------------
                         slack                                  1.275    

Slack (MET) :             1.275ns  (required time - arrival time)
  Source:                 TMDS_inst/bit_q_reg[1]/C
                            (rising edge-triggered cell FDRE clocked by clk_out2_DCM_PLL  {rise@0.000ns fall@2.000ns period=4.000ns})
  Destination:            TMDS_inst/bit_q_reg[2]/R
                            (rising edge-triggered cell FDRE clocked by clk_out2_DCM_PLL  {rise@0.000ns fall@2.000ns period=4.000ns})
  Path Group:             clk_out2_DCM_PLL
  Path Type:              Setup (Max at Slow Process Corner)
  Requirement:            4.000ns  (clk_out2_DCM_PLL rise@4.000ns - clk_out2_DCM_PLL rise@0.000ns)
  Data Path Delay:        2.136ns  (logic 0.642ns (30.061%)  route 1.494ns (69.939%))
  Logic Levels:           1  (LUT5=1)
  Clock Path Skew:        0.000ns (DCD - SCD + CPR)
    Destination Clock Delay (DCD):    -2.165ns = ( 1.835 - 4.000 ) 
    Source Clock Delay      (SCD):    -2.559ns
    Clock Pessimism Removal (CPR):    -0.394ns
  Clock Uncertainty:      0.065ns  ((TSJ^2 + DJ^2)^1/2) / 2 + PE
    Total System Jitter     (TSJ):    0.071ns
    Discrete Jitter          (DJ):    0.110ns
    Phase Error              (PE):    0.000ns

    Location             Delay type                Incr(ns)  Path(ns)    Netlist Resource(s)
  -------------------------------------------------------------------    -------------------
                         (clock clk_out2_DCM_PLL rise edge)
                                                      0.000     0.000 r  
    R4                                                0.000     0.000 r  clk (IN)
                         net (fo=0)                   0.000     0.000    DCM_INST/inst/clk_in1
    R4                   IBUF (Prop_ibuf_I_O)         1.488     1.488 r  DCM_INST/inst/clkin1_ibufg/O
                         net (fo=1, routed)           1.253     2.741    DCM_INST/inst/clk_in1_DCM_PLL
    PLLE2_ADV_X1Y2       PLLE2_ADV (Prop_plle2_adv_CLKIN1_CLKOUT1)
                                                     -8.953    -6.212 r  DCM_INST/inst/plle2_adv_inst/CLKOUT1
                         net (fo=1, routed)           1.802    -4.409    TMDS_inst/tmds_clk
    BUFGCTRL_X0Y1        BUFG (Prop_bufg_I_O)         0.096    -4.313 r  TMDS_inst/tmds_clk_IBUF_BUFG_inst/O
                         net (fo=38, routed)          1.754    -2.559    TMDS_inst/tmds_clk_IBUF_BUFG
    SLICE_X142Y146       FDRE                                         r  TMDS_inst/bit_q_reg[1]/C
  -------------------------------------------------------------------    -------------------
    SLICE_X142Y146       FDRE (Prop_fdre_C_Q)         0.518    -2.041 f  TMDS_inst/bit_q_reg[1]/Q
                         net (fo=11, routed)          0.881    -1.160    TMDS_inst/bit_q_reg[1]
    SLICE_X142Y146       LUT5 (Prop_lut5_I2_O)        0.124    -1.036 r  TMDS_inst/TmdsBlue[9]_i_1/O
                         net (fo=35, routed)          0.613    -0.423    TMDS_inst/clear
    SLICE_X142Y146       FDRE                                         r  TMDS_inst/bit_q_reg[2]/R
  -------------------------------------------------------------------    -------------------

                         (clock clk_out2_DCM_PLL rise edge)
                                                      4.000     4.000 r  
    R4                                                0.000     4.000 r  clk (IN)
                         net (fo=0)                   0.000     4.000    DCM_INST/inst/clk_in1
    R4                   IBUF (Prop_ibuf_I_O)         1.417     5.417 r  DCM_INST/inst/clkin1_ibufg/O
                         net (fo=1, routed)           1.181     6.598    DCM_INST/inst/clk_in1_DCM_PLL
    PLLE2_ADV_X1Y2       PLLE2_ADV (Prop_plle2_adv_CLKIN1_CLKOUT1)
                                                     -8.206    -1.607 r  DCM_INST/inst/plle2_adv_inst/CLKOUT1
                         net (fo=1, routed)           1.718     0.111    TMDS_inst/tmds_clk
    BUFGCTRL_X0Y1        BUFG (Prop_bufg_I_O)         0.091     0.202 r  TMDS_inst/tmds_clk_IBUF_BUFG_inst/O
                         net (fo=38, routed)          1.633     1.835    TMDS_inst/tmds_clk_IBUF_BUFG
    SLICE_X142Y146       FDRE                                         r  TMDS_inst/bit_q_reg[2]/C
                         clock pessimism             -0.394     1.441    
                         clock uncertainty           -0.065     1.375    
    SLICE_X142Y146       FDRE (Setup_fdre_C_R)       -0.524     0.851    TMDS_inst/bit_q_reg[2]
  -------------------------------------------------------------------
                         required time                          0.851    
                         arrival time                           0.423    
  -------------------------------------------------------------------
                         slack                                  1.275    

Slack (MET) :             1.275ns  (required time - arrival time)
  Source:                 TMDS_inst/bit_q_reg[1]/C
                            (rising edge-triggered cell FDRE clocked by clk_out2_DCM_PLL  {rise@0.000ns fall@2.000ns period=4.000ns})
  Destination:            TMDS_inst/bit_q_reg[3]/R
                            (rising edge-triggered cell FDRE clocked by clk_out2_DCM_PLL  {rise@0.000ns fall@2.000ns period=4.000ns})
  Path Group:             clk_out2_DCM_PLL
  Path Type:              Setup (Max at Slow Process Corner)
  Requirement:            4.000ns  (clk_out2_DCM_PLL rise@4.000ns - clk_out2_DCM_PLL rise@0.000ns)
  Data Path Delay:        2.136ns  (logic 0.642ns (30.061%)  route 1.494ns (69.939%))
  Logic Levels:           1  (LUT5=1)
  Clock Path Skew:        0.000ns (DCD - SCD + CPR)
    Destination Clock Delay (DCD):    -2.165ns = ( 1.835 - 4.000 ) 
    Source Clock Delay      (SCD):    -2.559ns
    Clock Pessimism Removal (CPR):    -0.394ns
  Clock Uncertainty:      0.065ns  ((TSJ^2 + DJ^2)^1/2) / 2 + PE
    Total System Jitter     (TSJ):    0.071ns
    Discrete Jitter          (DJ):    0.110ns
    Phase Error              (PE):    0.000ns

    Location             Delay type                Incr(ns)  Path(ns)    Netlist Resource(s)
  -------------------------------------------------------------------    -------------------
                         (clock clk_out2_DCM_PLL rise edge)
                                                      0.000     0.000 r  
    R4                                                0.000     0.000 r  clk (IN)
                         net (fo=0)                   0.000     0.000    DCM_INST/inst/clk_in1
    R4                   IBUF (Prop_ibuf_I_O)         1.488     1.488 r  DCM_INST/inst/clkin1_ibufg/O
                         net (fo=1, routed)           1.253     2.741    DCM_INST/inst/clk_in1_DCM_PLL
    PLLE2_ADV_X1Y2       PLLE2_ADV (Prop_plle2_adv_CLKIN1_CLKOUT1)
                                                     -8.953    -6.212 r  DCM_INST/inst/plle2_adv_inst/CLKOUT1
                         net (fo=1, routed)           1.802    -4.409    TMDS_inst/tmds_clk
    BUFGCTRL_X0Y1        BUFG (Prop_bufg_I_O)         0.096    -4.313 r  TMDS_inst/tmds_clk_IBUF_BUFG_inst/O
                         net (fo=38, routed)          1.754    -2.559    TMDS_inst/tmds_clk_IBUF_BUFG
    SLICE_X142Y146       FDRE                                         r  TMDS_inst/bit_q_reg[1]/C
  -------------------------------------------------------------------    -------------------
    SLICE_X142Y146       FDRE (Prop_fdre_C_Q)         0.518    -2.041 f  TMDS_inst/bit_q_reg[1]/Q
                         net (fo=11, routed)          0.881    -1.160    TMDS_inst/bit_q_reg[1]
    SLICE_X142Y146       LUT5 (Prop_lut5_I2_O)        0.124    -1.036 r  TMDS_inst/TmdsBlue[9]_i_1/O
                         net (fo=35, routed)          0.613    -0.423    TMDS_inst/clear
    SLICE_X142Y146       FDRE                                         r  TMDS_inst/bit_q_reg[3]/R
  -------------------------------------------------------------------    -------------------

                         (clock clk_out2_DCM_PLL rise edge)
                                                      4.000     4.000 r  
    R4                                                0.000     4.000 r  clk (IN)
                         net (fo=0)                   0.000     4.000    DCM_INST/inst/clk_in1
    R4                   IBUF (Prop_ibuf_I_O)         1.417     5.417 r  DCM_INST/inst/clkin1_ibufg/O
                         net (fo=1, routed)           1.181     6.598    DCM_INST/inst/clk_in1_DCM_PLL
    PLLE2_ADV_X1Y2       PLLE2_ADV (Prop_plle2_adv_CLKIN1_CLKOUT1)
                                                     -8.206    -1.607 r  DCM_INST/inst/plle2_adv_inst/CLKOUT1
                         net (fo=1, routed)           1.718     0.111    TMDS_inst/tmds_clk
    BUFGCTRL_X0Y1        BUFG (Prop_bufg_I_O)         0.091     0.202 r  TMDS_inst/tmds_clk_IBUF_BUFG_inst/O
                         net (fo=38, routed)          1.633     1.835    TMDS_inst/tmds_clk_IBUF_BUFG
    SLICE_X142Y146       FDRE                                         r  TMDS_inst/bit_q_reg[3]/C
                         clock pessimism             -0.394     1.441    
                         clock uncertainty           -0.065     1.375    
    SLICE_X142Y146       FDRE (Setup_fdre_C_R)       -0.524     0.851    TMDS_inst/bit_q_reg[3]
  -------------------------------------------------------------------
                         required time                          0.851    
                         arrival time                           0.423    
  -------------------------------------------------------------------
                         slack                                  1.275    

Slack (MET) :             1.275ns  (required time - arrival time)
  Source:                 TMDS_inst/bit_q_reg[1]/C
                            (rising edge-triggered cell FDRE clocked by clk_out2_DCM_PLL  {rise@0.000ns fall@2.000ns period=4.000ns})
  Destination:            TMDS_inst/bit_q_reg[4]/R
                            (rising edge-triggered cell FDRE clocked by clk_out2_DCM_PLL  {rise@0.000ns fall@2.000ns period=4.000ns})
  Path Group:             clk_out2_DCM_PLL
  Path Type:              Setup (Max at Slow Process Corner)
  Requirement:            4.000ns  (clk_out2_DCM_PLL rise@4.000ns - clk_out2_DCM_PLL rise@0.000ns)
  Data Path Delay:        2.136ns  (logic 0.642ns (30.061%)  route 1.494ns (69.939%))
  Logic Levels:           1  (LUT5=1)
  Clock Path Skew:        0.000ns (DCD - SCD + CPR)
    Destination Clock Delay (DCD):    -2.165ns = ( 1.835 - 4.000 ) 
    Source Clock Delay      (SCD):    -2.559ns
    Clock Pessimism Removal (CPR):    -0.394ns
  Clock Uncertainty:      0.065ns  ((TSJ^2 + DJ^2)^1/2) / 2 + PE
    Total System Jitter     (TSJ):    0.071ns
    Discrete Jitter          (DJ):    0.110ns
    Phase Error              (PE):    0.000ns

    Location             Delay type                Incr(ns)  Path(ns)    Netlist Resource(s)
  -------------------------------------------------------------------    -------------------
                         (clock clk_out2_DCM_PLL rise edge)
                                                      0.000     0.000 r  
    R4                                                0.000     0.000 r  clk (IN)
                         net (fo=0)                   0.000     0.000    DCM_INST/inst/clk_in1
    R4                   IBUF (Prop_ibuf_I_O)         1.488     1.488 r  DCM_INST/inst/clkin1_ibufg/O
                         net (fo=1, routed)           1.253     2.741    DCM_INST/inst/clk_in1_DCM_PLL
    PLLE2_ADV_X1Y2       PLLE2_ADV (Prop_plle2_adv_CLKIN1_CLKOUT1)
                                                     -8.953    -6.212 r  DCM_INST/inst/plle2_adv_inst/CLKOUT1
                         net (fo=1, routed)           1.802    -4.409    TMDS_inst/tmds_clk
    BUFGCTRL_X0Y1        BUFG (Prop_bufg_I_O)         0.096    -4.313 r  TMDS_inst/tmds_clk_IBUF_BUFG_inst/O
                         net (fo=38, routed)          1.754    -2.559    TMDS_inst/tmds_clk_IBUF_BUFG
    SLICE_X142Y146       FDRE                                         r  TMDS_inst/bit_q_reg[1]/C
  -------------------------------------------------------------------    -------------------
    SLICE_X142Y146       FDRE (Prop_fdre_C_Q)         0.518    -2.041 f  TMDS_inst/bit_q_reg[1]/Q
                         net (fo=11, routed)          0.881    -1.160    TMDS_inst/bit_q_reg[1]
    SLICE_X142Y146       LUT5 (Prop_lut5_I2_O)        0.124    -1.036 r  TMDS_inst/TmdsBlue[9]_i_1/O
                         net (fo=35, routed)          0.613    -0.423    TMDS_inst/clear
    SLICE_X142Y146       FDRE                                         r  TMDS_inst/bit_q_reg[4]/R
  -------------------------------------------------------------------    -------------------

                         (clock clk_out2_DCM_PLL rise edge)
                                                      4.000     4.000 r  
    R4                                                0.000     4.000 r  clk (IN)
                         net (fo=0)                   0.000     4.000    DCM_INST/inst/clk_in1
    R4                   IBUF (Prop_ibuf_I_O)         1.417     5.417 r  DCM_INST/inst/clkin1_ibufg/O
                         net (fo=1, routed)           1.181     6.598    DCM_INST/inst/clk_in1_DCM_PLL
    PLLE2_ADV_X1Y2       PLLE2_ADV (Prop_plle2_adv_CLKIN1_CLKOUT1)
                                                     -8.206    -1.607 r  DCM_INST/inst/plle2_adv_inst/CLKOUT1
                         net (fo=1, routed)           1.718     0.111    TMDS_inst/tmds_clk
    BUFGCTRL_X0Y1        BUFG (Prop_bufg_I_O)         0.091     0.202 r  TMDS_inst/tmds_clk_IBUF_BUFG_inst/O
                         net (fo=38, routed)          1.633     1.835    TMDS_inst/tmds_clk_IBUF_BUFG
    SLICE_X142Y146       FDRE                                         r  TMDS_inst/bit_q_reg[4]/C
                         clock pessimism             -0.394     1.441    
                         clock uncertainty           -0.065     1.375    
    SLICE_X142Y146       FDRE (Setup_fdre_C_R)       -0.524     0.851    TMDS_inst/bit_q_reg[4]
  -------------------------------------------------------------------
                         required time                          0.851    
                         arrival time                           0.423    
  -------------------------------------------------------------------
                         slack                                  1.275    

Slack (MET) :             1.323ns  (required time - arrival time)
  Source:                 TMDS_inst/TmdsRed_reg[6]/C
                            (rising edge-triggered cell FDRE clocked by clk_out2_DCM_PLL  {rise@0.000ns fall@2.000ns period=4.000ns})
  Destination:            TMDS_inst/TMDSch2_reg/D
                            (rising edge-triggered cell FDRE clocked by clk_out2_DCM_PLL  {rise@0.000ns fall@2.000ns period=4.000ns})
  Path Group:             clk_out2_DCM_PLL
  Path Type:              Setup (Max at Slow Process Corner)
  Requirement:            4.000ns  (clk_out2_DCM_PLL rise@4.000ns - clk_out2_DCM_PLL rise@0.000ns)
  Data Path Delay:        2.650ns  (logic 1.227ns (46.308%)  route 1.423ns (53.692%))
  Logic Levels:           3  (LUT5=1 LUT6=1 MUXF7=1)
  Clock Path Skew:        -0.041ns (DCD - SCD + CPR)
    Destination Clock Delay (DCD):    -2.164ns = ( 1.836 - 4.000 ) 
    Source Clock Delay      (SCD):    -2.558ns
    Clock Pessimism Removal (CPR):    -0.435ns
  Clock Uncertainty:      0.065ns  ((TSJ^2 + DJ^2)^1/2) / 2 + PE
    Total System Jitter     (TSJ):    0.071ns
    Discrete Jitter          (DJ):    0.110ns
    Phase Error              (PE):    0.000ns

    Location             Delay type                Incr(ns)  Path(ns)    Netlist Resource(s)
  -------------------------------------------------------------------    -------------------
                         (clock clk_out2_DCM_PLL rise edge)
                                                      0.000     0.000 r  
    R4                                                0.000     0.000 r  clk (IN)
                         net (fo=0)                   0.000     0.000    DCM_INST/inst/clk_in1
    R4                   IBUF (Prop_ibuf_I_O)         1.488     1.488 r  DCM_INST/inst/clkin1_ibufg/O
                         net (fo=1, routed)           1.253     2.741    DCM_INST/inst/clk_in1_DCM_PLL
    PLLE2_ADV_X1Y2       PLLE2_ADV (Prop_plle2_adv_CLKIN1_CLKOUT1)
                                                     -8.953    -6.212 r  DCM_INST/inst/plle2_adv_inst/CLKOUT1
                         net (fo=1, routed)           1.802    -4.409    TMDS_inst/tmds_clk
    BUFGCTRL_X0Y1        BUFG (Prop_bufg_I_O)         0.096    -4.313 r  TMDS_inst/tmds_clk_IBUF_BUFG_inst/O
                         net (fo=38, routed)          1.755    -2.558    TMDS_inst/tmds_clk_IBUF_BUFG
    SLICE_X141Y147       FDRE                                         r  TMDS_inst/TmdsRed_reg[6]/C
  -------------------------------------------------------------------    -------------------
    SLICE_X141Y147       FDRE (Prop_fdre_C_Q)         0.419    -2.139 r  TMDS_inst/TmdsRed_reg[6]/Q
                         net (fo=1, routed)           0.970    -1.169    TMDS_inst/TmdsRed[6]
    SLICE_X142Y147       LUT6 (Prop_lut6_I1_O)        0.297    -0.872 r  TMDS_inst/TMDSch2_i_4/O
                         net (fo=1, routed)           0.000    -0.872    TMDS_inst/TMDSch2_i_4_n_0
    SLICE_X142Y147       MUXF7 (Prop_muxf7_I1_O)      0.214    -0.658 r  TMDS_inst/TMDSch2_reg_i_2/O
                         net (fo=1, routed)           0.452    -0.205    TMDS_inst/TMDSch2_reg_i_2_n_0
    SLICE_X142Y147       LUT5 (Prop_lut5_I4_O)        0.297     0.092 r  TMDS_inst/TMDSch2_i_1/O
                         net (fo=1, routed)           0.000     0.092    TMDS_inst/TMDSch2_i_1_n_0
    SLICE_X142Y147       FDRE                                         r  TMDS_inst/TMDSch2_reg/D
  -------------------------------------------------------------------    -------------------

                         (clock clk_out2_DCM_PLL rise edge)
                                                      4.000     4.000 r  
    R4                                                0.000     4.000 r  clk (IN)
                         net (fo=0)                   0.000     4.000    DCM_INST/inst/clk_in1
    R4                   IBUF (Prop_ibuf_I_O)         1.417     5.417 r  DCM_INST/inst/clkin1_ibufg/O
                         net (fo=1, routed)           1.181     6.598    DCM_INST/inst/clk_in1_DCM_PLL
    PLLE2_ADV_X1Y2       PLLE2_ADV (Prop_plle2_adv_CLKIN1_CLKOUT1)
                                                     -8.206    -1.607 r  DCM_INST/inst/plle2_adv_inst/CLKOUT1
                         net (fo=1, routed)           1.718     0.111    TMDS_inst/tmds_clk
    BUFGCTRL_X0Y1        BUFG (Prop_bufg_I_O)         0.091     0.202 r  TMDS_inst/tmds_clk_IBUF_BUFG_inst/O
                         net (fo=38, routed)          1.634     1.836    TMDS_inst/tmds_clk_IBUF_BUFG
    SLICE_X142Y147       FDRE                                         r  TMDS_inst/TMDSch2_reg/C
                         clock pessimism             -0.435     1.401    
                         clock uncertainty           -0.065     1.335    
    SLICE_X142Y147       FDRE (Setup_fdre_C_D)        0.079     1.414    TMDS_inst/TMDSch2_reg
  -------------------------------------------------------------------
                         required time                          1.414    
                         arrival time                          -0.092    
  -------------------------------------------------------------------
                         slack                                  1.323    

Slack (MET) :             1.390ns  (required time - arrival time)
  Source:                 TMDS_inst/bit_q_reg[0]/C
                            (rising edge-triggered cell FDRE clocked by clk_out2_DCM_PLL  {rise@0.000ns fall@2.000ns period=4.000ns})
  Destination:            TMDS_inst/TMDSch1_reg/D
                            (rising edge-triggered cell FDRE clocked by clk_out2_DCM_PLL  {rise@0.000ns fall@2.000ns period=4.000ns})
  Path Group:             clk_out2_DCM_PLL
  Path Type:              Setup (Max at Slow Process Corner)
  Requirement:            4.000ns  (clk_out2_DCM_PLL rise@4.000ns - clk_out2_DCM_PLL rise@0.000ns)
  Data Path Delay:        2.534ns  (logic 1.158ns (45.697%)  route 1.376ns (54.303%))
  Logic Levels:           3  (LUT5=1 LUT6=1 MUXF7=1)
  Clock Path Skew:        -0.039ns (DCD - SCD + CPR)
    Destination Clock Delay (DCD):    -2.163ns = ( 1.837 - 4.000 ) 
    Source Clock Delay      (SCD):    -2.559ns
    Clock Pessimism Removal (CPR):    -0.435ns
  Clock Uncertainty:      0.065ns  ((TSJ^2 + DJ^2)^1/2) / 2 + PE
    Total System Jitter     (TSJ):    0.071ns
    Discrete Jitter          (DJ):    0.110ns
    Phase Error              (PE):    0.000ns

    Location             Delay type                Incr(ns)  Path(ns)    Netlist Resource(s)
  -------------------------------------------------------------------    -------------------
                         (clock clk_out2_DCM_PLL rise edge)
                                                      0.000     0.000 r  
    R4                                                0.000     0.000 r  clk (IN)
                         net (fo=0)                   0.000     0.000    DCM_INST/inst/clk_in1
    R4                   IBUF (Prop_ibuf_I_O)         1.488     1.488 r  DCM_INST/inst/clkin1_ibufg/O
                         net (fo=1, routed)           1.253     2.741    DCM_INST/inst/clk_in1_DCM_PLL
    PLLE2_ADV_X1Y2       PLLE2_ADV (Prop_plle2_adv_CLKIN1_CLKOUT1)
                                                     -8.953    -6.212 r  DCM_INST/inst/plle2_adv_inst/CLKOUT1
                         net (fo=1, routed)           1.802    -4.409    TMDS_inst/tmds_clk
    BUFGCTRL_X0Y1        BUFG (Prop_bufg_I_O)         0.096    -4.313 r  TMDS_inst/tmds_clk_IBUF_BUFG_inst/O
                         net (fo=38, routed)          1.754    -2.559    TMDS_inst/tmds_clk_IBUF_BUFG
    SLICE_X142Y146       FDRE                                         r  TMDS_inst/bit_q_reg[0]/C
  -------------------------------------------------------------------    -------------------
    SLICE_X142Y146       FDRE (Prop_fdre_C_Q)         0.518    -2.041 r  TMDS_inst/bit_q_reg[0]/Q
                         net (fo=15, routed)          0.929    -1.112    TMDS_inst/bit_q_reg[0]
    SLICE_X145Y146       LUT6 (Prop_lut6_I4_O)        0.124    -0.988 r  TMDS_inst/TMDSch1_i_4/O
                         net (fo=1, routed)           0.000    -0.988    TMDS_inst/TMDSch1_i_4_n_0
    SLICE_X145Y146       MUXF7 (Prop_muxf7_I1_O)      0.217    -0.771 r  TMDS_inst/TMDSch1_reg_i_2/O
                         net (fo=1, routed)           0.447    -0.324    TMDS_inst/TMDSch1_reg_i_2_n_0
    SLICE_X147Y146       LUT5 (Prop_lut5_I4_O)        0.299    -0.025 r  TMDS_inst/TMDSch1_i_1/O
                         net (fo=1, routed)           0.000    -0.025    TMDS_inst/TMDSch1_i_1_n_0
    SLICE_X147Y146       FDRE                                         r  TMDS_inst/TMDSch1_reg/D
  -------------------------------------------------------------------    -------------------

                         (clock clk_out2_DCM_PLL rise edge)
                                                      4.000     4.000 r  
    R4                                                0.000     4.000 r  clk (IN)
                         net (fo=0)                   0.000     4.000    DCM_INST/inst/clk_in1
    R4                   IBUF (Prop_ibuf_I_O)         1.417     5.417 r  DCM_INST/inst/clkin1_ibufg/O
                         net (fo=1, routed)           1.181     6.598    DCM_INST/inst/clk_in1_DCM_PLL
    PLLE2_ADV_X1Y2       PLLE2_ADV (Prop_plle2_adv_CLKIN1_CLKOUT1)
                                                     -8.206    -1.607 r  DCM_INST/inst/plle2_adv_inst/CLKOUT1
                         net (fo=1, routed)           1.718     0.111    TMDS_inst/tmds_clk
    BUFGCTRL_X0Y1        BUFG (Prop_bufg_I_O)         0.091     0.202 r  TMDS_inst/tmds_clk_IBUF_BUFG_inst/O
                         net (fo=38, routed)          1.635     1.837    TMDS_inst/tmds_clk_IBUF_BUFG
    SLICE_X147Y146       FDRE                                         r  TMDS_inst/TMDSch1_reg/C
                         clock pessimism             -0.435     1.402    
                         clock uncertainty           -0.065     1.336    
    SLICE_X147Y146       FDRE (Setup_fdre_C_D)        0.029     1.365    TMDS_inst/TMDSch1_reg
  -------------------------------------------------------------------
                         required time                          1.365    
                         arrival time                           0.025    
  -------------------------------------------------------------------
                         slack                                  1.390    

Slack (MET) :             1.490ns  (required time - arrival time)
  Source:                 TMDS_inst/bit_q_reg[1]/C
                            (rising edge-triggered cell FDRE clocked by clk_out2_DCM_PLL  {rise@0.000ns fall@2.000ns period=4.000ns})
  Destination:            TMDS_inst/TmdsGreen_reg[0]/CE
                            (rising edge-triggered cell FDRE clocked by clk_out2_DCM_PLL  {rise@0.000ns fall@2.000ns period=4.000ns})
  Path Group:             clk_out2_DCM_PLL
  Path Type:              Setup (Max at Slow Process Corner)
  Requirement:            4.000ns  (clk_out2_DCM_PLL rise@4.000ns - clk_out2_DCM_PLL rise@0.000ns)
  Data Path Delay:        2.200ns  (logic 0.642ns (29.179%)  route 1.558ns (70.821%))
  Logic Levels:           1  (LUT5=1)
  Clock Path Skew:        -0.039ns (DCD - SCD + CPR)
    Destination Clock Delay (DCD):    -2.163ns = ( 1.837 - 4.000 ) 
    Source Clock Delay      (SCD):    -2.559ns
    Clock Pessimism Removal (CPR):    -0.435ns
  Clock Uncertainty:      0.065ns  ((TSJ^2 + DJ^2)^1/2) / 2 + PE
    Total System Jitter     (TSJ):    0.071ns
    Discrete Jitter          (DJ):    0.110ns
    Phase Error              (PE):    0.000ns

    Location             Delay type                Incr(ns)  Path(ns)    Netlist Resource(s)
  -------------------------------------------------------------------    -------------------
                         (clock clk_out2_DCM_PLL rise edge)
                                                      0.000     0.000 r  
    R4                                                0.000     0.000 r  clk (IN)
                         net (fo=0)                   0.000     0.000    DCM_INST/inst/clk_in1
    R4                   IBUF (Prop_ibuf_I_O)         1.488     1.488 r  DCM_INST/inst/clkin1_ibufg/O
                         net (fo=1, routed)           1.253     2.741    DCM_INST/inst/clk_in1_DCM_PLL
    PLLE2_ADV_X1Y2       PLLE2_ADV (Prop_plle2_adv_CLKIN1_CLKOUT1)
                                                     -8.953    -6.212 r  DCM_INST/inst/plle2_adv_inst/CLKOUT1
                         net (fo=1, routed)           1.802    -4.409    TMDS_inst/tmds_clk
    BUFGCTRL_X0Y1        BUFG (Prop_bufg_I_O)         0.096    -4.313 r  TMDS_inst/tmds_clk_IBUF_BUFG_inst/O
                         net (fo=38, routed)          1.754    -2.559    TMDS_inst/tmds_clk_IBUF_BUFG
    SLICE_X142Y146       FDRE                                         r  TMDS_inst/bit_q_reg[1]/C
  -------------------------------------------------------------------    -------------------
    SLICE_X142Y146       FDRE (Prop_fdre_C_Q)         0.518    -2.041 f  TMDS_inst/bit_q_reg[1]/Q
                         net (fo=11, routed)          0.881    -1.160    TMDS_inst/bit_q_reg[1]
    SLICE_X142Y146       LUT5 (Prop_lut5_I2_O)        0.124    -1.036 r  TMDS_inst/TmdsBlue[9]_i_1/O
                         net (fo=35, routed)          0.677    -0.359    TMDS_inst/clear
    SLICE_X145Y146       FDRE                                         r  TMDS_inst/TmdsGreen_reg[0]/CE
  -------------------------------------------------------------------    -------------------

                         (clock clk_out2_DCM_PLL rise edge)
                                                      4.000     4.000 r  
    R4                                                0.000     4.000 r  clk (IN)
                         net (fo=0)                   0.000     4.000    DCM_INST/inst/clk_in1
    R4                   IBUF (Prop_ibuf_I_O)         1.417     5.417 r  DCM_INST/inst/clkin1_ibufg/O
                         net (fo=1, routed)           1.181     6.598    DCM_INST/inst/clk_in1_DCM_PLL
    PLLE2_ADV_X1Y2       PLLE2_ADV (Prop_plle2_adv_CLKIN1_CLKOUT1)
                                                     -8.206    -1.607 r  DCM_INST/inst/plle2_adv_inst/CLKOUT1
                         net (fo=1, routed)           1.718     0.111    TMDS_inst/tmds_clk
    BUFGCTRL_X0Y1        BUFG (Prop_bufg_I_O)         0.091     0.202 r  TMDS_inst/tmds_clk_IBUF_BUFG_inst/O
                         net (fo=38, routed)          1.635     1.837    TMDS_inst/tmds_clk_IBUF_BUFG
    SLICE_X145Y146       FDRE                                         r  TMDS_inst/TmdsGreen_reg[0]/C
                         clock pessimism             -0.435     1.402    
                         clock uncertainty           -0.065     1.336    
    SLICE_X145Y146       FDRE (Setup_fdre_C_CE)      -0.205     1.131    TMDS_inst/TmdsGreen_reg[0]
  -------------------------------------------------------------------
                         required time                          1.131    
                         arrival time                           0.359    
  -------------------------------------------------------------------
                         slack                                  1.490    

Slack (MET) :             1.490ns  (required time - arrival time)
  Source:                 TMDS_inst/bit_q_reg[1]/C
                            (rising edge-triggered cell FDRE clocked by clk_out2_DCM_PLL  {rise@0.000ns fall@2.000ns period=4.000ns})
  Destination:            TMDS_inst/TmdsGreen_reg[1]/CE
                            (rising edge-triggered cell FDRE clocked by clk_out2_DCM_PLL  {rise@0.000ns fall@2.000ns period=4.000ns})
  Path Group:             clk_out2_DCM_PLL
  Path Type:              Setup (Max at Slow Process Corner)
  Requirement:            4.000ns  (clk_out2_DCM_PLL rise@4.000ns - clk_out2_DCM_PLL rise@0.000ns)
  Data Path Delay:        2.200ns  (logic 0.642ns (29.179%)  route 1.558ns (70.821%))
  Logic Levels:           1  (LUT5=1)
  Clock Path Skew:        -0.039ns (DCD - SCD + CPR)
    Destination Clock Delay (DCD):    -2.163ns = ( 1.837 - 4.000 ) 
    Source Clock Delay      (SCD):    -2.559ns
    Clock Pessimism Removal (CPR):    -0.435ns
  Clock Uncertainty:      0.065ns  ((TSJ^2 + DJ^2)^1/2) / 2 + PE
    Total System Jitter     (TSJ):    0.071ns
    Discrete Jitter          (DJ):    0.110ns
    Phase Error              (PE):    0.000ns

    Location             Delay type                Incr(ns)  Path(ns)    Netlist Resource(s)
  -------------------------------------------------------------------    -------------------
                         (clock clk_out2_DCM_PLL rise edge)
                                                      0.000     0.000 r  
    R4                                                0.000     0.000 r  clk (IN)
                         net (fo=0)                   0.000     0.000    DCM_INST/inst/clk_in1
    R4                   IBUF (Prop_ibuf_I_O)         1.488     1.488 r  DCM_INST/inst/clkin1_ibufg/O
                         net (fo=1, routed)           1.253     2.741    DCM_INST/inst/clk_in1_DCM_PLL
    PLLE2_ADV_X1Y2       PLLE2_ADV (Prop_plle2_adv_CLKIN1_CLKOUT1)
                                                     -8.953    -6.212 r  DCM_INST/inst/plle2_adv_inst/CLKOUT1
                         net (fo=1, routed)           1.802    -4.409    TMDS_inst/tmds_clk
    BUFGCTRL_X0Y1        BUFG (Prop_bufg_I_O)         0.096    -4.313 r  TMDS_inst/tmds_clk_IBUF_BUFG_inst/O
                         net (fo=38, routed)          1.754    -2.559    TMDS_inst/tmds_clk_IBUF_BUFG
    SLICE_X142Y146       FDRE                                         r  TMDS_inst/bit_q_reg[1]/C
  -------------------------------------------------------------------    -------------------
    SLICE_X142Y146       FDRE (Prop_fdre_C_Q)         0.518    -2.041 f  TMDS_inst/bit_q_reg[1]/Q
                         net (fo=11, routed)          0.881    -1.160    TMDS_inst/bit_q_reg[1]
    SLICE_X142Y146       LUT5 (Prop_lut5_I2_O)        0.124    -1.036 r  TMDS_inst/TmdsBlue[9]_i_1/O
                         net (fo=35, routed)          0.677    -0.359    TMDS_inst/clear
    SLICE_X145Y146       FDRE                                         r  TMDS_inst/TmdsGreen_reg[1]/CE
  -------------------------------------------------------------------    -------------------

                         (clock clk_out2_DCM_PLL rise edge)
                                                      4.000     4.000 r  
    R4                                                0.000     4.000 r  clk (IN)
                         net (fo=0)                   0.000     4.000    DCM_INST/inst/clk_in1
    R4                   IBUF (Prop_ibuf_I_O)         1.417     5.417 r  DCM_INST/inst/clkin1_ibufg/O
                         net (fo=1, routed)           1.181     6.598    DCM_INST/inst/clk_in1_DCM_PLL
    PLLE2_ADV_X1Y2       PLLE2_ADV (Prop_plle2_adv_CLKIN1_CLKOUT1)
                                                     -8.206    -1.607 r  DCM_INST/inst/plle2_adv_inst/CLKOUT1
                         net (fo=1, routed)           1.718     0.111    TMDS_inst/tmds_clk
    BUFGCTRL_X0Y1        BUFG (Prop_bufg_I_O)         0.091     0.202 r  TMDS_inst/tmds_clk_IBUF_BUFG_inst/O
                         net (fo=38, routed)          1.635     1.837    TMDS_inst/tmds_clk_IBUF_BUFG
    SLICE_X145Y146       FDRE                                         r  TMDS_inst/TmdsGreen_reg[1]/C
                         clock pessimism             -0.435     1.402    
                         clock uncertainty           -0.065     1.336    
    SLICE_X145Y146       FDRE (Setup_fdre_C_CE)      -0.205     1.131    TMDS_inst/TmdsGreen_reg[1]
  -------------------------------------------------------------------
                         required time                          1.131    
                         arrival time                           0.359    
  -------------------------------------------------------------------
                         slack                                  1.490    





Min Delay Paths
--------------------------------------------------------------------------------------
Slack (MET) :             0.195ns  (arrival time - required time)
  Source:                 TMDS_inst/TmdsRed_reg[8]/C
                            (rising edge-triggered cell FDRE clocked by clk_out2_DCM_PLL  {rise@0.000ns fall@2.000ns period=4.000ns})
  Destination:            TMDS_inst/TMDSch2_reg/D
                            (rising edge-triggered cell FDRE clocked by clk_out2_DCM_PLL  {rise@0.000ns fall@2.000ns period=4.000ns})
  Path Group:             clk_out2_DCM_PLL
  Path Type:              Hold (Min at Fast Process Corner)
  Requirement:            0.000ns  (clk_out2_DCM_PLL rise@0.000ns - clk_out2_DCM_PLL rise@0.000ns)
  Data Path Delay:        0.329ns  (logic 0.186ns (56.505%)  route 0.143ns (43.495%))
  Logic Levels:           1  (LUT5=1)
  Clock Path Skew:        0.013ns (DCD - SCD - CPR)
    Destination Clock Delay (DCD):    -0.388ns
    Source Clock Delay      (SCD):    -0.615ns
    Clock Pessimism Removal (CPR):    0.214ns

    Location             Delay type                Incr(ns)  Path(ns)    Netlist Resource(s)
  -------------------------------------------------------------------    -------------------
                         (clock clk_out2_DCM_PLL rise edge)
                                                      0.000     0.000 r  
    R4                                                0.000     0.000 r  clk (IN)
                         net (fo=0)                   0.000     0.000    DCM_INST/inst/clk_in1
    R4                   IBUF (Prop_ibuf_I_O)         0.256     0.256 r  DCM_INST/inst/clkin1_ibufg/O
                         net (fo=1, routed)           0.440     0.696    DCM_INST/inst/clk_in1_DCM_PLL
    PLLE2_ADV_X1Y2       PLLE2_ADV (Prop_plle2_adv_CLKIN1_CLKOUT1)
                                                     -2.503    -1.807 r  DCM_INST/inst/plle2_adv_inst/CLKOUT1
                         net (fo=1, routed)           0.546    -1.261    TMDS_inst/tmds_clk
    BUFGCTRL_X0Y1        BUFG (Prop_bufg_I_O)         0.026    -1.235 r  TMDS_inst/tmds_clk_IBUF_BUFG_inst/O
                         net (fo=38, routed)          0.620    -0.615    TMDS_inst/tmds_clk_IBUF_BUFG
    SLICE_X143Y147       FDRE                                         r  TMDS_inst/TmdsRed_reg[8]/C
  -------------------------------------------------------------------    -------------------
    SLICE_X143Y147       FDRE (Prop_fdre_C_Q)         0.141    -0.474 r  TMDS_inst/TmdsRed_reg[8]/Q
                         net (fo=1, routed)           0.143    -0.331    TMDS_inst/TmdsRed[8]
    SLICE_X142Y147       LUT5 (Prop_lut5_I2_O)        0.045    -0.286 r  TMDS_inst/TMDSch2_i_1/O
                         net (fo=1, routed)           0.000    -0.286    TMDS_inst/TMDSch2_i_1_n_0
    SLICE_X142Y147       FDRE                                         r  TMDS_inst/TMDSch2_reg/D
  -------------------------------------------------------------------    -------------------

                         (clock clk_out2_DCM_PLL rise edge)
                                                      0.000     0.000 r  
    R4                                                0.000     0.000 r  clk (IN)
                         net (fo=0)                   0.000     0.000    DCM_INST/inst/clk_in1
    R4                   IBUF (Prop_ibuf_I_O)         0.444     0.444 r  DCM_INST/inst/clkin1_ibufg/O
                         net (fo=1, routed)           0.481     0.925    DCM_INST/inst/clk_in1_DCM_PLL
    PLLE2_ADV_X1Y2       PLLE2_ADV (Prop_plle2_adv_CLKIN1_CLKOUT1)
                                                     -2.828    -1.904 r  DCM_INST/inst/plle2_adv_inst/CLKOUT1
                         net (fo=1, routed)           0.595    -1.309    TMDS_inst/tmds_clk
    BUFGCTRL_X0Y1        BUFG (Prop_bufg_I_O)         0.029    -1.280 r  TMDS_inst/tmds_clk_IBUF_BUFG_inst/O
                         net (fo=38, routed)          0.892    -0.388    TMDS_inst/tmds_clk_IBUF_BUFG
    SLICE_X142Y147       FDRE                                         r  TMDS_inst/TMDSch2_reg/C
                         clock pessimism             -0.214    -0.602    
    SLICE_X142Y147       FDRE (Hold_fdre_C_D)         0.121    -0.481    TMDS_inst/TMDSch2_reg
  -------------------------------------------------------------------
                         required time                          0.481    
                         arrival time                          -0.286    
  -------------------------------------------------------------------
                         slack                                  0.195    

Slack (MET) :             0.273ns  (arrival time - required time)
  Source:                 TMDS_inst/bit_q_reg[0]/C
                            (rising edge-triggered cell FDRE clocked by clk_out2_DCM_PLL  {rise@0.000ns fall@2.000ns period=4.000ns})
  Destination:            TMDS_inst/bit_q_reg[0]/D
                            (rising edge-triggered cell FDRE clocked by clk_out2_DCM_PLL  {rise@0.000ns fall@2.000ns period=4.000ns})
  Path Group:             clk_out2_DCM_PLL
  Path Type:              Hold (Min at Fast Process Corner)
  Requirement:            0.000ns  (clk_out2_DCM_PLL rise@0.000ns - clk_out2_DCM_PLL rise@0.000ns)
  Data Path Delay:        0.394ns  (logic 0.209ns (53.094%)  route 0.185ns (46.906%))
  Logic Levels:           1  (LUT1=1)
  Clock Path Skew:        0.000ns (DCD - SCD - CPR)
    Destination Clock Delay (DCD):    -0.389ns
    Source Clock Delay      (SCD):    -0.616ns
    Clock Pessimism Removal (CPR):    0.227ns

    Location             Delay type                Incr(ns)  Path(ns)    Netlist Resource(s)
  -------------------------------------------------------------------    -------------------
                         (clock clk_out2_DCM_PLL rise edge)
                                                      0.000     0.000 r  
    R4                                                0.000     0.000 r  clk (IN)
                         net (fo=0)                   0.000     0.000    DCM_INST/inst/clk_in1
    R4                   IBUF (Prop_ibuf_I_O)         0.256     0.256 r  DCM_INST/inst/clkin1_ibufg/O
                         net (fo=1, routed)           0.440     0.696    DCM_INST/inst/clk_in1_DCM_PLL
    PLLE2_ADV_X1Y2       PLLE2_ADV (Prop_plle2_adv_CLKIN1_CLKOUT1)
                                                     -2.503    -1.807 r  DCM_INST/inst/plle2_adv_inst/CLKOUT1
                         net (fo=1, routed)           0.546    -1.261    TMDS_inst/tmds_clk
    BUFGCTRL_X0Y1        BUFG (Prop_bufg_I_O)         0.026    -1.235 r  TMDS_inst/tmds_clk_IBUF_BUFG_inst/O
                         net (fo=38, routed)          0.619    -0.616    TMDS_inst/tmds_clk_IBUF_BUFG
    SLICE_X142Y146       FDRE                                         r  TMDS_inst/bit_q_reg[0]/C
  -------------------------------------------------------------------    -------------------
    SLICE_X142Y146       FDRE (Prop_fdre_C_Q)         0.164    -0.452 f  TMDS_inst/bit_q_reg[0]/Q
                         net (fo=15, routed)          0.185    -0.268    TMDS_inst/bit_q_reg[0]
    SLICE_X142Y146       LUT1 (Prop_lut1_I0_O)        0.045    -0.223 r  TMDS_inst/bit_q[0]_i_1/O
                         net (fo=1, routed)           0.000    -0.223    TMDS_inst/p_0_in[0]
    SLICE_X142Y146       FDRE                                         r  TMDS_inst/bit_q_reg[0]/D
  -------------------------------------------------------------------    -------------------

                         (clock clk_out2_DCM_PLL rise edge)
                                                      0.000     0.000 r  
    R4                                                0.000     0.000 r  clk (IN)
                         net (fo=0)                   0.000     0.000    DCM_INST/inst/clk_in1
    R4                   IBUF (Prop_ibuf_I_O)         0.444     0.444 r  DCM_INST/inst/clkin1_ibufg/O
                         net (fo=1, routed)           0.481     0.925    DCM_INST/inst/clk_in1_DCM_PLL
    PLLE2_ADV_X1Y2       PLLE2_ADV (Prop_plle2_adv_CLKIN1_CLKOUT1)
                                                     -2.828    -1.904 r  DCM_INST/inst/plle2_adv_inst/CLKOUT1
                         net (fo=1, routed)           0.595    -1.309    TMDS_inst/tmds_clk
    BUFGCTRL_X0Y1        BUFG (Prop_bufg_I_O)         0.029    -1.280 r  TMDS_inst/tmds_clk_IBUF_BUFG_inst/O
                         net (fo=38, routed)          0.891    -0.389    TMDS_inst/tmds_clk_IBUF_BUFG
    SLICE_X142Y146       FDRE                                         r  TMDS_inst/bit_q_reg[0]/C
                         clock pessimism             -0.227    -0.616    
    SLICE_X142Y146       FDRE (Hold_fdre_C_D)         0.121    -0.495    TMDS_inst/bit_q_reg[0]
  -------------------------------------------------------------------
                         required time                          0.495    
                         arrival time                          -0.223    
  -------------------------------------------------------------------
                         slack                                  0.273    

Slack (MET) :             0.286ns  (arrival time - required time)
  Source:                 TMDS_inst/bit_q_reg[3]/C
                            (rising edge-triggered cell FDRE clocked by clk_out2_DCM_PLL  {rise@0.000ns fall@2.000ns period=4.000ns})
  Destination:            TMDS_inst/TMDSch0_reg/D
                            (rising edge-triggered cell FDRE clocked by clk_out2_DCM_PLL  {rise@0.000ns fall@2.000ns period=4.000ns})
  Path Group:             clk_out2_DCM_PLL
  Path Type:              Hold (Min at Fast Process Corner)
  Requirement:            0.000ns  (clk_out2_DCM_PLL rise@0.000ns - clk_out2_DCM_PLL rise@0.000ns)
  Data Path Delay:        0.390ns  (logic 0.209ns (53.538%)  route 0.181ns (46.462%))
  Logic Levels:           1  (LUT5=1)
  Clock Path Skew:        0.013ns (DCD - SCD - CPR)
    Destination Clock Delay (DCD):    -0.389ns
    Source Clock Delay      (SCD):    -0.616ns
    Clock Pessimism Removal (CPR):    0.214ns

    Location             Delay type                Incr(ns)  Path(ns)    Netlist Resource(s)
  -------------------------------------------------------------------    -------------------
                         (clock clk_out2_DCM_PLL rise edge)
                                                      0.000     0.000 r  
    R4                                                0.000     0.000 r  clk (IN)
                         net (fo=0)                   0.000     0.000    DCM_INST/inst/clk_in1
    R4                   IBUF (Prop_ibuf_I_O)         0.256     0.256 r  DCM_INST/inst/clkin1_ibufg/O
                         net (fo=1, routed)           0.440     0.696    DCM_INST/inst/clk_in1_DCM_PLL
    PLLE2_ADV_X1Y2       PLLE2_ADV (Prop_plle2_adv_CLKIN1_CLKOUT1)
                                                     -2.503    -1.807 r  DCM_INST/inst/plle2_adv_inst/CLKOUT1
                         net (fo=1, routed)           0.546    -1.261    TMDS_inst/tmds_clk
    BUFGCTRL_X0Y1        BUFG (Prop_bufg_I_O)         0.026    -1.235 r  TMDS_inst/tmds_clk_IBUF_BUFG_inst/O
                         net (fo=38, routed)          0.619    -0.616    TMDS_inst/tmds_clk_IBUF_BUFG
    SLICE_X142Y146       FDRE                                         r  TMDS_inst/bit_q_reg[3]/C
  -------------------------------------------------------------------    -------------------
    SLICE_X142Y146       FDRE (Prop_fdre_C_Q)         0.164    -0.452 r  TMDS_inst/bit_q_reg[3]/Q
                         net (fo=6, routed)           0.181    -0.271    TMDS_inst/bit_q_reg[3]
    SLICE_X143Y146       LUT5 (Prop_lut5_I3_O)        0.045    -0.226 r  TMDS_inst/TMDSch0_i_1/O
                         net (fo=1, routed)           0.000    -0.226    TMDS_inst/TMDSch0_i_1_n_0
    SLICE_X143Y146       FDRE                                         r  TMDS_inst/TMDSch0_reg/D
  -------------------------------------------------------------------    -------------------

                         (clock clk_out2_DCM_PLL rise edge)
                                                      0.000     0.000 r  
    R4                                                0.000     0.000 r  clk (IN)
                         net (fo=0)                   0.000     0.000    DCM_INST/inst/clk_in1
    R4                   IBUF (Prop_ibuf_I_O)         0.444     0.444 r  DCM_INST/inst/clkin1_ibufg/O
                         net (fo=1, routed)           0.481     0.925    DCM_INST/inst/clk_in1_DCM_PLL
    PLLE2_ADV_X1Y2       PLLE2_ADV (Prop_plle2_adv_CLKIN1_CLKOUT1)
                                                     -2.828    -1.904 r  DCM_INST/inst/plle2_adv_inst/CLKOUT1
                         net (fo=1, routed)           0.595    -1.309    TMDS_inst/tmds_clk
    BUFGCTRL_X0Y1        BUFG (Prop_bufg_I_O)         0.029    -1.280 r  TMDS_inst/tmds_clk_IBUF_BUFG_inst/O
                         net (fo=38, routed)          0.891    -0.389    TMDS_inst/tmds_clk_IBUF_BUFG
    SLICE_X143Y146       FDRE                                         r  TMDS_inst/TMDSch0_reg/C
                         clock pessimism             -0.214    -0.603    
    SLICE_X143Y146       FDRE (Hold_fdre_C_D)         0.091    -0.512    TMDS_inst/TMDSch0_reg
  -------------------------------------------------------------------
                         required time                          0.512    
                         arrival time                          -0.226    
  -------------------------------------------------------------------
                         slack                                  0.286    

Slack (MET) :             0.311ns  (arrival time - required time)
  Source:                 TMDS_inst/bit_q_reg[1]/C
                            (rising edge-triggered cell FDRE clocked by clk_out2_DCM_PLL  {rise@0.000ns fall@2.000ns period=4.000ns})
  Destination:            TMDS_inst/bit_q_reg[2]/D
                            (rising edge-triggered cell FDRE clocked by clk_out2_DCM_PLL  {rise@0.000ns fall@2.000ns period=4.000ns})
  Path Group:             clk_out2_DCM_PLL
  Path Type:              Hold (Min at Fast Process Corner)
  Requirement:            0.000ns  (clk_out2_DCM_PLL rise@0.000ns - clk_out2_DCM_PLL rise@0.000ns)
  Data Path Delay:        0.442ns  (logic 0.207ns (46.832%)  route 0.235ns (53.168%))
  Logic Levels:           1  (LUT3=1)
  Clock Path Skew:        0.000ns (DCD - SCD - CPR)
    Destination Clock Delay (DCD):    -0.389ns
    Source Clock Delay      (SCD):    -0.616ns
    Clock Pessimism Removal (CPR):    0.227ns

    Location             Delay type                Incr(ns)  Path(ns)    Netlist Resource(s)
  -------------------------------------------------------------------    -------------------
                         (clock clk_out2_DCM_PLL rise edge)
                                                      0.000     0.000 r  
    R4                                                0.000     0.000 r  clk (IN)
                         net (fo=0)                   0.000     0.000    DCM_INST/inst/clk_in1
    R4                   IBUF (Prop_ibuf_I_O)         0.256     0.256 r  DCM_INST/inst/clkin1_ibufg/O
                         net (fo=1, routed)           0.440     0.696    DCM_INST/inst/clk_in1_DCM_PLL
    PLLE2_ADV_X1Y2       PLLE2_ADV (Prop_plle2_adv_CLKIN1_CLKOUT1)
                                                     -2.503    -1.807 r  DCM_INST/inst/plle2_adv_inst/CLKOUT1
                         net (fo=1, routed)           0.546    -1.261    TMDS_inst/tmds_clk
    BUFGCTRL_X0Y1        BUFG (Prop_bufg_I_O)         0.026    -1.235 r  TMDS_inst/tmds_clk_IBUF_BUFG_inst/O
                         net (fo=38, routed)          0.619    -0.616    TMDS_inst/tmds_clk_IBUF_BUFG
    SLICE_X142Y146       FDRE                                         r  TMDS_inst/bit_q_reg[1]/C
  -------------------------------------------------------------------    -------------------
    SLICE_X142Y146       FDRE (Prop_fdre_C_Q)         0.164    -0.452 r  TMDS_inst/bit_q_reg[1]/Q
                         net (fo=11, routed)          0.235    -0.217    TMDS_inst/bit_q_reg[1]
    SLICE_X142Y146       LUT3 (Prop_lut3_I1_O)        0.043    -0.174 r  TMDS_inst/bit_q[2]_i_1/O
                         net (fo=1, routed)           0.000    -0.174    TMDS_inst/p_0_in[2]
    SLICE_X142Y146       FDRE                                         r  TMDS_inst/bit_q_reg[2]/D
  -------------------------------------------------------------------    -------------------

                         (clock clk_out2_DCM_PLL rise edge)
                                                      0.000     0.000 r  
    R4                                                0.000     0.000 r  clk (IN)
                         net (fo=0)                   0.000     0.000    DCM_INST/inst/clk_in1
    R4                   IBUF (Prop_ibuf_I_O)         0.444     0.444 r  DCM_INST/inst/clkin1_ibufg/O
                         net (fo=1, routed)           0.481     0.925    DCM_INST/inst/clk_in1_DCM_PLL
    PLLE2_ADV_X1Y2       PLLE2_ADV (Prop_plle2_adv_CLKIN1_CLKOUT1)
                                                     -2.828    -1.904 r  DCM_INST/inst/plle2_adv_inst/CLKOUT1
                         net (fo=1, routed)           0.595    -1.309    TMDS_inst/tmds_clk
    BUFGCTRL_X0Y1        BUFG (Prop_bufg_I_O)         0.029    -1.280 r  TMDS_inst/tmds_clk_IBUF_BUFG_inst/O
                         net (fo=38, routed)          0.891    -0.389    TMDS_inst/tmds_clk_IBUF_BUFG
    SLICE_X142Y146       FDRE                                         r  TMDS_inst/bit_q_reg[2]/C
                         clock pessimism             -0.227    -0.616    
    SLICE_X142Y146       FDRE (Hold_fdre_C_D)         0.131    -0.485    TMDS_inst/bit_q_reg[2]
  -------------------------------------------------------------------
                         required time                          0.485    
                         arrival time                          -0.174    
  -------------------------------------------------------------------
                         slack                                  0.311    

Slack (MET) :             0.311ns  (arrival time - required time)
  Source:                 TMDS_inst/bit_q_reg[1]/C
                            (rising edge-triggered cell FDRE clocked by clk_out2_DCM_PLL  {rise@0.000ns fall@2.000ns period=4.000ns})
  Destination:            TMDS_inst/bit_q_reg[4]/D
                            (rising edge-triggered cell FDRE clocked by clk_out2_DCM_PLL  {rise@0.000ns fall@2.000ns period=4.000ns})
  Path Group:             clk_out2_DCM_PLL
  Path Type:              Hold (Min at Fast Process Corner)
  Requirement:            0.000ns  (clk_out2_DCM_PLL rise@0.000ns - clk_out2_DCM_PLL rise@0.000ns)
  Data Path Delay:        0.442ns  (logic 0.207ns (46.832%)  route 0.235ns (53.168%))
  Logic Levels:           1  (LUT5=1)
  Clock Path Skew:        0.000ns (DCD - SCD - CPR)
    Destination Clock Delay (DCD):    -0.389ns
    Source Clock Delay      (SCD):    -0.616ns
    Clock Pessimism Removal (CPR):    0.227ns

    Location             Delay type                Incr(ns)  Path(ns)    Netlist Resource(s)
  -------------------------------------------------------------------    -------------------
                         (clock clk_out2_DCM_PLL rise edge)
                                                      0.000     0.000 r  
    R4                                                0.000     0.000 r  clk (IN)
                         net (fo=0)                   0.000     0.000    DCM_INST/inst/clk_in1
    R4                   IBUF (Prop_ibuf_I_O)         0.256     0.256 r  DCM_INST/inst/clkin1_ibufg/O
                         net (fo=1, routed)           0.440     0.696    DCM_INST/inst/clk_in1_DCM_PLL
    PLLE2_ADV_X1Y2       PLLE2_ADV (Prop_plle2_adv_CLKIN1_CLKOUT1)
                                                     -2.503    -1.807 r  DCM_INST/inst/plle2_adv_inst/CLKOUT1
                         net (fo=1, routed)           0.546    -1.261    TMDS_inst/tmds_clk
    BUFGCTRL_X0Y1        BUFG (Prop_bufg_I_O)         0.026    -1.235 r  TMDS_inst/tmds_clk_IBUF_BUFG_inst/O
                         net (fo=38, routed)          0.619    -0.616    TMDS_inst/tmds_clk_IBUF_BUFG
    SLICE_X142Y146       FDRE                                         r  TMDS_inst/bit_q_reg[1]/C
  -------------------------------------------------------------------    -------------------
    SLICE_X142Y146       FDRE (Prop_fdre_C_Q)         0.164    -0.452 r  TMDS_inst/bit_q_reg[1]/Q
                         net (fo=11, routed)          0.235    -0.217    TMDS_inst/bit_q_reg[1]
    SLICE_X142Y146       LUT5 (Prop_lut5_I2_O)        0.043    -0.174 r  TMDS_inst/bit_q[4]_i_1/O
                         net (fo=1, routed)           0.000    -0.174    TMDS_inst/p_0_in[4]
    SLICE_X142Y146       FDRE                                         r  TMDS_inst/bit_q_reg[4]/D
  -------------------------------------------------------------------    -------------------

                         (clock clk_out2_DCM_PLL rise edge)
                                                      0.000     0.000 r  
    R4                                                0.000     0.000 r  clk (IN)
                         net (fo=0)                   0.000     0.000    DCM_INST/inst/clk_in1
    R4                   IBUF (Prop_ibuf_I_O)         0.444     0.444 r  DCM_INST/inst/clkin1_ibufg/O
                         net (fo=1, routed)           0.481     0.925    DCM_INST/inst/clk_in1_DCM_PLL
    PLLE2_ADV_X1Y2       PLLE2_ADV (Prop_plle2_adv_CLKIN1_CLKOUT1)
                                                     -2.828    -1.904 r  DCM_INST/inst/plle2_adv_inst/CLKOUT1
                         net (fo=1, routed)           0.595    -1.309    TMDS_inst/tmds_clk
    BUFGCTRL_X0Y1        BUFG (Prop_bufg_I_O)         0.029    -1.280 r  TMDS_inst/tmds_clk_IBUF_BUFG_inst/O
                         net (fo=38, routed)          0.891    -0.389    TMDS_inst/tmds_clk_IBUF_BUFG
    SLICE_X142Y146       FDRE                                         r  TMDS_inst/bit_q_reg[4]/C
                         clock pessimism             -0.227    -0.616    
    SLICE_X142Y146       FDRE (Hold_fdre_C_D)         0.131    -0.485    TMDS_inst/bit_q_reg[4]
  -------------------------------------------------------------------
                         required time                          0.485    
                         arrival time                          -0.174    
  -------------------------------------------------------------------
                         slack                                  0.311    

Slack (MET) :             0.323ns  (arrival time - required time)
  Source:                 TMDS_inst/bit_q_reg[1]/C
                            (rising edge-triggered cell FDRE clocked by clk_out2_DCM_PLL  {rise@0.000ns fall@2.000ns period=4.000ns})
  Destination:            TMDS_inst/bit_q_reg[3]/D
                            (rising edge-triggered cell FDRE clocked by clk_out2_DCM_PLL  {rise@0.000ns fall@2.000ns period=4.000ns})
  Path Group:             clk_out2_DCM_PLL
  Path Type:              Hold (Min at Fast Process Corner)
  Requirement:            0.000ns  (clk_out2_DCM_PLL rise@0.000ns - clk_out2_DCM_PLL rise@0.000ns)
  Data Path Delay:        0.444ns  (logic 0.209ns (47.071%)  route 0.235ns (52.929%))
  Logic Levels:           1  (LUT4=1)
  Clock Path Skew:        0.000ns (DCD - SCD - CPR)
    Destination Clock Delay (DCD):    -0.389ns
    Source Clock Delay      (SCD):    -0.616ns
    Clock Pessimism Removal (CPR):    0.227ns

    Location             Delay type                Incr(ns)  Path(ns)    Netlist Resource(s)
  -------------------------------------------------------------------    -------------------
                         (clock clk_out2_DCM_PLL rise edge)
                                                      0.000     0.000 r  
    R4                                                0.000     0.000 r  clk (IN)
                         net (fo=0)                   0.000     0.000    DCM_INST/inst/clk_in1
    R4                   IBUF (Prop_ibuf_I_O)         0.256     0.256 r  DCM_INST/inst/clkin1_ibufg/O
                         net (fo=1, routed)           0.440     0.696    DCM_INST/inst/clk_in1_DCM_PLL
    PLLE2_ADV_X1Y2       PLLE2_ADV (Prop_plle2_adv_CLKIN1_CLKOUT1)
                                                     -2.503    -1.807 r  DCM_INST/inst/plle2_adv_inst/CLKOUT1
                         net (fo=1, routed)           0.546    -1.261    TMDS_inst/tmds_clk
    BUFGCTRL_X0Y1        BUFG (Prop_bufg_I_O)         0.026    -1.235 r  TMDS_inst/tmds_clk_IBUF_BUFG_inst/O
                         net (fo=38, routed)          0.619    -0.616    TMDS_inst/tmds_clk_IBUF_BUFG
    SLICE_X142Y146       FDRE                                         r  TMDS_inst/bit_q_reg[1]/C
  -------------------------------------------------------------------    -------------------
    SLICE_X142Y146       FDRE (Prop_fdre_C_Q)         0.164    -0.452 r  TMDS_inst/bit_q_reg[1]/Q
                         net (fo=11, routed)          0.235    -0.217    TMDS_inst/bit_q_reg[1]
    SLICE_X142Y146       LUT4 (Prop_lut4_I0_O)        0.045    -0.172 r  TMDS_inst/bit_q[3]_i_1/O
                         net (fo=1, routed)           0.000    -0.172    TMDS_inst/p_0_in[3]
    SLICE_X142Y146       FDRE                                         r  TMDS_inst/bit_q_reg[3]/D
  -------------------------------------------------------------------    -------------------

                         (clock clk_out2_DCM_PLL rise edge)
                                                      0.000     0.000 r  
    R4                                                0.000     0.000 r  clk (IN)
                         net (fo=0)                   0.000     0.000    DCM_INST/inst/clk_in1
    R4                   IBUF (Prop_ibuf_I_O)         0.444     0.444 r  DCM_INST/inst/clkin1_ibufg/O
                         net (fo=1, routed)           0.481     0.925    DCM_INST/inst/clk_in1_DCM_PLL
    PLLE2_ADV_X1Y2       PLLE2_ADV (Prop_plle2_adv_CLKIN1_CLKOUT1)
                                                     -2.828    -1.904 r  DCM_INST/inst/plle2_adv_inst/CLKOUT1
                         net (fo=1, routed)           0.595    -1.309    TMDS_inst/tmds_clk
    BUFGCTRL_X0Y1        BUFG (Prop_bufg_I_O)         0.029    -1.280 r  TMDS_inst/tmds_clk_IBUF_BUFG_inst/O
                         net (fo=38, routed)          0.891    -0.389    TMDS_inst/tmds_clk_IBUF_BUFG
    SLICE_X142Y146       FDRE                                         r  TMDS_inst/bit_q_reg[3]/C
                         clock pessimism             -0.227    -0.616    
    SLICE_X142Y146       FDRE (Hold_fdre_C_D)         0.121    -0.495    TMDS_inst/bit_q_reg[3]
  -------------------------------------------------------------------
                         required time                          0.495    
                         arrival time                          -0.172    
  -------------------------------------------------------------------
                         slack                                  0.323    

Slack (MET) :             0.324ns  (arrival time - required time)
  Source:                 TMDS_inst/bit_q_reg[1]/C
                            (rising edge-triggered cell FDRE clocked by clk_out2_DCM_PLL  {rise@0.000ns fall@2.000ns period=4.000ns})
  Destination:            TMDS_inst/bit_q_reg[1]/D
                            (rising edge-triggered cell FDRE clocked by clk_out2_DCM_PLL  {rise@0.000ns fall@2.000ns period=4.000ns})
  Path Group:             clk_out2_DCM_PLL
  Path Type:              Hold (Min at Fast Process Corner)
  Requirement:            0.000ns  (clk_out2_DCM_PLL rise@0.000ns - clk_out2_DCM_PLL rise@0.000ns)
  Data Path Delay:        0.444ns  (logic 0.209ns (47.071%)  route 0.235ns (52.929%))
  Logic Levels:           1  (LUT2=1)
  Clock Path Skew:        0.000ns (DCD - SCD - CPR)
    Destination Clock Delay (DCD):    -0.389ns
    Source Clock Delay      (SCD):    -0.616ns
    Clock Pessimism Removal (CPR):    0.227ns

    Location             Delay type                Incr(ns)  Path(ns)    Netlist Resource(s)
  -------------------------------------------------------------------    -------------------
                         (clock clk_out2_DCM_PLL rise edge)
                                                      0.000     0.000 r  
    R4                                                0.000     0.000 r  clk (IN)
                         net (fo=0)                   0.000     0.000    DCM_INST/inst/clk_in1
    R4                   IBUF (Prop_ibuf_I_O)         0.256     0.256 r  DCM_INST/inst/clkin1_ibufg/O
                         net (fo=1, routed)           0.440     0.696    DCM_INST/inst/clk_in1_DCM_PLL
    PLLE2_ADV_X1Y2       PLLE2_ADV (Prop_plle2_adv_CLKIN1_CLKOUT1)
                                                     -2.503    -1.807 r  DCM_INST/inst/plle2_adv_inst/CLKOUT1
                         net (fo=1, routed)           0.546    -1.261    TMDS_inst/tmds_clk
    BUFGCTRL_X0Y1        BUFG (Prop_bufg_I_O)         0.026    -1.235 r  TMDS_inst/tmds_clk_IBUF_BUFG_inst/O
                         net (fo=38, routed)          0.619    -0.616    TMDS_inst/tmds_clk_IBUF_BUFG
    SLICE_X142Y146       FDRE                                         r  TMDS_inst/bit_q_reg[1]/C
  -------------------------------------------------------------------    -------------------
    SLICE_X142Y146       FDRE (Prop_fdre_C_Q)         0.164    -0.452 r  TMDS_inst/bit_q_reg[1]/Q
                         net (fo=11, routed)          0.235    -0.217    TMDS_inst/bit_q_reg[1]
    SLICE_X142Y146       LUT2 (Prop_lut2_I1_O)        0.045    -0.172 r  TMDS_inst/bit_q[1]_i_1/O
                         net (fo=1, routed)           0.000    -0.172    TMDS_inst/p_0_in[1]
    SLICE_X142Y146       FDRE                                         r  TMDS_inst/bit_q_reg[1]/D
  -------------------------------------------------------------------    -------------------

                         (clock clk_out2_DCM_PLL rise edge)
                                                      0.000     0.000 r  
    R4                                                0.000     0.000 r  clk (IN)
                         net (fo=0)                   0.000     0.000    DCM_INST/inst/clk_in1
    R4                   IBUF (Prop_ibuf_I_O)         0.444     0.444 r  DCM_INST/inst/clkin1_ibufg/O
                         net (fo=1, routed)           0.481     0.925    DCM_INST/inst/clk_in1_DCM_PLL
    PLLE2_ADV_X1Y2       PLLE2_ADV (Prop_plle2_adv_CLKIN1_CLKOUT1)
                                                     -2.828    -1.904 r  DCM_INST/inst/plle2_adv_inst/CLKOUT1
                         net (fo=1, routed)           0.595    -1.309    TMDS_inst/tmds_clk
    BUFGCTRL_X0Y1        BUFG (Prop_bufg_I_O)         0.029    -1.280 r  TMDS_inst/tmds_clk_IBUF_BUFG_inst/O
                         net (fo=38, routed)          0.891    -0.389    TMDS_inst/tmds_clk_IBUF_BUFG
    SLICE_X142Y146       FDRE                                         r  TMDS_inst/bit_q_reg[1]/C
                         clock pessimism             -0.227    -0.616    
    SLICE_X142Y146       FDRE (Hold_fdre_C_D)         0.120    -0.496    TMDS_inst/bit_q_reg[1]
  -------------------------------------------------------------------
                         required time                          0.496    
                         arrival time                          -0.172    
  -------------------------------------------------------------------
                         slack                                  0.324    

Slack (MET) :             0.327ns  (arrival time - required time)
  Source:                 TMDS_inst/bit_q_reg[3]/C
                            (rising edge-triggered cell FDRE clocked by clk_out2_DCM_PLL  {rise@0.000ns fall@2.000ns period=4.000ns})
  Destination:            TMDS_inst/TMDSch1_reg/D
                            (rising edge-triggered cell FDRE clocked by clk_out2_DCM_PLL  {rise@0.000ns fall@2.000ns period=4.000ns})
  Path Group:             clk_out2_DCM_PLL
  Path Type:              Hold (Min at Fast Process Corner)
  Requirement:            0.000ns  (clk_out2_DCM_PLL rise@0.000ns - clk_out2_DCM_PLL rise@0.000ns)
  Data Path Delay:        0.457ns  (logic 0.209ns (45.711%)  route 0.248ns (54.289%))
  Logic Levels:           1  (LUT5=1)
  Clock Path Skew:        0.039ns (DCD - SCD - CPR)
    Destination Clock Delay (DCD):    -0.388ns
    Source Clock Delay      (SCD):    -0.616ns
    Clock Pessimism Removal (CPR):    0.189ns

    Location             Delay type                Incr(ns)  Path(ns)    Netlist Resource(s)
  -------------------------------------------------------------------    -------------------
                         (clock clk_out2_DCM_PLL rise edge)
                                                      0.000     0.000 r  
    R4                                                0.000     0.000 r  clk (IN)
                         net (fo=0)                   0.000     0.000    DCM_INST/inst/clk_in1
    R4                   IBUF (Prop_ibuf_I_O)         0.256     0.256 r  DCM_INST/inst/clkin1_ibufg/O
                         net (fo=1, routed)           0.440     0.696    DCM_INST/inst/clk_in1_DCM_PLL
    PLLE2_ADV_X1Y2       PLLE2_ADV (Prop_plle2_adv_CLKIN1_CLKOUT1)
                                                     -2.503    -1.807 r  DCM_INST/inst/plle2_adv_inst/CLKOUT1
                         net (fo=1, routed)           0.546    -1.261    TMDS_inst/tmds_clk
    BUFGCTRL_X0Y1        BUFG (Prop_bufg_I_O)         0.026    -1.235 r  TMDS_inst/tmds_clk_IBUF_BUFG_inst/O
                         net (fo=38, routed)          0.619    -0.616    TMDS_inst/tmds_clk_IBUF_BUFG
    SLICE_X142Y146       FDRE                                         r  TMDS_inst/bit_q_reg[3]/C
  -------------------------------------------------------------------    -------------------
    SLICE_X142Y146       FDRE (Prop_fdre_C_Q)         0.164    -0.452 r  TMDS_inst/bit_q_reg[3]/Q
                         net (fo=6, routed)           0.248    -0.204    TMDS_inst/bit_q_reg[3]
    SLICE_X147Y146       LUT5 (Prop_lut5_I3_O)        0.045    -0.159 r  TMDS_inst/TMDSch1_i_1/O
                         net (fo=1, routed)           0.000    -0.159    TMDS_inst/TMDSch1_i_1_n_0
    SLICE_X147Y146       FDRE                                         r  TMDS_inst/TMDSch1_reg/D
  -------------------------------------------------------------------    -------------------

                         (clock clk_out2_DCM_PLL rise edge)
                                                      0.000     0.000 r  
    R4                                                0.000     0.000 r  clk (IN)
                         net (fo=0)                   0.000     0.000    DCM_INST/inst/clk_in1
    R4                   IBUF (Prop_ibuf_I_O)         0.444     0.444 r  DCM_INST/inst/clkin1_ibufg/O
                         net (fo=1, routed)           0.481     0.925    DCM_INST/inst/clk_in1_DCM_PLL
    PLLE2_ADV_X1Y2       PLLE2_ADV (Prop_plle2_adv_CLKIN1_CLKOUT1)
                                                     -2.828    -1.904 r  DCM_INST/inst/plle2_adv_inst/CLKOUT1
                         net (fo=1, routed)           0.595    -1.309    TMDS_inst/tmds_clk
    BUFGCTRL_X0Y1        BUFG (Prop_bufg_I_O)         0.029    -1.280 r  TMDS_inst/tmds_clk_IBUF_BUFG_inst/O
                         net (fo=38, routed)          0.892    -0.388    TMDS_inst/tmds_clk_IBUF_BUFG
    SLICE_X147Y146       FDRE                                         r  TMDS_inst/TMDSch1_reg/C
                         clock pessimism             -0.189    -0.577    
    SLICE_X147Y146       FDRE (Hold_fdre_C_D)         0.091    -0.486    TMDS_inst/TMDSch1_reg
  -------------------------------------------------------------------
                         required time                          0.486    
                         arrival time                          -0.159    
  -------------------------------------------------------------------
                         slack                                  0.327    

Slack (MET) :             0.512ns  (arrival time - required time)
  Source:                 TMDS_inst/bit_q_reg[4]/C
                            (rising edge-triggered cell FDRE clocked by clk_out2_DCM_PLL  {rise@0.000ns fall@2.000ns period=4.000ns})
  Destination:            TMDS_inst/TmdsRed_reg[1]/CE
                            (rising edge-triggered cell FDRE clocked by clk_out2_DCM_PLL  {rise@0.000ns fall@2.000ns period=4.000ns})
  Path Group:             clk_out2_DCM_PLL
  Path Type:              Hold (Min at Fast Process Corner)
  Requirement:            0.000ns  (clk_out2_DCM_PLL rise@0.000ns - clk_out2_DCM_PLL rise@0.000ns)
  Data Path Delay:        0.490ns  (logic 0.247ns (50.371%)  route 0.243ns (49.629%))
  Logic Levels:           1  (LUT5=1)
  Clock Path Skew:        0.017ns (DCD - SCD - CPR)
    Destination Clock Delay (DCD):    -0.388ns
    Source Clock Delay      (SCD):    -0.616ns
    Clock Pessimism Removal (CPR):    0.211ns

    Location             Delay type                Incr(ns)  Path(ns)    Netlist Resource(s)
  -------------------------------------------------------------------    -------------------
                         (clock clk_out2_DCM_PLL rise edge)
                                                      0.000     0.000 r  
    R4                                                0.000     0.000 r  clk (IN)
                         net (fo=0)                   0.000     0.000    DCM_INST/inst/clk_in1
    R4                   IBUF (Prop_ibuf_I_O)         0.256     0.256 r  DCM_INST/inst/clkin1_ibufg/O
                         net (fo=1, routed)           0.440     0.696    DCM_INST/inst/clk_in1_DCM_PLL
    PLLE2_ADV_X1Y2       PLLE2_ADV (Prop_plle2_adv_CLKIN1_CLKOUT1)
                                                     -2.503    -1.807 r  DCM_INST/inst/plle2_adv_inst/CLKOUT1
                         net (fo=1, routed)           0.546    -1.261    TMDS_inst/tmds_clk
    BUFGCTRL_X0Y1        BUFG (Prop_bufg_I_O)         0.026    -1.235 r  TMDS_inst/tmds_clk_IBUF_BUFG_inst/O
                         net (fo=38, routed)          0.619    -0.616    TMDS_inst/tmds_clk_IBUF_BUFG
    SLICE_X142Y146       FDRE                                         r  TMDS_inst/bit_q_reg[4]/C
  -------------------------------------------------------------------    -------------------
    SLICE_X142Y146       FDRE (Prop_fdre_C_Q)         0.148    -0.468 f  TMDS_inst/bit_q_reg[4]/Q
                         net (fo=2, routed)           0.099    -0.370    TMDS_inst/bit_q_reg__0[4]
    SLICE_X142Y146       LUT5 (Prop_lut5_I0_O)        0.099    -0.271 r  TMDS_inst/TmdsBlue[9]_i_1/O
                         net (fo=35, routed)          0.145    -0.126    TMDS_inst/clear
    SLICE_X143Y147       FDRE                                         r  TMDS_inst/TmdsRed_reg[1]/CE
  -------------------------------------------------------------------    -------------------

                         (clock clk_out2_DCM_PLL rise edge)
                                                      0.000     0.000 r  
    R4                                                0.000     0.000 r  clk (IN)
                         net (fo=0)                   0.000     0.000    DCM_INST/inst/clk_in1
    R4                   IBUF (Prop_ibuf_I_O)         0.444     0.444 r  DCM_INST/inst/clkin1_ibufg/O
                         net (fo=1, routed)           0.481     0.925    DCM_INST/inst/clk_in1_DCM_PLL
    PLLE2_ADV_X1Y2       PLLE2_ADV (Prop_plle2_adv_CLKIN1_CLKOUT1)
                                                     -2.828    -1.904 r  DCM_INST/inst/plle2_adv_inst/CLKOUT1
                         net (fo=1, routed)           0.595    -1.309    TMDS_inst/tmds_clk
    BUFGCTRL_X0Y1        BUFG (Prop_bufg_I_O)         0.029    -1.280 r  TMDS_inst/tmds_clk_IBUF_BUFG_inst/O
                         net (fo=38, routed)          0.892    -0.388    TMDS_inst/tmds_clk_IBUF_BUFG
    SLICE_X143Y147       FDRE                                         r  TMDS_inst/TmdsRed_reg[1]/C
                         clock pessimism             -0.211    -0.599    
    SLICE_X143Y147       FDRE (Hold_fdre_C_CE)       -0.039    -0.638    TMDS_inst/TmdsRed_reg[1]
  -------------------------------------------------------------------
                         required time                          0.638    
                         arrival time                          -0.126    
  -------------------------------------------------------------------
                         slack                                  0.512    

Slack (MET) :             0.512ns  (arrival time - required time)
  Source:                 TMDS_inst/bit_q_reg[4]/C
                            (rising edge-triggered cell FDRE clocked by clk_out2_DCM_PLL  {rise@0.000ns fall@2.000ns period=4.000ns})
  Destination:            TMDS_inst/TmdsRed_reg[8]/CE
                            (rising edge-triggered cell FDRE clocked by clk_out2_DCM_PLL  {rise@0.000ns fall@2.000ns period=4.000ns})
  Path Group:             clk_out2_DCM_PLL
  Path Type:              Hold (Min at Fast Process Corner)
  Requirement:            0.000ns  (clk_out2_DCM_PLL rise@0.000ns - clk_out2_DCM_PLL rise@0.000ns)
  Data Path Delay:        0.490ns  (logic 0.247ns (50.371%)  route 0.243ns (49.629%))
  Logic Levels:           1  (LUT5=1)
  Clock Path Skew:        0.017ns (DCD - SCD - CPR)
    Destination Clock Delay (DCD):    -0.388ns
    Source Clock Delay      (SCD):    -0.616ns
    Clock Pessimism Removal (CPR):    0.211ns

    Location             Delay type                Incr(ns)  Path(ns)    Netlist Resource(s)
  -------------------------------------------------------------------    -------------------
                         (clock clk_out2_DCM_PLL rise edge)
                                                      0.000     0.000 r  
    R4                                                0.000     0.000 r  clk (IN)
                         net (fo=0)                   0.000     0.000    DCM_INST/inst/clk_in1
    R4                   IBUF (Prop_ibuf_I_O)         0.256     0.256 r  DCM_INST/inst/clkin1_ibufg/O
                         net (fo=1, routed)           0.440     0.696    DCM_INST/inst/clk_in1_DCM_PLL
    PLLE2_ADV_X1Y2       PLLE2_ADV (Prop_plle2_adv_CLKIN1_CLKOUT1)
                                                     -2.503    -1.807 r  DCM_INST/inst/plle2_adv_inst/CLKOUT1
                         net (fo=1, routed)           0.546    -1.261    TMDS_inst/tmds_clk
    BUFGCTRL_X0Y1        BUFG (Prop_bufg_I_O)         0.026    -1.235 r  TMDS_inst/tmds_clk_IBUF_BUFG_inst/O
                         net (fo=38, routed)          0.619    -0.616    TMDS_inst/tmds_clk_IBUF_BUFG
    SLICE_X142Y146       FDRE                                         r  TMDS_inst/bit_q_reg[4]/C
  -------------------------------------------------------------------    -------------------
    SLICE_X142Y146       FDRE (Prop_fdre_C_Q)         0.148    -0.468 f  TMDS_inst/bit_q_reg[4]/Q
                         net (fo=2, routed)           0.099    -0.370    TMDS_inst/bit_q_reg__0[4]
    SLICE_X142Y146       LUT5 (Prop_lut5_I0_O)        0.099    -0.271 r  TMDS_inst/TmdsBlue[9]_i_1/O
                         net (fo=35, routed)          0.145    -0.126    TMDS_inst/clear
    SLICE_X143Y147       FDRE                                         r  TMDS_inst/TmdsRed_reg[8]/CE
  -------------------------------------------------------------------    -------------------

                         (clock clk_out2_DCM_PLL rise edge)
                                                      0.000     0.000 r  
    R4                                                0.000     0.000 r  clk (IN)
                         net (fo=0)                   0.000     0.000    DCM_INST/inst/clk_in1
    R4                   IBUF (Prop_ibuf_I_O)         0.444     0.444 r  DCM_INST/inst/clkin1_ibufg/O
                         net (fo=1, routed)           0.481     0.925    DCM_INST/inst/clk_in1_DCM_PLL
    PLLE2_ADV_X1Y2       PLLE2_ADV (Prop_plle2_adv_CLKIN1_CLKOUT1)
                                                     -2.828    -1.904 r  DCM_INST/inst/plle2_adv_inst/CLKOUT1
                         net (fo=1, routed)           0.595    -1.309    TMDS_inst/tmds_clk
    BUFGCTRL_X0Y1        BUFG (Prop_bufg_I_O)         0.029    -1.280 r  TMDS_inst/tmds_clk_IBUF_BUFG_inst/O
                         net (fo=38, routed)          0.892    -0.388    TMDS_inst/tmds_clk_IBUF_BUFG
    SLICE_X143Y147       FDRE                                         r  TMDS_inst/TmdsRed_reg[8]/C
                         clock pessimism             -0.211    -0.599    
    SLICE_X143Y147       FDRE (Hold_fdre_C_CE)       -0.039    -0.638    TMDS_inst/TmdsRed_reg[8]
  -------------------------------------------------------------------
                         required time                          0.638    
                         arrival time                          -0.126    
  -------------------------------------------------------------------
                         slack                                  0.512    





Pulse Width Checks
--------------------------------------------------------------------------------------
Clock Name:         clk_out2_DCM_PLL
Waveform(ns):       { 0.000 2.000 }
Period(ns):         4.000
Sources:            { DCM_INST/inst/plle2_adv_inst/CLKOUT1 }

Check Type        Corner  Lib Pin            Reference Pin  Required(ns)  Actual(ns)  Slack(ns)  Location        Pin
Min Period        n/a     BUFG/I             n/a            2.155         4.000       1.845      BUFGCTRL_X0Y1   TMDS_inst/tmds_clk_IBUF_BUFG_inst/I
Min Period        n/a     PLLE2_ADV/CLKOUT1  n/a            1.249         4.000       2.751      PLLE2_ADV_X1Y2  DCM_INST/inst/plle2_adv_inst/CLKOUT1
Min Period        n/a     FDRE/C             n/a            1.000         4.000       3.000      SLICE_X143Y146  TMDS_inst/TMDSch0_reg/C
Min Period        n/a     FDRE/C             n/a            1.000         4.000       3.000      SLICE_X147Y146  TMDS_inst/TMDSch1_reg/C
Min Period        n/a     FDRE/C             n/a            1.000         4.000       3.000      SLICE_X142Y147  TMDS_inst/TMDSch2_reg/C
Min Period        n/a     FDRE/C             n/a            1.000         4.000       3.000      SLICE_X145Y147  TMDS_inst/TmdsBlue_reg[0]/C
Min Period        n/a     FDRE/C             n/a            1.000         4.000       3.000      SLICE_X145Y147  TMDS_inst/TmdsBlue_reg[1]/C
Min Period        n/a     FDRE/C             n/a            1.000         4.000       3.000      SLICE_X145Y147  TMDS_inst/TmdsBlue_reg[2]/C
Min Period        n/a     FDRE/C             n/a            1.000         4.000       3.000      SLICE_X145Y147  TMDS_inst/TmdsBlue_reg[3]/C
Min Period        n/a     FDRE/C             n/a            1.000         4.000       3.000      SLICE_X144Y147  TMDS_inst/TmdsBlue_reg[4]/C
Max Period        n/a     PLLE2_ADV/CLKOUT1  n/a            160.000       4.000       156.000    PLLE2_ADV_X1Y2  DCM_INST/inst/plle2_adv_inst/CLKOUT1
Low Pulse Width   Slow    FDRE/C             n/a            0.500         2.000       1.500      SLICE_X143Y146  TMDS_inst/TMDSch0_reg/C
Low Pulse Width   Fast    FDRE/C             n/a            0.500         2.000       1.500      SLICE_X143Y146  TMDS_inst/TMDSch0_reg/C
Low Pulse Width   Slow    FDRE/C             n/a            0.500         2.000       1.500      SLICE_X147Y146  TMDS_inst/TMDSch1_reg/C
Low Pulse Width   Fast    FDRE/C             n/a            0.500         2.000       1.500      SLICE_X147Y146  TMDS_inst/TMDSch1_reg/C
Low Pulse Width   Slow    FDRE/C             n/a            0.500         2.000       1.500      SLICE_X142Y147  TMDS_inst/TMDSch2_reg/C
Low Pulse Width   Fast    FDRE/C             n/a            0.500         2.000       1.500      SLICE_X142Y147  TMDS_inst/TMDSch2_reg/C
Low Pulse Width   Slow    FDRE/C             n/a            0.500         2.000       1.500      SLICE_X145Y147  TMDS_inst/TmdsBlue_reg[0]/C
Low Pulse Width   Fast    FDRE/C             n/a            0.500         2.000       1.500      SLICE_X145Y147  TMDS_inst/TmdsBlue_reg[0]/C
Low Pulse Width   Slow    FDRE/C             n/a            0.500         2.000       1.500      SLICE_X145Y147  TMDS_inst/TmdsBlue_reg[1]/C
Low Pulse Width   Fast    FDRE/C             n/a            0.500         2.000       1.500      SLICE_X145Y147  TMDS_inst/TmdsBlue_reg[1]/C
High Pulse Width  Slow    FDRE/C             n/a            0.500         2.000       1.500      SLICE_X143Y146  TMDS_inst/TMDSch0_reg/C
High Pulse Width  Fast    FDRE/C             n/a            0.500         2.000       1.500      SLICE_X143Y146  TMDS_inst/TMDSch0_reg/C
High Pulse Width  Slow    FDRE/C             n/a            0.500         2.000       1.500      SLICE_X147Y146  TMDS_inst/TMDSch1_reg/C
High Pulse Width  Fast    FDRE/C             n/a            0.500         2.000       1.500      SLICE_X147Y146  TMDS_inst/TMDSch1_reg/C
High Pulse Width  Slow    FDRE/C             n/a            0.500         2.000       1.500      SLICE_X142Y147  TMDS_inst/TMDSch2_reg/C
High Pulse Width  Fast    FDRE/C             n/a            0.500         2.000       1.500      SLICE_X142Y147  TMDS_inst/TMDSch2_reg/C
High Pulse Width  Slow    FDRE/C             n/a            0.500         2.000       1.500      SLICE_X145Y147  TMDS_inst/TmdsBlue_reg[0]/C
High Pulse Width  Fast    FDRE/C             n/a            0.500         2.000       1.500      SLICE_X145Y147  TMDS_inst/TmdsBlue_reg[0]/C
High Pulse Width  Slow    FDRE/C             n/a            0.500         2.000       1.500      SLICE_X145Y147  TMDS_inst/TmdsBlue_reg[1]/C
High Pulse Width  Fast    FDRE/C             n/a            0.500         2.000       1.500      SLICE_X145Y147  TMDS_inst/TmdsBlue_reg[1]/C



---------------------------------------------------------------------------------------------------
From Clock:  clkfbout_DCM_PLL
  To Clock:  clkfbout_DCM_PLL

Setup :           NA  Failing Endpoints,  Worst Slack           NA  ,  Total Violation           NA
Hold  :           NA  Failing Endpoints,  Worst Slack           NA  ,  Total Violation           NA
PW    :            0  Failing Endpoints,  Worst Slack        7.845ns,  Total Violation        0.000ns
---------------------------------------------------------------------------------------------------


Pulse Width Checks
--------------------------------------------------------------------------------------
Clock Name:         clkfbout_DCM_PLL
Waveform(ns):       { 0.000 5.000 }
Period(ns):         10.000
Sources:            { DCM_INST/inst/plle2_adv_inst/CLKFBOUT }

Check Type  Corner  Lib Pin             Reference Pin  Required(ns)  Actual(ns)  Slack(ns)  Location        Pin
Min Period  n/a     BUFG/I              n/a            2.155         10.000      7.845      BUFGCTRL_X0Y2   DCM_INST/inst/clkf_buf/I
Min Period  n/a     PLLE2_ADV/CLKFBOUT  n/a            1.249         10.000      8.751      PLLE2_ADV_X1Y2  DCM_INST/inst/plle2_adv_inst/CLKFBOUT
Min Period  n/a     PLLE2_ADV/CLKFBIN   n/a            1.249         10.000      8.751      PLLE2_ADV_X1Y2  DCM_INST/inst/plle2_adv_inst/CLKFBIN
Max Period  n/a     PLLE2_ADV/CLKFBIN   n/a            52.633        10.000      42.633     PLLE2_ADV_X1Y2  DCM_INST/inst/plle2_adv_inst/CLKFBIN
Max Period  n/a     PLLE2_ADV/CLKFBOUT  n/a            160.000       10.000      150.000    PLLE2_ADV_X1Y2  DCM_INST/inst/plle2_adv_inst/CLKFBOUT



---------------------------------------------------------------------------------------------------
From Clock:  clk_out1_DCM_PLL
  To Clock:  clk_out2_DCM_PLL

Setup :            0  Failing Endpoints,  Worst Slack        1.196ns,  Total Violation        0.000ns
Hold  :            0  Failing Endpoints,  Worst Slack        0.159ns,  Total Violation        0.000ns
---------------------------------------------------------------------------------------------------


Max Delay Paths
--------------------------------------------------------------------------------------
Slack (MET) :             1.196ns  (required time - arrival time)
  Source:                 TMDS_inst/encode_green/q_reg[2]/C
                            (rising edge-triggered cell FDSE clocked by clk_out1_DCM_PLL  {rise@0.000ns fall@20.000ns period=40.000ns})
  Destination:            TMDS_inst/TmdsGreen_reg[2]/D
                            (rising edge-triggered cell FDRE clocked by clk_out2_DCM_PLL  {rise@0.000ns fall@2.000ns period=4.000ns})
  Path Group:             clk_out2_DCM_PLL
  Path Type:              Setup (Max at Slow Process Corner)
  Requirement:            4.000ns  (clk_out2_DCM_PLL rise@4.000ns - clk_out1_DCM_PLL rise@0.000ns)
  Data Path Delay:        2.333ns  (logic 0.456ns (19.550%)  route 1.877ns (80.450%))
  Logic Levels:           0  
  Clock Path Skew:        -0.210ns (DCD - SCD + CPR)
    Destination Clock Delay (DCD):    -2.163ns = ( 1.837 - 4.000 ) 
    Source Clock Delay      (SCD):    -2.557ns
    Clock Pessimism Removal (CPR):    -0.604ns
  Clock Uncertainty:      0.215ns  ((TSJ^2 + DJ^2)^1/2) / 2 + PE
    Total System Jitter     (TSJ):    0.071ns
    Discrete Jitter          (DJ):    0.175ns
    Phase Error              (PE):    0.120ns

    Location             Delay type                Incr(ns)  Path(ns)    Netlist Resource(s)
  -------------------------------------------------------------------    -------------------
                         (clock clk_out1_DCM_PLL rise edge)
                                                      0.000     0.000 r  
    R4                                                0.000     0.000 r  clk (IN)
                         net (fo=0)                   0.000     0.000    DCM_INST/inst/clk_in1
    R4                   IBUF (Prop_ibuf_I_O)         1.488     1.488 r  DCM_INST/inst/clkin1_ibufg/O
                         net (fo=1, routed)           1.253     2.741    DCM_INST/inst/clk_in1_DCM_PLL
    PLLE2_ADV_X1Y2       PLLE2_ADV (Prop_plle2_adv_CLKIN1_CLKOUT0)
                                                     -8.953    -6.212 r  DCM_INST/inst/plle2_adv_inst/CLKOUT0
                         net (fo=1, routed)           1.802    -4.409    DCM_INST/inst/clk_out1_DCM_PLL
    BUFGCTRL_X0Y0        BUFG (Prop_bufg_I_O)         0.096    -4.313 r  DCM_INST/inst/clkout1_buf/O
                         net (fo=99, routed)          1.756    -2.557    TMDS_inst/encode_green/pixel_clk_IBUF_BUFG
    SLICE_X147Y148       FDSE                                         r  TMDS_inst/encode_green/q_reg[2]/C
  -------------------------------------------------------------------    -------------------
    SLICE_X147Y148       FDSE (Prop_fdse_C_Q)         0.456    -2.101 r  TMDS_inst/encode_green/q_reg[2]/Q
                         net (fo=1, routed)           1.877    -0.225    TMDS_inst/encode_green_n_7
    SLICE_X144Y146       FDRE                                         r  TMDS_inst/TmdsGreen_reg[2]/D
  -------------------------------------------------------------------    -------------------

                         (clock clk_out2_DCM_PLL rise edge)
                                                      4.000     4.000 r  
    R4                                                0.000     4.000 r  clk (IN)
                         net (fo=0)                   0.000     4.000    DCM_INST/inst/clk_in1
    R4                   IBUF (Prop_ibuf_I_O)         1.417     5.417 r  DCM_INST/inst/clkin1_ibufg/O
                         net (fo=1, routed)           1.181     6.598    DCM_INST/inst/clk_in1_DCM_PLL
    PLLE2_ADV_X1Y2       PLLE2_ADV (Prop_plle2_adv_CLKIN1_CLKOUT1)
                                                     -8.206    -1.607 r  DCM_INST/inst/plle2_adv_inst/CLKOUT1
                         net (fo=1, routed)           1.718     0.111    TMDS_inst/tmds_clk
    BUFGCTRL_X0Y1        BUFG (Prop_bufg_I_O)         0.091     0.202 r  TMDS_inst/tmds_clk_IBUF_BUFG_inst/O
                         net (fo=38, routed)          1.635     1.837    TMDS_inst/tmds_clk_IBUF_BUFG
    SLICE_X144Y146       FDRE                                         r  TMDS_inst/TmdsGreen_reg[2]/C
                         clock pessimism             -0.604     1.233    
                         clock uncertainty           -0.215     1.018    
    SLICE_X144Y146       FDRE (Setup_fdre_C_D)       -0.047     0.971    TMDS_inst/TmdsGreen_reg[2]
  -------------------------------------------------------------------
                         required time                          0.971    
                         arrival time                           0.225    
  -------------------------------------------------------------------
                         slack                                  1.196    

Slack (MET) :             1.213ns  (required time - arrival time)
  Source:                 TMDS_inst/encode_blue/q_reg[3]/C
                            (rising edge-triggered cell FDSE clocked by clk_out1_DCM_PLL  {rise@0.000ns fall@20.000ns period=40.000ns})
  Destination:            TMDS_inst/TmdsBlue_reg[3]/D
                            (rising edge-triggered cell FDRE clocked by clk_out2_DCM_PLL  {rise@0.000ns fall@2.000ns period=4.000ns})
  Path Group:             clk_out2_DCM_PLL
  Path Type:              Setup (Max at Slow Process Corner)
  Requirement:            4.000ns  (clk_out2_DCM_PLL rise@4.000ns - clk_out1_DCM_PLL rise@0.000ns)
  Data Path Delay:        2.333ns  (logic 0.518ns (22.201%)  route 1.815ns (77.799%))
  Logic Levels:           0  
  Clock Path Skew:        -0.196ns (DCD - SCD + CPR)
    Destination Clock Delay (DCD):    -2.162ns = ( 1.838 - 4.000 ) 
    Source Clock Delay      (SCD):    -2.570ns
    Clock Pessimism Removal (CPR):    -0.604ns
  Clock Uncertainty:      0.215ns  ((TSJ^2 + DJ^2)^1/2) / 2 + PE
    Total System Jitter     (TSJ):    0.071ns
    Discrete Jitter          (DJ):    0.175ns
    Phase Error              (PE):    0.120ns

    Location             Delay type                Incr(ns)  Path(ns)    Netlist Resource(s)
  -------------------------------------------------------------------    -------------------
                         (clock clk_out1_DCM_PLL rise edge)
                                                      0.000     0.000 r  
    R4                                                0.000     0.000 r  clk (IN)
                         net (fo=0)                   0.000     0.000    DCM_INST/inst/clk_in1
    R4                   IBUF (Prop_ibuf_I_O)         1.488     1.488 r  DCM_INST/inst/clkin1_ibufg/O
                         net (fo=1, routed)           1.253     2.741    DCM_INST/inst/clk_in1_DCM_PLL
    PLLE2_ADV_X1Y2       PLLE2_ADV (Prop_plle2_adv_CLKIN1_CLKOUT0)
                                                     -8.953    -6.212 r  DCM_INST/inst/plle2_adv_inst/CLKOUT0
                         net (fo=1, routed)           1.802    -4.409    DCM_INST/inst/clk_out1_DCM_PLL
    BUFGCTRL_X0Y0        BUFG (Prop_bufg_I_O)         0.096    -4.313 r  DCM_INST/inst/clkout1_buf/O
                         net (fo=99, routed)          1.743    -2.570    TMDS_inst/encode_blue/pixel_clk_IBUF_BUFG
    SLICE_X142Y150       FDSE                                         r  TMDS_inst/encode_blue/q_reg[3]/C
  -------------------------------------------------------------------    -------------------
    SLICE_X142Y150       FDSE (Prop_fdse_C_Q)         0.518    -2.052 r  TMDS_inst/encode_blue/q_reg[3]/Q
                         net (fo=1, routed)           1.815    -0.237    TMDS_inst/encode_blue_n_6
    SLICE_X145Y147       FDRE                                         r  TMDS_inst/TmdsBlue_reg[3]/D
  -------------------------------------------------------------------    -------------------

                         (clock clk_out2_DCM_PLL rise edge)
                                                      4.000     4.000 r  
    R4                                                0.000     4.000 r  clk (IN)
                         net (fo=0)                   0.000     4.000    DCM_INST/inst/clk_in1
    R4                   IBUF (Prop_ibuf_I_O)         1.417     5.417 r  DCM_INST/inst/clkin1_ibufg/O
                         net (fo=1, routed)           1.181     6.598    DCM_INST/inst/clk_in1_DCM_PLL
    PLLE2_ADV_X1Y2       PLLE2_ADV (Prop_plle2_adv_CLKIN1_CLKOUT1)
                                                     -8.206    -1.607 r  DCM_INST/inst/plle2_adv_inst/CLKOUT1
                         net (fo=1, routed)           1.718     0.111    TMDS_inst/tmds_clk
    BUFGCTRL_X0Y1        BUFG (Prop_bufg_I_O)         0.091     0.202 r  TMDS_inst/tmds_clk_IBUF_BUFG_inst/O
                         net (fo=38, routed)          1.636     1.838    TMDS_inst/tmds_clk_IBUF_BUFG
    SLICE_X145Y147       FDRE                                         r  TMDS_inst/TmdsBlue_reg[3]/C
                         clock pessimism             -0.604     1.234    
                         clock uncertainty           -0.215     1.019    
    SLICE_X145Y147       FDRE (Setup_fdre_C_D)       -0.043     0.976    TMDS_inst/TmdsBlue_reg[3]
  -------------------------------------------------------------------
                         required time                          0.976    
                         arrival time                           0.237    
  -------------------------------------------------------------------
                         slack                                  1.213    

Slack (MET) :             1.339ns  (required time - arrival time)
  Source:                 TMDS_inst/encode_blue/q_reg[0]/C
                            (rising edge-triggered cell FDSE clocked by clk_out1_DCM_PLL  {rise@0.000ns fall@20.000ns period=40.000ns})
  Destination:            TMDS_inst/TmdsBlue_reg[0]/D
                            (rising edge-triggered cell FDRE clocked by clk_out2_DCM_PLL  {rise@0.000ns fall@2.000ns period=4.000ns})
  Path Group:             clk_out2_DCM_PLL
  Path Type:              Setup (Max at Slow Process Corner)
  Requirement:            4.000ns  (clk_out2_DCM_PLL rise@4.000ns - clk_out1_DCM_PLL rise@0.000ns)
  Data Path Delay:        2.156ns  (logic 0.518ns (24.023%)  route 1.638ns (75.977%))
  Logic Levels:           0  
  Clock Path Skew:        -0.209ns (DCD - SCD + CPR)
    Destination Clock Delay (DCD):    -2.162ns = ( 1.838 - 4.000 ) 
    Source Clock Delay      (SCD):    -2.557ns
    Clock Pessimism Removal (CPR):    -0.604ns
  Clock Uncertainty:      0.215ns  ((TSJ^2 + DJ^2)^1/2) / 2 + PE
    Total System Jitter     (TSJ):    0.071ns
    Discrete Jitter          (DJ):    0.175ns
    Phase Error              (PE):    0.120ns

    Location             Delay type                Incr(ns)  Path(ns)    Netlist Resource(s)
  -------------------------------------------------------------------    -------------------
                         (clock clk_out1_DCM_PLL rise edge)
                                                      0.000     0.000 r  
    R4                                                0.000     0.000 r  clk (IN)
                         net (fo=0)                   0.000     0.000    DCM_INST/inst/clk_in1
    R4                   IBUF (Prop_ibuf_I_O)         1.488     1.488 r  DCM_INST/inst/clkin1_ibufg/O
                         net (fo=1, routed)           1.253     2.741    DCM_INST/inst/clk_in1_DCM_PLL
    PLLE2_ADV_X1Y2       PLLE2_ADV (Prop_plle2_adv_CLKIN1_CLKOUT0)
                                                     -8.953    -6.212 r  DCM_INST/inst/plle2_adv_inst/CLKOUT0
                         net (fo=1, routed)           1.802    -4.409    DCM_INST/inst/clk_out1_DCM_PLL
    BUFGCTRL_X0Y0        BUFG (Prop_bufg_I_O)         0.096    -4.313 r  DCM_INST/inst/clkout1_buf/O
                         net (fo=99, routed)          1.756    -2.557    TMDS_inst/encode_blue/pixel_clk_IBUF_BUFG
    SLICE_X144Y148       FDSE                                         r  TMDS_inst/encode_blue/q_reg[0]/C
  -------------------------------------------------------------------    -------------------
    SLICE_X144Y148       FDSE (Prop_fdse_C_Q)         0.518    -2.039 r  TMDS_inst/encode_blue/q_reg[0]/Q
                         net (fo=1, routed)           1.638    -0.401    TMDS_inst/encode_blue_n_9
    SLICE_X145Y147       FDRE                                         r  TMDS_inst/TmdsBlue_reg[0]/D
  -------------------------------------------------------------------    -------------------

                         (clock clk_out2_DCM_PLL rise edge)
                                                      4.000     4.000 r  
    R4                                                0.000     4.000 r  clk (IN)
                         net (fo=0)                   0.000     4.000    DCM_INST/inst/clk_in1
    R4                   IBUF (Prop_ibuf_I_O)         1.417     5.417 r  DCM_INST/inst/clkin1_ibufg/O
                         net (fo=1, routed)           1.181     6.598    DCM_INST/inst/clk_in1_DCM_PLL
    PLLE2_ADV_X1Y2       PLLE2_ADV (Prop_plle2_adv_CLKIN1_CLKOUT1)
                                                     -8.206    -1.607 r  DCM_INST/inst/plle2_adv_inst/CLKOUT1
                         net (fo=1, routed)           1.718     0.111    TMDS_inst/tmds_clk
    BUFGCTRL_X0Y1        BUFG (Prop_bufg_I_O)         0.091     0.202 r  TMDS_inst/tmds_clk_IBUF_BUFG_inst/O
                         net (fo=38, routed)          1.636     1.838    TMDS_inst/tmds_clk_IBUF_BUFG
    SLICE_X145Y147       FDRE                                         r  TMDS_inst/TmdsBlue_reg[0]/C
                         clock pessimism             -0.604     1.234    
                         clock uncertainty           -0.215     1.019    
    SLICE_X145Y147       FDRE (Setup_fdre_C_D)       -0.081     0.938    TMDS_inst/TmdsBlue_reg[0]
  -------------------------------------------------------------------
                         required time                          0.938    
                         arrival time                           0.401    
  -------------------------------------------------------------------
                         slack                                  1.339    

Slack (MET) :             1.346ns  (required time - arrival time)
  Source:                 TMDS_inst/encode_green/q_reg[0]/C
                            (rising edge-triggered cell FDSE clocked by clk_out1_DCM_PLL  {rise@0.000ns fall@20.000ns period=40.000ns})
  Destination:            TMDS_inst/TmdsGreen_reg[0]/D
                            (rising edge-triggered cell FDRE clocked by clk_out2_DCM_PLL  {rise@0.000ns fall@2.000ns period=4.000ns})
  Path Group:             clk_out2_DCM_PLL
  Path Type:              Setup (Max at Slow Process Corner)
  Requirement:            4.000ns  (clk_out2_DCM_PLL rise@4.000ns - clk_out1_DCM_PLL rise@0.000ns)
  Data Path Delay:        2.149ns  (logic 0.518ns (24.104%)  route 1.631ns (75.896%))
  Logic Levels:           0  
  Clock Path Skew:        -0.209ns (DCD - SCD + CPR)
    Destination Clock Delay (DCD):    -2.163ns = ( 1.837 - 4.000 ) 
    Source Clock Delay      (SCD):    -2.558ns
    Clock Pessimism Removal (CPR):    -0.604ns
  Clock Uncertainty:      0.215ns  ((TSJ^2 + DJ^2)^1/2) / 2 + PE
    Total System Jitter     (TSJ):    0.071ns
    Discrete Jitter          (DJ):    0.175ns
    Phase Error              (PE):    0.120ns

    Location             Delay type                Incr(ns)  Path(ns)    Netlist Resource(s)
  -------------------------------------------------------------------    -------------------
                         (clock clk_out1_DCM_PLL rise edge)
                                                      0.000     0.000 r  
    R4                                                0.000     0.000 r  clk (IN)
                         net (fo=0)                   0.000     0.000    DCM_INST/inst/clk_in1
    R4                   IBUF (Prop_ibuf_I_O)         1.488     1.488 r  DCM_INST/inst/clkin1_ibufg/O
                         net (fo=1, routed)           1.253     2.741    DCM_INST/inst/clk_in1_DCM_PLL
    PLLE2_ADV_X1Y2       PLLE2_ADV (Prop_plle2_adv_CLKIN1_CLKOUT0)
                                                     -8.953    -6.212 r  DCM_INST/inst/plle2_adv_inst/CLKOUT0
                         net (fo=1, routed)           1.802    -4.409    DCM_INST/inst/clk_out1_DCM_PLL
    BUFGCTRL_X0Y0        BUFG (Prop_bufg_I_O)         0.096    -4.313 r  DCM_INST/inst/clkout1_buf/O
                         net (fo=99, routed)          1.755    -2.558    TMDS_inst/encode_green/pixel_clk_IBUF_BUFG
    SLICE_X146Y146       FDSE                                         r  TMDS_inst/encode_green/q_reg[0]/C
  -------------------------------------------------------------------    -------------------
    SLICE_X146Y146       FDSE (Prop_fdse_C_Q)         0.518    -2.040 r  TMDS_inst/encode_green/q_reg[0]/Q
                         net (fo=1, routed)           1.631    -0.409    TMDS_inst/encode_green_n_9
    SLICE_X145Y146       FDRE                                         r  TMDS_inst/TmdsGreen_reg[0]/D
  -------------------------------------------------------------------    -------------------

                         (clock clk_out2_DCM_PLL rise edge)
                                                      4.000     4.000 r  
    R4                                                0.000     4.000 r  clk (IN)
                         net (fo=0)                   0.000     4.000    DCM_INST/inst/clk_in1
    R4                   IBUF (Prop_ibuf_I_O)         1.417     5.417 r  DCM_INST/inst/clkin1_ibufg/O
                         net (fo=1, routed)           1.181     6.598    DCM_INST/inst/clk_in1_DCM_PLL
    PLLE2_ADV_X1Y2       PLLE2_ADV (Prop_plle2_adv_CLKIN1_CLKOUT1)
                                                     -8.206    -1.607 r  DCM_INST/inst/plle2_adv_inst/CLKOUT1
                         net (fo=1, routed)           1.718     0.111    TMDS_inst/tmds_clk
    BUFGCTRL_X0Y1        BUFG (Prop_bufg_I_O)         0.091     0.202 r  TMDS_inst/tmds_clk_IBUF_BUFG_inst/O
                         net (fo=38, routed)          1.635     1.837    TMDS_inst/tmds_clk_IBUF_BUFG
    SLICE_X145Y146       FDRE                                         r  TMDS_inst/TmdsGreen_reg[0]/C
                         clock pessimism             -0.604     1.233    
                         clock uncertainty           -0.215     1.018    
    SLICE_X145Y146       FDRE (Setup_fdre_C_D)       -0.081     0.937    TMDS_inst/TmdsGreen_reg[0]
  -------------------------------------------------------------------
                         required time                          0.937    
                         arrival time                           0.409    
  -------------------------------------------------------------------
                         slack                                  1.346    

Slack (MET) :             1.358ns  (required time - arrival time)
  Source:                 TMDS_inst/encode_blue/q_reg[7]/C
                            (rising edge-triggered cell FDSE clocked by clk_out1_DCM_PLL  {rise@0.000ns fall@20.000ns period=40.000ns})
  Destination:            TMDS_inst/TmdsBlue_reg[7]/D
                            (rising edge-triggered cell FDRE clocked by clk_out2_DCM_PLL  {rise@0.000ns fall@2.000ns period=4.000ns})
  Path Group:             clk_out2_DCM_PLL
  Path Type:              Setup (Max at Slow Process Corner)
  Requirement:            4.000ns  (clk_out2_DCM_PLL rise@4.000ns - clk_out1_DCM_PLL rise@0.000ns)
  Data Path Delay:        2.179ns  (logic 0.456ns (20.931%)  route 1.723ns (79.069%))
  Logic Levels:           0  
  Clock Path Skew:        -0.209ns (DCD - SCD + CPR)
    Destination Clock Delay (DCD):    -2.162ns = ( 1.838 - 4.000 ) 
    Source Clock Delay      (SCD):    -2.557ns
    Clock Pessimism Removal (CPR):    -0.604ns
  Clock Uncertainty:      0.215ns  ((TSJ^2 + DJ^2)^1/2) / 2 + PE
    Total System Jitter     (TSJ):    0.071ns
    Discrete Jitter          (DJ):    0.175ns
    Phase Error              (PE):    0.120ns

    Location             Delay type                Incr(ns)  Path(ns)    Netlist Resource(s)
  -------------------------------------------------------------------    -------------------
                         (clock clk_out1_DCM_PLL rise edge)
                                                      0.000     0.000 r  
    R4                                                0.000     0.000 r  clk (IN)
                         net (fo=0)                   0.000     0.000    DCM_INST/inst/clk_in1
    R4                   IBUF (Prop_ibuf_I_O)         1.488     1.488 r  DCM_INST/inst/clkin1_ibufg/O
                         net (fo=1, routed)           1.253     2.741    DCM_INST/inst/clk_in1_DCM_PLL
    PLLE2_ADV_X1Y2       PLLE2_ADV (Prop_plle2_adv_CLKIN1_CLKOUT0)
                                                     -8.953    -6.212 r  DCM_INST/inst/plle2_adv_inst/CLKOUT0
                         net (fo=1, routed)           1.802    -4.409    DCM_INST/inst/clk_out1_DCM_PLL
    BUFGCTRL_X0Y0        BUFG (Prop_bufg_I_O)         0.096    -4.313 r  DCM_INST/inst/clkout1_buf/O
                         net (fo=99, routed)          1.756    -2.557    TMDS_inst/encode_blue/pixel_clk_IBUF_BUFG
    SLICE_X145Y148       FDSE                                         r  TMDS_inst/encode_blue/q_reg[7]/C
  -------------------------------------------------------------------    -------------------
    SLICE_X145Y148       FDSE (Prop_fdse_C_Q)         0.456    -2.101 r  TMDS_inst/encode_blue/q_reg[7]/Q
                         net (fo=1, routed)           1.723    -0.378    TMDS_inst/encode_blue_n_2
    SLICE_X145Y147       FDRE                                         r  TMDS_inst/TmdsBlue_reg[7]/D
  -------------------------------------------------------------------    -------------------

                         (clock clk_out2_DCM_PLL rise edge)
                                                      4.000     4.000 r  
    R4                                                0.000     4.000 r  clk (IN)
                         net (fo=0)                   0.000     4.000    DCM_INST/inst/clk_in1
    R4                   IBUF (Prop_ibuf_I_O)         1.417     5.417 r  DCM_INST/inst/clkin1_ibufg/O
                         net (fo=1, routed)           1.181     6.598    DCM_INST/inst/clk_in1_DCM_PLL
    PLLE2_ADV_X1Y2       PLLE2_ADV (Prop_plle2_adv_CLKIN1_CLKOUT1)
                                                     -8.206    -1.607 r  DCM_INST/inst/plle2_adv_inst/CLKOUT1
                         net (fo=1, routed)           1.718     0.111    TMDS_inst/tmds_clk
    BUFGCTRL_X0Y1        BUFG (Prop_bufg_I_O)         0.091     0.202 r  TMDS_inst/tmds_clk_IBUF_BUFG_inst/O
                         net (fo=38, routed)          1.636     1.838    TMDS_inst/tmds_clk_IBUF_BUFG
    SLICE_X145Y147       FDRE                                         r  TMDS_inst/TmdsBlue_reg[7]/C
                         clock pessimism             -0.604     1.234    
                         clock uncertainty           -0.215     1.019    
    SLICE_X145Y147       FDRE (Setup_fdre_C_D)       -0.040     0.979    TMDS_inst/TmdsBlue_reg[7]
  -------------------------------------------------------------------
                         required time                          0.979    
                         arrival time                           0.378    
  -------------------------------------------------------------------
                         slack                                  1.358    

Slack (MET) :             1.368ns  (required time - arrival time)
  Source:                 TMDS_inst/encode_green/q_reg[8]/C
                            (rising edge-triggered cell FDSE clocked by clk_out1_DCM_PLL  {rise@0.000ns fall@20.000ns period=40.000ns})
  Destination:            TMDS_inst/TmdsGreen_reg[8]/D
                            (rising edge-triggered cell FDRE clocked by clk_out2_DCM_PLL  {rise@0.000ns fall@2.000ns period=4.000ns})
  Path Group:             clk_out2_DCM_PLL
  Path Type:              Setup (Max at Slow Process Corner)
  Requirement:            4.000ns  (clk_out2_DCM_PLL rise@4.000ns - clk_out1_DCM_PLL rise@0.000ns)
  Data Path Delay:        1.997ns  (logic 0.478ns (23.937%)  route 1.519ns (76.063%))
  Logic Levels:           0  
  Clock Path Skew:        -0.209ns (DCD - SCD + CPR)
    Destination Clock Delay (DCD):    -2.163ns = ( 1.837 - 4.000 ) 
    Source Clock Delay      (SCD):    -2.558ns
    Clock Pessimism Removal (CPR):    -0.604ns
  Clock Uncertainty:      0.215ns  ((TSJ^2 + DJ^2)^1/2) / 2 + PE
    Total System Jitter     (TSJ):    0.071ns
    Discrete Jitter          (DJ):    0.175ns
    Phase Error              (PE):    0.120ns

    Location             Delay type                Incr(ns)  Path(ns)    Netlist Resource(s)
  -------------------------------------------------------------------    -------------------
                         (clock clk_out1_DCM_PLL rise edge)
                                                      0.000     0.000 r  
    R4                                                0.000     0.000 r  clk (IN)
                         net (fo=0)                   0.000     0.000    DCM_INST/inst/clk_in1
    R4                   IBUF (Prop_ibuf_I_O)         1.488     1.488 r  DCM_INST/inst/clkin1_ibufg/O
                         net (fo=1, routed)           1.253     2.741    DCM_INST/inst/clk_in1_DCM_PLL
    PLLE2_ADV_X1Y2       PLLE2_ADV (Prop_plle2_adv_CLKIN1_CLKOUT0)
                                                     -8.953    -6.212 r  DCM_INST/inst/plle2_adv_inst/CLKOUT0
                         net (fo=1, routed)           1.802    -4.409    DCM_INST/inst/clk_out1_DCM_PLL
    BUFGCTRL_X0Y0        BUFG (Prop_bufg_I_O)         0.096    -4.313 r  DCM_INST/inst/clkout1_buf/O
                         net (fo=99, routed)          1.755    -2.558    TMDS_inst/encode_green/pixel_clk_IBUF_BUFG
    SLICE_X146Y146       FDSE                                         r  TMDS_inst/encode_green/q_reg[8]/C
  -------------------------------------------------------------------    -------------------
    SLICE_X146Y146       FDSE (Prop_fdse_C_Q)         0.478    -2.080 r  TMDS_inst/encode_green/q_reg[8]/Q
                         net (fo=1, routed)           1.519    -0.561    TMDS_inst/encode_green_n_1
    SLICE_X145Y146       FDRE                                         r  TMDS_inst/TmdsGreen_reg[8]/D
  -------------------------------------------------------------------    -------------------

                         (clock clk_out2_DCM_PLL rise edge)
                                                      4.000     4.000 r  
    R4                                                0.000     4.000 r  clk (IN)
                         net (fo=0)                   0.000     4.000    DCM_INST/inst/clk_in1
    R4                   IBUF (Prop_ibuf_I_O)         1.417     5.417 r  DCM_INST/inst/clkin1_ibufg/O
                         net (fo=1, routed)           1.181     6.598    DCM_INST/inst/clk_in1_DCM_PLL
    PLLE2_ADV_X1Y2       PLLE2_ADV (Prop_plle2_adv_CLKIN1_CLKOUT1)
                                                     -8.206    -1.607 r  DCM_INST/inst/plle2_adv_inst/CLKOUT1
                         net (fo=1, routed)           1.718     0.111    TMDS_inst/tmds_clk
    BUFGCTRL_X0Y1        BUFG (Prop_bufg_I_O)         0.091     0.202 r  TMDS_inst/tmds_clk_IBUF_BUFG_inst/O
                         net (fo=38, routed)          1.635     1.837    TMDS_inst/tmds_clk_IBUF_BUFG
    SLICE_X145Y146       FDRE                                         r  TMDS_inst/TmdsGreen_reg[8]/C
                         clock pessimism             -0.604     1.233    
                         clock uncertainty           -0.215     1.018    
    SLICE_X145Y146       FDRE (Setup_fdre_C_D)       -0.211     0.807    TMDS_inst/TmdsGreen_reg[8]
  -------------------------------------------------------------------
                         required time                          0.807    
                         arrival time                           0.561    
  -------------------------------------------------------------------
                         slack                                  1.368    

Slack (MET) :             1.388ns  (required time - arrival time)
  Source:                 TMDS_inst/encode_red/q_reg[5]/C
                            (rising edge-triggered cell FDSE clocked by clk_out1_DCM_PLL  {rise@0.000ns fall@20.000ns period=40.000ns})
  Destination:            TMDS_inst/TmdsRed_reg[5]/D
                            (rising edge-triggered cell FDRE clocked by clk_out2_DCM_PLL  {rise@0.000ns fall@2.000ns period=4.000ns})
  Path Group:             clk_out2_DCM_PLL
  Path Type:              Setup (Max at Slow Process Corner)
  Requirement:            4.000ns  (clk_out2_DCM_PLL rise@4.000ns - clk_out1_DCM_PLL rise@0.000ns)
  Data Path Delay:        2.126ns  (logic 0.518ns (24.362%)  route 1.608ns (75.638%))
  Logic Levels:           0  
  Clock Path Skew:        -0.209ns (DCD - SCD + CPR)
    Destination Clock Delay (DCD):    -2.164ns = ( 1.836 - 4.000 ) 
    Source Clock Delay      (SCD):    -2.559ns
    Clock Pessimism Removal (CPR):    -0.604ns
  Clock Uncertainty:      0.215ns  ((TSJ^2 + DJ^2)^1/2) / 2 + PE
    Total System Jitter     (TSJ):    0.071ns
    Discrete Jitter          (DJ):    0.175ns
    Phase Error              (PE):    0.120ns

    Location             Delay type                Incr(ns)  Path(ns)    Netlist Resource(s)
  -------------------------------------------------------------------    -------------------
                         (clock clk_out1_DCM_PLL rise edge)
                                                      0.000     0.000 r  
    R4                                                0.000     0.000 r  clk (IN)
                         net (fo=0)                   0.000     0.000    DCM_INST/inst/clk_in1
    R4                   IBUF (Prop_ibuf_I_O)         1.488     1.488 r  DCM_INST/inst/clkin1_ibufg/O
                         net (fo=1, routed)           1.253     2.741    DCM_INST/inst/clk_in1_DCM_PLL
    PLLE2_ADV_X1Y2       PLLE2_ADV (Prop_plle2_adv_CLKIN1_CLKOUT0)
                                                     -8.953    -6.212 r  DCM_INST/inst/plle2_adv_inst/CLKOUT0
                         net (fo=1, routed)           1.802    -4.409    DCM_INST/inst/clk_out1_DCM_PLL
    BUFGCTRL_X0Y0        BUFG (Prop_bufg_I_O)         0.096    -4.313 r  DCM_INST/inst/clkout1_buf/O
                         net (fo=99, routed)          1.754    -2.559    TMDS_inst/encode_red/pixel_clk_IBUF_BUFG
    SLICE_X140Y146       FDSE                                         r  TMDS_inst/encode_red/q_reg[5]/C
  -------------------------------------------------------------------    -------------------
    SLICE_X140Y146       FDSE (Prop_fdse_C_Q)         0.518    -2.041 r  TMDS_inst/encode_red/q_reg[5]/Q
                         net (fo=1, routed)           1.608    -0.433    TMDS_inst/encode_red_n_4
    SLICE_X141Y147       FDRE                                         r  TMDS_inst/TmdsRed_reg[5]/D
  -------------------------------------------------------------------    -------------------

                         (clock clk_out2_DCM_PLL rise edge)
                                                      4.000     4.000 r  
    R4                                                0.000     4.000 r  clk (IN)
                         net (fo=0)                   0.000     4.000    DCM_INST/inst/clk_in1
    R4                   IBUF (Prop_ibuf_I_O)         1.417     5.417 r  DCM_INST/inst/clkin1_ibufg/O
                         net (fo=1, routed)           1.181     6.598    DCM_INST/inst/clk_in1_DCM_PLL
    PLLE2_ADV_X1Y2       PLLE2_ADV (Prop_plle2_adv_CLKIN1_CLKOUT1)
                                                     -8.206    -1.607 r  DCM_INST/inst/plle2_adv_inst/CLKOUT1
                         net (fo=1, routed)           1.718     0.111    TMDS_inst/tmds_clk
    BUFGCTRL_X0Y1        BUFG (Prop_bufg_I_O)         0.091     0.202 r  TMDS_inst/tmds_clk_IBUF_BUFG_inst/O
                         net (fo=38, routed)          1.634     1.836    TMDS_inst/tmds_clk_IBUF_BUFG
    SLICE_X141Y147       FDRE                                         r  TMDS_inst/TmdsRed_reg[5]/C
                         clock pessimism             -0.604     1.232    
                         clock uncertainty           -0.215     1.017    
    SLICE_X141Y147       FDRE (Setup_fdre_C_D)       -0.062     0.955    TMDS_inst/TmdsRed_reg[5]
  -------------------------------------------------------------------
                         required time                          0.955    
                         arrival time                           0.433    
  -------------------------------------------------------------------
                         slack                                  1.388    

Slack (MET) :             1.401ns  (required time - arrival time)
  Source:                 TMDS_inst/encode_blue/q_reg[4]/C
                            (rising edge-triggered cell FDSE clocked by clk_out1_DCM_PLL  {rise@0.000ns fall@20.000ns period=40.000ns})
  Destination:            TMDS_inst/TmdsBlue_reg[4]/D
                            (rising edge-triggered cell FDRE clocked by clk_out2_DCM_PLL  {rise@0.000ns fall@2.000ns period=4.000ns})
  Path Group:             clk_out2_DCM_PLL
  Path Type:              Setup (Max at Slow Process Corner)
  Requirement:            4.000ns  (clk_out2_DCM_PLL rise@4.000ns - clk_out1_DCM_PLL rise@0.000ns)
  Data Path Delay:        2.128ns  (logic 0.518ns (24.345%)  route 1.610ns (75.655%))
  Logic Levels:           0  
  Clock Path Skew:        -0.209ns (DCD - SCD + CPR)
    Destination Clock Delay (DCD):    -2.162ns = ( 1.838 - 4.000 ) 
    Source Clock Delay      (SCD):    -2.557ns
    Clock Pessimism Removal (CPR):    -0.604ns
  Clock Uncertainty:      0.215ns  ((TSJ^2 + DJ^2)^1/2) / 2 + PE
    Total System Jitter     (TSJ):    0.071ns
    Discrete Jitter          (DJ):    0.175ns
    Phase Error              (PE):    0.120ns

    Location             Delay type                Incr(ns)  Path(ns)    Netlist Resource(s)
  -------------------------------------------------------------------    -------------------
                         (clock clk_out1_DCM_PLL rise edge)
                                                      0.000     0.000 r  
    R4                                                0.000     0.000 r  clk (IN)
                         net (fo=0)                   0.000     0.000    DCM_INST/inst/clk_in1
    R4                   IBUF (Prop_ibuf_I_O)         1.488     1.488 r  DCM_INST/inst/clkin1_ibufg/O
                         net (fo=1, routed)           1.253     2.741    DCM_INST/inst/clk_in1_DCM_PLL
    PLLE2_ADV_X1Y2       PLLE2_ADV (Prop_plle2_adv_CLKIN1_CLKOUT0)
                                                     -8.953    -6.212 r  DCM_INST/inst/plle2_adv_inst/CLKOUT0
                         net (fo=1, routed)           1.802    -4.409    DCM_INST/inst/clk_out1_DCM_PLL
    BUFGCTRL_X0Y0        BUFG (Prop_bufg_I_O)         0.096    -4.313 r  DCM_INST/inst/clkout1_buf/O
                         net (fo=99, routed)          1.756    -2.557    TMDS_inst/encode_blue/pixel_clk_IBUF_BUFG
    SLICE_X144Y148       FDSE                                         r  TMDS_inst/encode_blue/q_reg[4]/C
  -------------------------------------------------------------------    -------------------
    SLICE_X144Y148       FDSE (Prop_fdse_C_Q)         0.518    -2.039 r  TMDS_inst/encode_blue/q_reg[4]/Q
                         net (fo=1, routed)           1.610    -0.429    TMDS_inst/encode_blue_n_5
    SLICE_X144Y147       FDRE                                         r  TMDS_inst/TmdsBlue_reg[4]/D
  -------------------------------------------------------------------    -------------------

                         (clock clk_out2_DCM_PLL rise edge)
                                                      4.000     4.000 r  
    R4                                                0.000     4.000 r  clk (IN)
                         net (fo=0)                   0.000     4.000    DCM_INST/inst/clk_in1
    R4                   IBUF (Prop_ibuf_I_O)         1.417     5.417 r  DCM_INST/inst/clkin1_ibufg/O
                         net (fo=1, routed)           1.181     6.598    DCM_INST/inst/clk_in1_DCM_PLL
    PLLE2_ADV_X1Y2       PLLE2_ADV (Prop_plle2_adv_CLKIN1_CLKOUT1)
                                                     -8.206    -1.607 r  DCM_INST/inst/plle2_adv_inst/CLKOUT1
                         net (fo=1, routed)           1.718     0.111    TMDS_inst/tmds_clk
    BUFGCTRL_X0Y1        BUFG (Prop_bufg_I_O)         0.091     0.202 r  TMDS_inst/tmds_clk_IBUF_BUFG_inst/O
                         net (fo=38, routed)          1.636     1.838    TMDS_inst/tmds_clk_IBUF_BUFG
    SLICE_X144Y147       FDRE                                         r  TMDS_inst/TmdsBlue_reg[4]/C
                         clock pessimism             -0.604     1.234    
                         clock uncertainty           -0.215     1.019    
    SLICE_X144Y147       FDRE (Setup_fdre_C_D)       -0.047     0.972    TMDS_inst/TmdsBlue_reg[4]
  -------------------------------------------------------------------
                         required time                          0.972    
                         arrival time                           0.429    
  -------------------------------------------------------------------
                         slack                                  1.401    

Slack (MET) :             1.415ns  (required time - arrival time)
  Source:                 TMDS_inst/encode_blue/q_reg[8]/C
                            (rising edge-triggered cell FDSE clocked by clk_out1_DCM_PLL  {rise@0.000ns fall@20.000ns period=40.000ns})
  Destination:            TMDS_inst/TmdsBlue_reg[8]/D
                            (rising edge-triggered cell FDRE clocked by clk_out2_DCM_PLL  {rise@0.000ns fall@2.000ns period=4.000ns})
  Path Group:             clk_out2_DCM_PLL
  Path Type:              Setup (Max at Slow Process Corner)
  Requirement:            4.000ns  (clk_out2_DCM_PLL rise@4.000ns - clk_out1_DCM_PLL rise@0.000ns)
  Data Path Delay:        2.134ns  (logic 0.518ns (24.278%)  route 1.616ns (75.722%))
  Logic Levels:           0  
  Clock Path Skew:        -0.209ns (DCD - SCD + CPR)
    Destination Clock Delay (DCD):    -2.162ns = ( 1.838 - 4.000 ) 
    Source Clock Delay      (SCD):    -2.557ns
    Clock Pessimism Removal (CPR):    -0.604ns
  Clock Uncertainty:      0.215ns  ((TSJ^2 + DJ^2)^1/2) / 2 + PE
    Total System Jitter     (TSJ):    0.071ns
    Discrete Jitter          (DJ):    0.175ns
    Phase Error              (PE):    0.120ns

    Location             Delay type                Incr(ns)  Path(ns)    Netlist Resource(s)
  -------------------------------------------------------------------    -------------------
                         (clock clk_out1_DCM_PLL rise edge)
                                                      0.000     0.000 r  
    R4                                                0.000     0.000 r  clk (IN)
                         net (fo=0)                   0.000     0.000    DCM_INST/inst/clk_in1
    R4                   IBUF (Prop_ibuf_I_O)         1.488     1.488 r  DCM_INST/inst/clkin1_ibufg/O
                         net (fo=1, routed)           1.253     2.741    DCM_INST/inst/clk_in1_DCM_PLL
    PLLE2_ADV_X1Y2       PLLE2_ADV (Prop_plle2_adv_CLKIN1_CLKOUT0)
                                                     -8.953    -6.212 r  DCM_INST/inst/plle2_adv_inst/CLKOUT0
                         net (fo=1, routed)           1.802    -4.409    DCM_INST/inst/clk_out1_DCM_PLL
    BUFGCTRL_X0Y0        BUFG (Prop_bufg_I_O)         0.096    -4.313 r  DCM_INST/inst/clkout1_buf/O
                         net (fo=99, routed)          1.756    -2.557    TMDS_inst/encode_blue/pixel_clk_IBUF_BUFG
    SLICE_X146Y147       FDSE                                         r  TMDS_inst/encode_blue/q_reg[8]/C
  -------------------------------------------------------------------    -------------------
    SLICE_X146Y147       FDSE (Prop_fdse_C_Q)         0.518    -2.039 r  TMDS_inst/encode_blue/q_reg[8]/Q
                         net (fo=1, routed)           1.616    -0.423    TMDS_inst/encode_blue_n_1
    SLICE_X144Y147       FDRE                                         r  TMDS_inst/TmdsBlue_reg[8]/D
  -------------------------------------------------------------------    -------------------

                         (clock clk_out2_DCM_PLL rise edge)
                                                      4.000     4.000 r  
    R4                                                0.000     4.000 r  clk (IN)
                         net (fo=0)                   0.000     4.000    DCM_INST/inst/clk_in1
    R4                   IBUF (Prop_ibuf_I_O)         1.417     5.417 r  DCM_INST/inst/clkin1_ibufg/O
                         net (fo=1, routed)           1.181     6.598    DCM_INST/inst/clk_in1_DCM_PLL
    PLLE2_ADV_X1Y2       PLLE2_ADV (Prop_plle2_adv_CLKIN1_CLKOUT1)
                                                     -8.206    -1.607 r  DCM_INST/inst/plle2_adv_inst/CLKOUT1
                         net (fo=1, routed)           1.718     0.111    TMDS_inst/tmds_clk
    BUFGCTRL_X0Y1        BUFG (Prop_bufg_I_O)         0.091     0.202 r  TMDS_inst/tmds_clk_IBUF_BUFG_inst/O
                         net (fo=38, routed)          1.636     1.838    TMDS_inst/tmds_clk_IBUF_BUFG
    SLICE_X144Y147       FDRE                                         r  TMDS_inst/TmdsBlue_reg[8]/C
                         clock pessimism             -0.604     1.234    
                         clock uncertainty           -0.215     1.019    
    SLICE_X144Y147       FDRE (Setup_fdre_C_D)       -0.028     0.991    TMDS_inst/TmdsBlue_reg[8]
  -------------------------------------------------------------------
                         required time                          0.991    
                         arrival time                           0.423    
  -------------------------------------------------------------------
                         slack                                  1.415    

Slack (MET) :             1.423ns  (required time - arrival time)
  Source:                 TMDS_inst/encode_green/q_reg[7]/C
                            (rising edge-triggered cell FDSE clocked by clk_out1_DCM_PLL  {rise@0.000ns fall@20.000ns period=40.000ns})
  Destination:            TMDS_inst/TmdsGreen_reg[7]/D
                            (rising edge-triggered cell FDRE clocked by clk_out2_DCM_PLL  {rise@0.000ns fall@2.000ns period=4.000ns})
  Path Group:             clk_out2_DCM_PLL
  Path Type:              Setup (Max at Slow Process Corner)
  Requirement:            4.000ns  (clk_out2_DCM_PLL rise@4.000ns - clk_out1_DCM_PLL rise@0.000ns)
  Data Path Delay:        2.110ns  (logic 0.518ns (24.555%)  route 1.592ns (75.445%))
  Logic Levels:           0  
  Clock Path Skew:        -0.210ns (DCD - SCD + CPR)
    Destination Clock Delay (DCD):    -2.163ns = ( 1.837 - 4.000 ) 
    Source Clock Delay      (SCD):    -2.557ns
    Clock Pessimism Removal (CPR):    -0.604ns
  Clock Uncertainty:      0.215ns  ((TSJ^2 + DJ^2)^1/2) / 2 + PE
    Total System Jitter     (TSJ):    0.071ns
    Discrete Jitter          (DJ):    0.175ns
    Phase Error              (PE):    0.120ns

    Location             Delay type                Incr(ns)  Path(ns)    Netlist Resource(s)
  -------------------------------------------------------------------    -------------------
                         (clock clk_out1_DCM_PLL rise edge)
                                                      0.000     0.000 r  
    R4                                                0.000     0.000 r  clk (IN)
                         net (fo=0)                   0.000     0.000    DCM_INST/inst/clk_in1
    R4                   IBUF (Prop_ibuf_I_O)         1.488     1.488 r  DCM_INST/inst/clkin1_ibufg/O
                         net (fo=1, routed)           1.253     2.741    DCM_INST/inst/clk_in1_DCM_PLL
    PLLE2_ADV_X1Y2       PLLE2_ADV (Prop_plle2_adv_CLKIN1_CLKOUT0)
                                                     -8.953    -6.212 r  DCM_INST/inst/plle2_adv_inst/CLKOUT0
                         net (fo=1, routed)           1.802    -4.409    DCM_INST/inst/clk_out1_DCM_PLL
    BUFGCTRL_X0Y0        BUFG (Prop_bufg_I_O)         0.096    -4.313 r  DCM_INST/inst/clkout1_buf/O
                         net (fo=99, routed)          1.756    -2.557    TMDS_inst/encode_green/pixel_clk_IBUF_BUFG
    SLICE_X148Y146       FDSE                                         r  TMDS_inst/encode_green/q_reg[7]/C
  -------------------------------------------------------------------    -------------------
    SLICE_X148Y146       FDSE (Prop_fdse_C_Q)         0.518    -2.039 r  TMDS_inst/encode_green/q_reg[7]/Q
                         net (fo=1, routed)           1.592    -0.448    TMDS_inst/encode_green_n_2
    SLICE_X145Y146       FDRE                                         r  TMDS_inst/TmdsGreen_reg[7]/D
  -------------------------------------------------------------------    -------------------

                         (clock clk_out2_DCM_PLL rise edge)
                                                      4.000     4.000 r  
    R4                                                0.000     4.000 r  clk (IN)
                         net (fo=0)                   0.000     4.000    DCM_INST/inst/clk_in1
    R4                   IBUF (Prop_ibuf_I_O)         1.417     5.417 r  DCM_INST/inst/clkin1_ibufg/O
                         net (fo=1, routed)           1.181     6.598    DCM_INST/inst/clk_in1_DCM_PLL
    PLLE2_ADV_X1Y2       PLLE2_ADV (Prop_plle2_adv_CLKIN1_CLKOUT1)
                                                     -8.206    -1.607 r  DCM_INST/inst/plle2_adv_inst/CLKOUT1
                         net (fo=1, routed)           1.718     0.111    TMDS_inst/tmds_clk
    BUFGCTRL_X0Y1        BUFG (Prop_bufg_I_O)         0.091     0.202 r  TMDS_inst/tmds_clk_IBUF_BUFG_inst/O
                         net (fo=38, routed)          1.635     1.837    TMDS_inst/tmds_clk_IBUF_BUFG
    SLICE_X145Y146       FDRE                                         r  TMDS_inst/TmdsGreen_reg[7]/C
                         clock pessimism             -0.604     1.233    
                         clock uncertainty           -0.215     1.018    
    SLICE_X145Y146       FDRE (Setup_fdre_C_D)       -0.043     0.975    TMDS_inst/TmdsGreen_reg[7]
  -------------------------------------------------------------------
                         required time                          0.975    
                         arrival time                           0.448    
  -------------------------------------------------------------------
                         slack                                  1.423    





Min Delay Paths
--------------------------------------------------------------------------------------
Slack (MET) :             0.159ns  (arrival time - required time)
  Source:                 TMDS_inst/encode_green/q_reg[6]/C
                            (rising edge-triggered cell FDSE clocked by clk_out1_DCM_PLL  {rise@0.000ns fall@20.000ns period=40.000ns})
  Destination:            TMDS_inst/TmdsGreen_reg[6]/D
                            (rising edge-triggered cell FDRE clocked by clk_out2_DCM_PLL  {rise@0.000ns fall@2.000ns period=4.000ns})
  Path Group:             clk_out2_DCM_PLL
  Path Type:              Hold (Min at Fast Process Corner)
  Requirement:            0.000ns  (clk_out2_DCM_PLL rise@0.000ns - clk_out1_DCM_PLL rise@0.000ns)
  Data Path Delay:        0.760ns  (logic 0.141ns (18.561%)  route 0.619ns (81.439%))
  Logic Levels:           0  
  Clock Path Skew:        0.323ns (DCD - SCD - CPR)
    Destination Clock Delay (DCD):    -0.388ns
    Source Clock Delay      (SCD):    -0.614ns
    Clock Pessimism Removal (CPR):    -0.097ns
  Clock Uncertainty:      0.215ns  ((TSJ^2 + DJ^2)^1/2) / 2 + PE
    Total System Jitter     (TSJ):    0.071ns
    Discrete Jitter          (DJ):    0.175ns
    Phase Error              (PE):    0.120ns

    Location             Delay type                Incr(ns)  Path(ns)    Netlist Resource(s)
  -------------------------------------------------------------------    -------------------
                         (clock clk_out1_DCM_PLL rise edge)
                                                      0.000     0.000 r  
    R4                                                0.000     0.000 r  clk (IN)
                         net (fo=0)                   0.000     0.000    DCM_INST/inst/clk_in1
    R4                   IBUF (Prop_ibuf_I_O)         0.256     0.256 r  DCM_INST/inst/clkin1_ibufg/O
                         net (fo=1, routed)           0.440     0.696    DCM_INST/inst/clk_in1_DCM_PLL
    PLLE2_ADV_X1Y2       PLLE2_ADV (Prop_plle2_adv_CLKIN1_CLKOUT0)
                                                     -2.503    -1.807 r  DCM_INST/inst/plle2_adv_inst/CLKOUT0
                         net (fo=1, routed)           0.546    -1.261    DCM_INST/inst/clk_out1_DCM_PLL
    BUFGCTRL_X0Y0        BUFG (Prop_bufg_I_O)         0.026    -1.235 r  DCM_INST/inst/clkout1_buf/O
                         net (fo=99, routed)          0.621    -0.614    TMDS_inst/encode_green/pixel_clk_IBUF_BUFG
    SLICE_X147Y148       FDSE                                         r  TMDS_inst/encode_green/q_reg[6]/C
  -------------------------------------------------------------------    -------------------
    SLICE_X147Y148       FDSE (Prop_fdse_C_Q)         0.141    -0.473 r  TMDS_inst/encode_green/q_reg[6]/Q
                         net (fo=1, routed)           0.619     0.145    TMDS_inst/encode_green_n_3
    SLICE_X144Y146       FDRE                                         r  TMDS_inst/TmdsGreen_reg[6]/D
  -------------------------------------------------------------------    -------------------

                         (clock clk_out2_DCM_PLL rise edge)
                                                      0.000     0.000 r  
    R4                                                0.000     0.000 r  clk (IN)
                         net (fo=0)                   0.000     0.000    DCM_INST/inst/clk_in1
    R4                   IBUF (Prop_ibuf_I_O)         0.444     0.444 r  DCM_INST/inst/clkin1_ibufg/O
                         net (fo=1, routed)           0.481     0.925    DCM_INST/inst/clk_in1_DCM_PLL
    PLLE2_ADV_X1Y2       PLLE2_ADV (Prop_plle2_adv_CLKIN1_CLKOUT1)
                                                     -2.828    -1.904 r  DCM_INST/inst/plle2_adv_inst/CLKOUT1
                         net (fo=1, routed)           0.595    -1.309    TMDS_inst/tmds_clk
    BUFGCTRL_X0Y1        BUFG (Prop_bufg_I_O)         0.029    -1.280 r  TMDS_inst/tmds_clk_IBUF_BUFG_inst/O
                         net (fo=38, routed)          0.892    -0.388    TMDS_inst/tmds_clk_IBUF_BUFG
    SLICE_X144Y146       FDRE                                         r  TMDS_inst/TmdsGreen_reg[6]/C
                         clock pessimism              0.097    -0.291    
                         clock uncertainty            0.215    -0.077    
    SLICE_X144Y146       FDRE (Hold_fdre_C_D)         0.063    -0.014    TMDS_inst/TmdsGreen_reg[6]
  -------------------------------------------------------------------
                         required time                          0.014    
                         arrival time                           0.145    
  -------------------------------------------------------------------
                         slack                                  0.159    

Slack (MET) :             0.162ns  (arrival time - required time)
  Source:                 TMDS_inst/encode_red/q_reg[4]/C
                            (rising edge-triggered cell FDSE clocked by clk_out1_DCM_PLL  {rise@0.000ns fall@20.000ns period=40.000ns})
  Destination:            TMDS_inst/TmdsRed_reg[4]/D
                            (rising edge-triggered cell FDRE clocked by clk_out2_DCM_PLL  {rise@0.000ns fall@2.000ns period=4.000ns})
  Path Group:             clk_out2_DCM_PLL
  Path Type:              Hold (Min at Fast Process Corner)
  Requirement:            0.000ns  (clk_out2_DCM_PLL rise@0.000ns - clk_out1_DCM_PLL rise@0.000ns)
  Data Path Delay:        0.748ns  (logic 0.164ns (21.929%)  route 0.584ns (78.071%))
  Logic Levels:           0  
  Clock Path Skew:        0.325ns (DCD - SCD - CPR)
    Destination Clock Delay (DCD):    -0.389ns
    Source Clock Delay      (SCD):    -0.617ns
    Clock Pessimism Removal (CPR):    -0.097ns
  Clock Uncertainty:      0.215ns  ((TSJ^2 + DJ^2)^1/2) / 2 + PE
    Total System Jitter     (TSJ):    0.071ns
    Discrete Jitter          (DJ):    0.175ns
    Phase Error              (PE):    0.120ns

    Location             Delay type                Incr(ns)  Path(ns)    Netlist Resource(s)
  -------------------------------------------------------------------    -------------------
                         (clock clk_out1_DCM_PLL rise edge)
                                                      0.000     0.000 r  
    R4                                                0.000     0.000 r  clk (IN)
                         net (fo=0)                   0.000     0.000    DCM_INST/inst/clk_in1
    R4                   IBUF (Prop_ibuf_I_O)         0.256     0.256 r  DCM_INST/inst/clkin1_ibufg/O
                         net (fo=1, routed)           0.440     0.696    DCM_INST/inst/clk_in1_DCM_PLL
    PLLE2_ADV_X1Y2       PLLE2_ADV (Prop_plle2_adv_CLKIN1_CLKOUT0)
                                                     -2.503    -1.807 r  DCM_INST/inst/plle2_adv_inst/CLKOUT0
                         net (fo=1, routed)           0.546    -1.261    DCM_INST/inst/clk_out1_DCM_PLL
    BUFGCTRL_X0Y0        BUFG (Prop_bufg_I_O)         0.026    -1.235 r  DCM_INST/inst/clkout1_buf/O
                         net (fo=99, routed)          0.618    -0.617    TMDS_inst/encode_red/pixel_clk_IBUF_BUFG
    SLICE_X140Y146       FDSE                                         r  TMDS_inst/encode_red/q_reg[4]/C
  -------------------------------------------------------------------    -------------------
    SLICE_X140Y146       FDSE (Prop_fdse_C_Q)         0.164    -0.453 r  TMDS_inst/encode_red/q_reg[4]/Q
                         net (fo=1, routed)           0.584     0.131    TMDS_inst/encode_red_n_5
    SLICE_X141Y147       FDRE                                         r  TMDS_inst/TmdsRed_reg[4]/D
  -------------------------------------------------------------------    -------------------

                         (clock clk_out2_DCM_PLL rise edge)
                                                      0.000     0.000 r  
    R4                                                0.000     0.000 r  clk (IN)
                         net (fo=0)                   0.000     0.000    DCM_INST/inst/clk_in1
    R4                   IBUF (Prop_ibuf_I_O)         0.444     0.444 r  DCM_INST/inst/clkin1_ibufg/O
                         net (fo=1, routed)           0.481     0.925    DCM_INST/inst/clk_in1_DCM_PLL
    PLLE2_ADV_X1Y2       PLLE2_ADV (Prop_plle2_adv_CLKIN1_CLKOUT1)
                                                     -2.828    -1.904 r  DCM_INST/inst/plle2_adv_inst/CLKOUT1
                         net (fo=1, routed)           0.595    -1.309    TMDS_inst/tmds_clk
    BUFGCTRL_X0Y1        BUFG (Prop_bufg_I_O)         0.029    -1.280 r  TMDS_inst/tmds_clk_IBUF_BUFG_inst/O
                         net (fo=38, routed)          0.891    -0.389    TMDS_inst/tmds_clk_IBUF_BUFG
    SLICE_X141Y147       FDRE                                         r  TMDS_inst/TmdsRed_reg[4]/C
                         clock pessimism              0.097    -0.292    
                         clock uncertainty            0.215    -0.078    
    SLICE_X141Y147       FDRE (Hold_fdre_C_D)         0.047    -0.031    TMDS_inst/TmdsRed_reg[4]
  -------------------------------------------------------------------
                         required time                          0.031    
                         arrival time                           0.131    
  -------------------------------------------------------------------
                         slack                                  0.162    

Slack (MET) :             0.163ns  (arrival time - required time)
  Source:                 TMDS_inst/encode_blue/q_reg[6]/C
                            (rising edge-triggered cell FDSE clocked by clk_out1_DCM_PLL  {rise@0.000ns fall@20.000ns period=40.000ns})
  Destination:            TMDS_inst/TmdsBlue_reg[6]/D
                            (rising edge-triggered cell FDRE clocked by clk_out2_DCM_PLL  {rise@0.000ns fall@2.000ns period=4.000ns})
  Path Group:             clk_out2_DCM_PLL
  Path Type:              Hold (Min at Fast Process Corner)
  Requirement:            0.000ns  (clk_out2_DCM_PLL rise@0.000ns - clk_out1_DCM_PLL rise@0.000ns)
  Data Path Delay:        0.765ns  (logic 0.164ns (21.449%)  route 0.601ns (78.551%))
  Logic Levels:           0  
  Clock Path Skew:        0.324ns (DCD - SCD - CPR)
    Destination Clock Delay (DCD):    -0.387ns
    Source Clock Delay      (SCD):    -0.614ns
    Clock Pessimism Removal (CPR):    -0.097ns
  Clock Uncertainty:      0.215ns  ((TSJ^2 + DJ^2)^1/2) / 2 + PE
    Total System Jitter     (TSJ):    0.071ns
    Discrete Jitter          (DJ):    0.175ns
    Phase Error              (PE):    0.120ns

    Location             Delay type                Incr(ns)  Path(ns)    Netlist Resource(s)
  -------------------------------------------------------------------    -------------------
                         (clock clk_out1_DCM_PLL rise edge)
                                                      0.000     0.000 r  
    R4                                                0.000     0.000 r  clk (IN)
                         net (fo=0)                   0.000     0.000    DCM_INST/inst/clk_in1
    R4                   IBUF (Prop_ibuf_I_O)         0.256     0.256 r  DCM_INST/inst/clkin1_ibufg/O
                         net (fo=1, routed)           0.440     0.696    DCM_INST/inst/clk_in1_DCM_PLL
    PLLE2_ADV_X1Y2       PLLE2_ADV (Prop_plle2_adv_CLKIN1_CLKOUT0)
                                                     -2.503    -1.807 r  DCM_INST/inst/plle2_adv_inst/CLKOUT0
                         net (fo=1, routed)           0.546    -1.261    DCM_INST/inst/clk_out1_DCM_PLL
    BUFGCTRL_X0Y0        BUFG (Prop_bufg_I_O)         0.026    -1.235 r  DCM_INST/inst/clkout1_buf/O
                         net (fo=99, routed)          0.621    -0.614    TMDS_inst/encode_blue/pixel_clk_IBUF_BUFG
    SLICE_X144Y148       FDSE                                         r  TMDS_inst/encode_blue/q_reg[6]/C
  -------------------------------------------------------------------    -------------------
    SLICE_X144Y148       FDSE (Prop_fdse_C_Q)         0.164    -0.450 r  TMDS_inst/encode_blue/q_reg[6]/Q
                         net (fo=1, routed)           0.601     0.150    TMDS_inst/encode_blue_n_3
    SLICE_X144Y147       FDRE                                         r  TMDS_inst/TmdsBlue_reg[6]/D
  -------------------------------------------------------------------    -------------------

                         (clock clk_out2_DCM_PLL rise edge)
                                                      0.000     0.000 r  
    R4                                                0.000     0.000 r  clk (IN)
                         net (fo=0)                   0.000     0.000    DCM_INST/inst/clk_in1
    R4                   IBUF (Prop_ibuf_I_O)         0.444     0.444 r  DCM_INST/inst/clkin1_ibufg/O
                         net (fo=1, routed)           0.481     0.925    DCM_INST/inst/clk_in1_DCM_PLL
    PLLE2_ADV_X1Y2       PLLE2_ADV (Prop_plle2_adv_CLKIN1_CLKOUT1)
                                                     -2.828    -1.904 r  DCM_INST/inst/plle2_adv_inst/CLKOUT1
                         net (fo=1, routed)           0.595    -1.309    TMDS_inst/tmds_clk
    BUFGCTRL_X0Y1        BUFG (Prop_bufg_I_O)         0.029    -1.280 r  TMDS_inst/tmds_clk_IBUF_BUFG_inst/O
                         net (fo=38, routed)          0.893    -0.387    TMDS_inst/tmds_clk_IBUF_BUFG
    SLICE_X144Y147       FDRE                                         r  TMDS_inst/TmdsBlue_reg[6]/C
                         clock pessimism              0.097    -0.290    
                         clock uncertainty            0.215    -0.076    
    SLICE_X144Y147       FDRE (Hold_fdre_C_D)         0.063    -0.013    TMDS_inst/TmdsBlue_reg[6]
  -------------------------------------------------------------------
                         required time                          0.013    
                         arrival time                           0.150    
  -------------------------------------------------------------------
                         slack                                  0.163    

Slack (MET) :             0.166ns  (arrival time - required time)
  Source:                 TMDS_inst/encode_red/q_reg[7]/C
                            (rising edge-triggered cell FDSE clocked by clk_out1_DCM_PLL  {rise@0.000ns fall@20.000ns period=40.000ns})
  Destination:            TMDS_inst/TmdsRed_reg[7]/D
                            (rising edge-triggered cell FDRE clocked by clk_out2_DCM_PLL  {rise@0.000ns fall@2.000ns period=4.000ns})
  Path Group:             clk_out2_DCM_PLL
  Path Type:              Hold (Min at Fast Process Corner)
  Requirement:            0.000ns  (clk_out2_DCM_PLL rise@0.000ns - clk_out1_DCM_PLL rise@0.000ns)
  Data Path Delay:        0.783ns  (logic 0.164ns (20.938%)  route 0.619ns (79.062%))
  Logic Levels:           0  
  Clock Path Skew:        0.325ns (DCD - SCD - CPR)
    Destination Clock Delay (DCD):    -0.389ns
    Source Clock Delay      (SCD):    -0.617ns
    Clock Pessimism Removal (CPR):    -0.097ns
  Clock Uncertainty:      0.215ns  ((TSJ^2 + DJ^2)^1/2) / 2 + PE
    Total System Jitter     (TSJ):    0.071ns
    Discrete Jitter          (DJ):    0.175ns
    Phase Error              (PE):    0.120ns

    Location             Delay type                Incr(ns)  Path(ns)    Netlist Resource(s)
  -------------------------------------------------------------------    -------------------
                         (clock clk_out1_DCM_PLL rise edge)
                                                      0.000     0.000 r  
    R4                                                0.000     0.000 r  clk (IN)
                         net (fo=0)                   0.000     0.000    DCM_INST/inst/clk_in1
    R4                   IBUF (Prop_ibuf_I_O)         0.256     0.256 r  DCM_INST/inst/clkin1_ibufg/O
                         net (fo=1, routed)           0.440     0.696    DCM_INST/inst/clk_in1_DCM_PLL
    PLLE2_ADV_X1Y2       PLLE2_ADV (Prop_plle2_adv_CLKIN1_CLKOUT0)
                                                     -2.503    -1.807 r  DCM_INST/inst/plle2_adv_inst/CLKOUT0
                         net (fo=1, routed)           0.546    -1.261    DCM_INST/inst/clk_out1_DCM_PLL
    BUFGCTRL_X0Y0        BUFG (Prop_bufg_I_O)         0.026    -1.235 r  DCM_INST/inst/clkout1_buf/O
                         net (fo=99, routed)          0.618    -0.617    TMDS_inst/encode_red/pixel_clk_IBUF_BUFG
    SLICE_X140Y146       FDSE                                         r  TMDS_inst/encode_red/q_reg[7]/C
  -------------------------------------------------------------------    -------------------
    SLICE_X140Y146       FDSE (Prop_fdse_C_Q)         0.164    -0.453 r  TMDS_inst/encode_red/q_reg[7]/Q
                         net (fo=1, routed)           0.619     0.166    TMDS_inst/encode_red_n_2
    SLICE_X141Y147       FDRE                                         r  TMDS_inst/TmdsRed_reg[7]/D
  -------------------------------------------------------------------    -------------------

                         (clock clk_out2_DCM_PLL rise edge)
                                                      0.000     0.000 r  
    R4                                                0.000     0.000 r  clk (IN)
                         net (fo=0)                   0.000     0.000    DCM_INST/inst/clk_in1
    R4                   IBUF (Prop_ibuf_I_O)         0.444     0.444 r  DCM_INST/inst/clkin1_ibufg/O
                         net (fo=1, routed)           0.481     0.925    DCM_INST/inst/clk_in1_DCM_PLL
    PLLE2_ADV_X1Y2       PLLE2_ADV (Prop_plle2_adv_CLKIN1_CLKOUT1)
                                                     -2.828    -1.904 r  DCM_INST/inst/plle2_adv_inst/CLKOUT1
                         net (fo=1, routed)           0.595    -1.309    TMDS_inst/tmds_clk
    BUFGCTRL_X0Y1        BUFG (Prop_bufg_I_O)         0.029    -1.280 r  TMDS_inst/tmds_clk_IBUF_BUFG_inst/O
                         net (fo=38, routed)          0.891    -0.389    TMDS_inst/tmds_clk_IBUF_BUFG
    SLICE_X141Y147       FDRE                                         r  TMDS_inst/TmdsRed_reg[7]/C
                         clock pessimism              0.097    -0.292    
                         clock uncertainty            0.215    -0.078    
    SLICE_X141Y147       FDRE (Hold_fdre_C_D)         0.078     0.000    TMDS_inst/TmdsRed_reg[7]
  -------------------------------------------------------------------
                         required time                         -0.000    
                         arrival time                           0.166    
  -------------------------------------------------------------------
                         slack                                  0.166    

Slack (MET) :             0.167ns  (arrival time - required time)
  Source:                 TMDS_inst/encode_blue/q_reg[2]/C
                            (rising edge-triggered cell FDSE clocked by clk_out1_DCM_PLL  {rise@0.000ns fall@20.000ns period=40.000ns})
  Destination:            TMDS_inst/TmdsBlue_reg[2]/D
                            (rising edge-triggered cell FDRE clocked by clk_out2_DCM_PLL  {rise@0.000ns fall@2.000ns period=4.000ns})
  Path Group:             clk_out2_DCM_PLL
  Path Type:              Hold (Min at Fast Process Corner)
  Requirement:            0.000ns  (clk_out2_DCM_PLL rise@0.000ns - clk_out1_DCM_PLL rise@0.000ns)
  Data Path Delay:        0.752ns  (logic 0.164ns (21.813%)  route 0.588ns (78.187%))
  Logic Levels:           0  
  Clock Path Skew:        0.324ns (DCD - SCD - CPR)
    Destination Clock Delay (DCD):    -0.387ns
    Source Clock Delay      (SCD):    -0.614ns
    Clock Pessimism Removal (CPR):    -0.097ns
  Clock Uncertainty:      0.215ns  ((TSJ^2 + DJ^2)^1/2) / 2 + PE
    Total System Jitter     (TSJ):    0.071ns
    Discrete Jitter          (DJ):    0.175ns
    Phase Error              (PE):    0.120ns

    Location             Delay type                Incr(ns)  Path(ns)    Netlist Resource(s)
  -------------------------------------------------------------------    -------------------
                         (clock clk_out1_DCM_PLL rise edge)
                                                      0.000     0.000 r  
    R4                                                0.000     0.000 r  clk (IN)
                         net (fo=0)                   0.000     0.000    DCM_INST/inst/clk_in1
    R4                   IBUF (Prop_ibuf_I_O)         0.256     0.256 r  DCM_INST/inst/clkin1_ibufg/O
                         net (fo=1, routed)           0.440     0.696    DCM_INST/inst/clk_in1_DCM_PLL
    PLLE2_ADV_X1Y2       PLLE2_ADV (Prop_plle2_adv_CLKIN1_CLKOUT0)
                                                     -2.503    -1.807 r  DCM_INST/inst/plle2_adv_inst/CLKOUT0
                         net (fo=1, routed)           0.546    -1.261    DCM_INST/inst/clk_out1_DCM_PLL
    BUFGCTRL_X0Y0        BUFG (Prop_bufg_I_O)         0.026    -1.235 r  DCM_INST/inst/clkout1_buf/O
                         net (fo=99, routed)          0.621    -0.614    TMDS_inst/encode_blue/pixel_clk_IBUF_BUFG
    SLICE_X144Y148       FDSE                                         r  TMDS_inst/encode_blue/q_reg[2]/C
  -------------------------------------------------------------------    -------------------
    SLICE_X144Y148       FDSE (Prop_fdse_C_Q)         0.164    -0.450 r  TMDS_inst/encode_blue/q_reg[2]/Q
                         net (fo=1, routed)           0.588     0.138    TMDS_inst/encode_blue_n_7
    SLICE_X145Y147       FDRE                                         r  TMDS_inst/TmdsBlue_reg[2]/D
  -------------------------------------------------------------------    -------------------

                         (clock clk_out2_DCM_PLL rise edge)
                                                      0.000     0.000 r  
    R4                                                0.000     0.000 r  clk (IN)
                         net (fo=0)                   0.000     0.000    DCM_INST/inst/clk_in1
    R4                   IBUF (Prop_ibuf_I_O)         0.444     0.444 r  DCM_INST/inst/clkin1_ibufg/O
                         net (fo=1, routed)           0.481     0.925    DCM_INST/inst/clk_in1_DCM_PLL
    PLLE2_ADV_X1Y2       PLLE2_ADV (Prop_plle2_adv_CLKIN1_CLKOUT1)
                                                     -2.828    -1.904 r  DCM_INST/inst/plle2_adv_inst/CLKOUT1
                         net (fo=1, routed)           0.595    -1.309    TMDS_inst/tmds_clk
    BUFGCTRL_X0Y1        BUFG (Prop_bufg_I_O)         0.029    -1.280 r  TMDS_inst/tmds_clk_IBUF_BUFG_inst/O
                         net (fo=38, routed)          0.893    -0.387    TMDS_inst/tmds_clk_IBUF_BUFG
    SLICE_X145Y147       FDRE                                         r  TMDS_inst/TmdsBlue_reg[2]/C
                         clock pessimism              0.097    -0.290    
                         clock uncertainty            0.215    -0.076    
    SLICE_X145Y147       FDRE (Hold_fdre_C_D)         0.047    -0.029    TMDS_inst/TmdsBlue_reg[2]
  -------------------------------------------------------------------
                         required time                          0.029    
                         arrival time                           0.138    
  -------------------------------------------------------------------
                         slack                                  0.167    

Slack (MET) :             0.172ns  (arrival time - required time)
  Source:                 TMDS_inst/encode_red/q_reg[6]/C
                            (rising edge-triggered cell FDSE clocked by clk_out1_DCM_PLL  {rise@0.000ns fall@20.000ns period=40.000ns})
  Destination:            TMDS_inst/TmdsRed_reg[6]/D
                            (rising edge-triggered cell FDRE clocked by clk_out2_DCM_PLL  {rise@0.000ns fall@2.000ns period=4.000ns})
  Path Group:             clk_out2_DCM_PLL
  Path Type:              Hold (Min at Fast Process Corner)
  Requirement:            0.000ns  (clk_out2_DCM_PLL rise@0.000ns - clk_out1_DCM_PLL rise@0.000ns)
  Data Path Delay:        0.787ns  (logic 0.164ns (20.827%)  route 0.623ns (79.173%))
  Logic Levels:           0  
  Clock Path Skew:        0.325ns (DCD - SCD - CPR)
    Destination Clock Delay (DCD):    -0.389ns
    Source Clock Delay      (SCD):    -0.617ns
    Clock Pessimism Removal (CPR):    -0.097ns
  Clock Uncertainty:      0.215ns  ((TSJ^2 + DJ^2)^1/2) / 2 + PE
    Total System Jitter     (TSJ):    0.071ns
    Discrete Jitter          (DJ):    0.175ns
    Phase Error              (PE):    0.120ns

    Location             Delay type                Incr(ns)  Path(ns)    Netlist Resource(s)
  -------------------------------------------------------------------    -------------------
                         (clock clk_out1_DCM_PLL rise edge)
                                                      0.000     0.000 r  
    R4                                                0.000     0.000 r  clk (IN)
                         net (fo=0)                   0.000     0.000    DCM_INST/inst/clk_in1
    R4                   IBUF (Prop_ibuf_I_O)         0.256     0.256 r  DCM_INST/inst/clkin1_ibufg/O
                         net (fo=1, routed)           0.440     0.696    DCM_INST/inst/clk_in1_DCM_PLL
    PLLE2_ADV_X1Y2       PLLE2_ADV (Prop_plle2_adv_CLKIN1_CLKOUT0)
                                                     -2.503    -1.807 r  DCM_INST/inst/plle2_adv_inst/CLKOUT0
                         net (fo=1, routed)           0.546    -1.261    DCM_INST/inst/clk_out1_DCM_PLL
    BUFGCTRL_X0Y0        BUFG (Prop_bufg_I_O)         0.026    -1.235 r  DCM_INST/inst/clkout1_buf/O
                         net (fo=99, routed)          0.618    -0.617    TMDS_inst/encode_red/pixel_clk_IBUF_BUFG
    SLICE_X140Y146       FDSE                                         r  TMDS_inst/encode_red/q_reg[6]/C
  -------------------------------------------------------------------    -------------------
    SLICE_X140Y146       FDSE (Prop_fdse_C_Q)         0.164    -0.453 r  TMDS_inst/encode_red/q_reg[6]/Q
                         net (fo=1, routed)           0.623     0.170    TMDS_inst/encode_red_n_3
    SLICE_X141Y147       FDRE                                         r  TMDS_inst/TmdsRed_reg[6]/D
  -------------------------------------------------------------------    -------------------

                         (clock clk_out2_DCM_PLL rise edge)
                                                      0.000     0.000 r  
    R4                                                0.000     0.000 r  clk (IN)
                         net (fo=0)                   0.000     0.000    DCM_INST/inst/clk_in1
    R4                   IBUF (Prop_ibuf_I_O)         0.444     0.444 r  DCM_INST/inst/clkin1_ibufg/O
                         net (fo=1, routed)           0.481     0.925    DCM_INST/inst/clk_in1_DCM_PLL
    PLLE2_ADV_X1Y2       PLLE2_ADV (Prop_plle2_adv_CLKIN1_CLKOUT1)
                                                     -2.828    -1.904 r  DCM_INST/inst/plle2_adv_inst/CLKOUT1
                         net (fo=1, routed)           0.595    -1.309    TMDS_inst/tmds_clk
    BUFGCTRL_X0Y1        BUFG (Prop_bufg_I_O)         0.029    -1.280 r  TMDS_inst/tmds_clk_IBUF_BUFG_inst/O
                         net (fo=38, routed)          0.891    -0.389    TMDS_inst/tmds_clk_IBUF_BUFG
    SLICE_X141Y147       FDRE                                         r  TMDS_inst/TmdsRed_reg[6]/C
                         clock pessimism              0.097    -0.292    
                         clock uncertainty            0.215    -0.078    
    SLICE_X141Y147       FDRE (Hold_fdre_C_D)         0.076    -0.002    TMDS_inst/TmdsRed_reg[6]
  -------------------------------------------------------------------
                         required time                          0.002    
                         arrival time                           0.170    
  -------------------------------------------------------------------
                         slack                                  0.172    

Slack (MET) :             0.179ns  (arrival time - required time)
  Source:                 TMDS_inst/encode_blue/q_reg[5]/C
                            (rising edge-triggered cell FDSE clocked by clk_out1_DCM_PLL  {rise@0.000ns fall@20.000ns period=40.000ns})
  Destination:            TMDS_inst/TmdsBlue_reg[5]/D
                            (rising edge-triggered cell FDRE clocked by clk_out2_DCM_PLL  {rise@0.000ns fall@2.000ns period=4.000ns})
  Path Group:             clk_out2_DCM_PLL
  Path Type:              Hold (Min at Fast Process Corner)
  Requirement:            0.000ns  (clk_out2_DCM_PLL rise@0.000ns - clk_out1_DCM_PLL rise@0.000ns)
  Data Path Delay:        0.770ns  (logic 0.164ns (21.287%)  route 0.606ns (78.713%))
  Logic Levels:           0  
  Clock Path Skew:        0.325ns (DCD - SCD - CPR)
    Destination Clock Delay (DCD):    -0.387ns
    Source Clock Delay      (SCD):    -0.615ns
    Clock Pessimism Removal (CPR):    -0.097ns
  Clock Uncertainty:      0.215ns  ((TSJ^2 + DJ^2)^1/2) / 2 + PE
    Total System Jitter     (TSJ):    0.071ns
    Discrete Jitter          (DJ):    0.175ns
    Phase Error              (PE):    0.120ns

    Location             Delay type                Incr(ns)  Path(ns)    Netlist Resource(s)
  -------------------------------------------------------------------    -------------------
                         (clock clk_out1_DCM_PLL rise edge)
                                                      0.000     0.000 r  
    R4                                                0.000     0.000 r  clk (IN)
                         net (fo=0)                   0.000     0.000    DCM_INST/inst/clk_in1
    R4                   IBUF (Prop_ibuf_I_O)         0.256     0.256 r  DCM_INST/inst/clkin1_ibufg/O
                         net (fo=1, routed)           0.440     0.696    DCM_INST/inst/clk_in1_DCM_PLL
    PLLE2_ADV_X1Y2       PLLE2_ADV (Prop_plle2_adv_CLKIN1_CLKOUT0)
                                                     -2.503    -1.807 r  DCM_INST/inst/plle2_adv_inst/CLKOUT0
                         net (fo=1, routed)           0.546    -1.261    DCM_INST/inst/clk_out1_DCM_PLL
    BUFGCTRL_X0Y0        BUFG (Prop_bufg_I_O)         0.026    -1.235 r  DCM_INST/inst/clkout1_buf/O
                         net (fo=99, routed)          0.620    -0.615    TMDS_inst/encode_blue/pixel_clk_IBUF_BUFG
    SLICE_X142Y148       FDSE                                         r  TMDS_inst/encode_blue/q_reg[5]/C
  -------------------------------------------------------------------    -------------------
    SLICE_X142Y148       FDSE (Prop_fdse_C_Q)         0.164    -0.451 r  TMDS_inst/encode_blue/q_reg[5]/Q
                         net (fo=1, routed)           0.606     0.155    TMDS_inst/encode_blue_n_4
    SLICE_X144Y147       FDRE                                         r  TMDS_inst/TmdsBlue_reg[5]/D
  -------------------------------------------------------------------    -------------------

                         (clock clk_out2_DCM_PLL rise edge)
                                                      0.000     0.000 r  
    R4                                                0.000     0.000 r  clk (IN)
                         net (fo=0)                   0.000     0.000    DCM_INST/inst/clk_in1
    R4                   IBUF (Prop_ibuf_I_O)         0.444     0.444 r  DCM_INST/inst/clkin1_ibufg/O
                         net (fo=1, routed)           0.481     0.925    DCM_INST/inst/clk_in1_DCM_PLL
    PLLE2_ADV_X1Y2       PLLE2_ADV (Prop_plle2_adv_CLKIN1_CLKOUT1)
                                                     -2.828    -1.904 r  DCM_INST/inst/plle2_adv_inst/CLKOUT1
                         net (fo=1, routed)           0.595    -1.309    TMDS_inst/tmds_clk
    BUFGCTRL_X0Y1        BUFG (Prop_bufg_I_O)         0.029    -1.280 r  TMDS_inst/tmds_clk_IBUF_BUFG_inst/O
                         net (fo=38, routed)          0.893    -0.387    TMDS_inst/tmds_clk_IBUF_BUFG
    SLICE_X144Y147       FDRE                                         r  TMDS_inst/TmdsBlue_reg[5]/C
                         clock pessimism              0.097    -0.290    
                         clock uncertainty            0.215    -0.076    
    SLICE_X144Y147       FDRE (Hold_fdre_C_D)         0.052    -0.024    TMDS_inst/TmdsBlue_reg[5]
  -------------------------------------------------------------------
                         required time                          0.024    
                         arrival time                           0.155    
  -------------------------------------------------------------------
                         slack                                  0.179    

Slack (MET) :             0.182ns  (arrival time - required time)
  Source:                 TMDS_inst/encode_green/q_reg[9]/C
                            (rising edge-triggered cell FDRE clocked by clk_out1_DCM_PLL  {rise@0.000ns fall@20.000ns period=40.000ns})
  Destination:            TMDS_inst/TmdsGreen_reg[9]/D
                            (rising edge-triggered cell FDRE clocked by clk_out2_DCM_PLL  {rise@0.000ns fall@2.000ns period=4.000ns})
  Path Group:             clk_out2_DCM_PLL
  Path Type:              Hold (Min at Fast Process Corner)
  Requirement:            0.000ns  (clk_out2_DCM_PLL rise@0.000ns - clk_out1_DCM_PLL rise@0.000ns)
  Data Path Delay:        0.780ns  (logic 0.164ns (21.038%)  route 0.616ns (78.962%))
  Logic Levels:           0  
  Clock Path Skew:        0.323ns (DCD - SCD - CPR)
    Destination Clock Delay (DCD):    -0.388ns
    Source Clock Delay      (SCD):    -0.614ns
    Clock Pessimism Removal (CPR):    -0.097ns
  Clock Uncertainty:      0.215ns  ((TSJ^2 + DJ^2)^1/2) / 2 + PE
    Total System Jitter     (TSJ):    0.071ns
    Discrete Jitter          (DJ):    0.175ns
    Phase Error              (PE):    0.120ns

    Location             Delay type                Incr(ns)  Path(ns)    Netlist Resource(s)
  -------------------------------------------------------------------    -------------------
                         (clock clk_out1_DCM_PLL rise edge)
                                                      0.000     0.000 r  
    R4                                                0.000     0.000 r  clk (IN)
                         net (fo=0)                   0.000     0.000    DCM_INST/inst/clk_in1
    R4                   IBUF (Prop_ibuf_I_O)         0.256     0.256 r  DCM_INST/inst/clkin1_ibufg/O
                         net (fo=1, routed)           0.440     0.696    DCM_INST/inst/clk_in1_DCM_PLL
    PLLE2_ADV_X1Y2       PLLE2_ADV (Prop_plle2_adv_CLKIN1_CLKOUT0)
                                                     -2.503    -1.807 r  DCM_INST/inst/plle2_adv_inst/CLKOUT0
                         net (fo=1, routed)           0.546    -1.261    DCM_INST/inst/clk_out1_DCM_PLL
    BUFGCTRL_X0Y0        BUFG (Prop_bufg_I_O)         0.026    -1.235 r  DCM_INST/inst/clkout1_buf/O
                         net (fo=99, routed)          0.621    -0.614    TMDS_inst/encode_green/pixel_clk_IBUF_BUFG
    SLICE_X146Y148       FDRE                                         r  TMDS_inst/encode_green/q_reg[9]/C
  -------------------------------------------------------------------    -------------------
    SLICE_X146Y148       FDRE (Prop_fdre_C_Q)         0.164    -0.450 r  TMDS_inst/encode_green/q_reg[9]/Q
                         net (fo=1, routed)           0.616     0.165    TMDS_inst/encode_green_n_0
    SLICE_X144Y146       FDRE                                         r  TMDS_inst/TmdsGreen_reg[9]/D
  -------------------------------------------------------------------    -------------------

                         (clock clk_out2_DCM_PLL rise edge)
                                                      0.000     0.000 r  
    R4                                                0.000     0.000 r  clk (IN)
                         net (fo=0)                   0.000     0.000    DCM_INST/inst/clk_in1
    R4                   IBUF (Prop_ibuf_I_O)         0.444     0.444 r  DCM_INST/inst/clkin1_ibufg/O
                         net (fo=1, routed)           0.481     0.925    DCM_INST/inst/clk_in1_DCM_PLL
    PLLE2_ADV_X1Y2       PLLE2_ADV (Prop_plle2_adv_CLKIN1_CLKOUT1)
                                                     -2.828    -1.904 r  DCM_INST/inst/plle2_adv_inst/CLKOUT1
                         net (fo=1, routed)           0.595    -1.309    TMDS_inst/tmds_clk
    BUFGCTRL_X0Y1        BUFG (Prop_bufg_I_O)         0.029    -1.280 r  TMDS_inst/tmds_clk_IBUF_BUFG_inst/O
                         net (fo=38, routed)          0.892    -0.388    TMDS_inst/tmds_clk_IBUF_BUFG
    SLICE_X144Y146       FDRE                                         r  TMDS_inst/TmdsGreen_reg[9]/C
                         clock pessimism              0.097    -0.291    
                         clock uncertainty            0.215    -0.077    
    SLICE_X144Y146       FDRE (Hold_fdre_C_D)         0.060    -0.017    TMDS_inst/TmdsGreen_reg[9]
  -------------------------------------------------------------------
                         required time                          0.017    
                         arrival time                           0.165    
  -------------------------------------------------------------------
                         slack                                  0.182    

Slack (MET) :             0.184ns  (arrival time - required time)
  Source:                 TMDS_inst/encode_red/q_reg[3]/C
                            (rising edge-triggered cell FDSE clocked by clk_out1_DCM_PLL  {rise@0.000ns fall@20.000ns period=40.000ns})
  Destination:            TMDS_inst/TmdsRed_reg[3]/D
                            (rising edge-triggered cell FDRE clocked by clk_out2_DCM_PLL  {rise@0.000ns fall@2.000ns period=4.000ns})
  Path Group:             clk_out2_DCM_PLL
  Path Type:              Hold (Min at Fast Process Corner)
  Requirement:            0.000ns  (clk_out2_DCM_PLL rise@0.000ns - clk_out1_DCM_PLL rise@0.000ns)
  Data Path Delay:        0.770ns  (logic 0.141ns (18.312%)  route 0.629ns (81.688%))
  Logic Levels:           0  
  Clock Path Skew:        0.325ns (DCD - SCD - CPR)
    Destination Clock Delay (DCD):    -0.389ns
    Source Clock Delay      (SCD):    -0.617ns
    Clock Pessimism Removal (CPR):    -0.097ns
  Clock Uncertainty:      0.215ns  ((TSJ^2 + DJ^2)^1/2) / 2 + PE
    Total System Jitter     (TSJ):    0.071ns
    Discrete Jitter          (DJ):    0.175ns
    Phase Error              (PE):    0.120ns

    Location             Delay type                Incr(ns)  Path(ns)    Netlist Resource(s)
  -------------------------------------------------------------------    -------------------
                         (clock clk_out1_DCM_PLL rise edge)
                                                      0.000     0.000 r  
    R4                                                0.000     0.000 r  clk (IN)
                         net (fo=0)                   0.000     0.000    DCM_INST/inst/clk_in1
    R4                   IBUF (Prop_ibuf_I_O)         0.256     0.256 r  DCM_INST/inst/clkin1_ibufg/O
                         net (fo=1, routed)           0.440     0.696    DCM_INST/inst/clk_in1_DCM_PLL
    PLLE2_ADV_X1Y2       PLLE2_ADV (Prop_plle2_adv_CLKIN1_CLKOUT0)
                                                     -2.503    -1.807 r  DCM_INST/inst/plle2_adv_inst/CLKOUT0
                         net (fo=1, routed)           0.546    -1.261    DCM_INST/inst/clk_out1_DCM_PLL
    BUFGCTRL_X0Y0        BUFG (Prop_bufg_I_O)         0.026    -1.235 r  DCM_INST/inst/clkout1_buf/O
                         net (fo=99, routed)          0.618    -0.617    TMDS_inst/encode_red/pixel_clk_IBUF_BUFG
    SLICE_X141Y146       FDSE                                         r  TMDS_inst/encode_red/q_reg[3]/C
  -------------------------------------------------------------------    -------------------
    SLICE_X141Y146       FDSE (Prop_fdse_C_Q)         0.141    -0.476 r  TMDS_inst/encode_red/q_reg[3]/Q
                         net (fo=1, routed)           0.629     0.153    TMDS_inst/encode_red_n_6
    SLICE_X141Y147       FDRE                                         r  TMDS_inst/TmdsRed_reg[3]/D
  -------------------------------------------------------------------    -------------------

                         (clock clk_out2_DCM_PLL rise edge)
                                                      0.000     0.000 r  
    R4                                                0.000     0.000 r  clk (IN)
                         net (fo=0)                   0.000     0.000    DCM_INST/inst/clk_in1
    R4                   IBUF (Prop_ibuf_I_O)         0.444     0.444 r  DCM_INST/inst/clkin1_ibufg/O
                         net (fo=1, routed)           0.481     0.925    DCM_INST/inst/clk_in1_DCM_PLL
    PLLE2_ADV_X1Y2       PLLE2_ADV (Prop_plle2_adv_CLKIN1_CLKOUT1)
                                                     -2.828    -1.904 r  DCM_INST/inst/plle2_adv_inst/CLKOUT1
                         net (fo=1, routed)           0.595    -1.309    TMDS_inst/tmds_clk
    BUFGCTRL_X0Y1        BUFG (Prop_bufg_I_O)         0.029    -1.280 r  TMDS_inst/tmds_clk_IBUF_BUFG_inst/O
                         net (fo=38, routed)          0.891    -0.389    TMDS_inst/tmds_clk_IBUF_BUFG
    SLICE_X141Y147       FDRE                                         r  TMDS_inst/TmdsRed_reg[3]/C
                         clock pessimism              0.097    -0.292    
                         clock uncertainty            0.215    -0.078    
    SLICE_X141Y147       FDRE (Hold_fdre_C_D)         0.047    -0.031    TMDS_inst/TmdsRed_reg[3]
  -------------------------------------------------------------------
                         required time                          0.031    
                         arrival time                           0.153    
  -------------------------------------------------------------------
                         slack                                  0.184    

Slack (MET) :             0.189ns  (arrival time - required time)
  Source:                 TMDS_inst/encode_green/q_reg[3]/C
                            (rising edge-triggered cell FDSE clocked by clk_out1_DCM_PLL  {rise@0.000ns fall@20.000ns period=40.000ns})
  Destination:            TMDS_inst/TmdsGreen_reg[3]/D
                            (rising edge-triggered cell FDRE clocked by clk_out2_DCM_PLL  {rise@0.000ns fall@2.000ns period=4.000ns})
  Path Group:             clk_out2_DCM_PLL
  Path Type:              Hold (Min at Fast Process Corner)
  Requirement:            0.000ns  (clk_out2_DCM_PLL rise@0.000ns - clk_out1_DCM_PLL rise@0.000ns)
  Data Path Delay:        0.778ns  (logic 0.141ns (18.119%)  route 0.637ns (81.881%))
  Logic Levels:           0  
  Clock Path Skew:        0.323ns (DCD - SCD - CPR)
    Destination Clock Delay (DCD):    -0.388ns
    Source Clock Delay      (SCD):    -0.614ns
    Clock Pessimism Removal (CPR):    -0.097ns
  Clock Uncertainty:      0.215ns  ((TSJ^2 + DJ^2)^1/2) / 2 + PE
    Total System Jitter     (TSJ):    0.071ns
    Discrete Jitter          (DJ):    0.175ns
    Phase Error              (PE):    0.120ns

    Location             Delay type                Incr(ns)  Path(ns)    Netlist Resource(s)
  -------------------------------------------------------------------    -------------------
                         (clock clk_out1_DCM_PLL rise edge)
                                                      0.000     0.000 r  
    R4                                                0.000     0.000 r  clk (IN)
                         net (fo=0)                   0.000     0.000    DCM_INST/inst/clk_in1
    R4                   IBUF (Prop_ibuf_I_O)         0.256     0.256 r  DCM_INST/inst/clkin1_ibufg/O
                         net (fo=1, routed)           0.440     0.696    DCM_INST/inst/clk_in1_DCM_PLL
    PLLE2_ADV_X1Y2       PLLE2_ADV (Prop_plle2_adv_CLKIN1_CLKOUT0)
                                                     -2.503    -1.807 r  DCM_INST/inst/plle2_adv_inst/CLKOUT0
                         net (fo=1, routed)           0.546    -1.261    DCM_INST/inst/clk_out1_DCM_PLL
    BUFGCTRL_X0Y0        BUFG (Prop_bufg_I_O)         0.026    -1.235 r  DCM_INST/inst/clkout1_buf/O
                         net (fo=99, routed)          0.621    -0.614    TMDS_inst/encode_green/pixel_clk_IBUF_BUFG
    SLICE_X147Y148       FDSE                                         r  TMDS_inst/encode_green/q_reg[3]/C
  -------------------------------------------------------------------    -------------------
    SLICE_X147Y148       FDSE (Prop_fdse_C_Q)         0.141    -0.473 r  TMDS_inst/encode_green/q_reg[3]/Q
                         net (fo=1, routed)           0.637     0.164    TMDS_inst/encode_green_n_6
    SLICE_X144Y146       FDRE                                         r  TMDS_inst/TmdsGreen_reg[3]/D
  -------------------------------------------------------------------    -------------------

                         (clock clk_out2_DCM_PLL rise edge)
                                                      0.000     0.000 r  
    R4                                                0.000     0.000 r  clk (IN)
                         net (fo=0)                   0.000     0.000    DCM_INST/inst/clk_in1
    R4                   IBUF (Prop_ibuf_I_O)         0.444     0.444 r  DCM_INST/inst/clkin1_ibufg/O
                         net (fo=1, routed)           0.481     0.925    DCM_INST/inst/clk_in1_DCM_PLL
    PLLE2_ADV_X1Y2       PLLE2_ADV (Prop_plle2_adv_CLKIN1_CLKOUT1)
                                                     -2.828    -1.904 r  DCM_INST/inst/plle2_adv_inst/CLKOUT1
                         net (fo=1, routed)           0.595    -1.309    TMDS_inst/tmds_clk
    BUFGCTRL_X0Y1        BUFG (Prop_bufg_I_O)         0.029    -1.280 r  TMDS_inst/tmds_clk_IBUF_BUFG_inst/O
                         net (fo=38, routed)          0.892    -0.388    TMDS_inst/tmds_clk_IBUF_BUFG
    SLICE_X144Y146       FDRE                                         r  TMDS_inst/TmdsGreen_reg[3]/C
                         clock pessimism              0.097    -0.291    
                         clock uncertainty            0.215    -0.077    
    SLICE_X144Y146       FDRE (Hold_fdre_C_D)         0.052    -0.025    TMDS_inst/TmdsGreen_reg[3]
  -------------------------------------------------------------------
                         required time                          0.025    
                         arrival time                           0.164    
  -------------------------------------------------------------------
                         slack                                  0.189    





--------------------------------------------------------------------------------------
Path Group:  (none)
From Clock:  clk_out1_DCM_PLL
  To Clock:  

Max Delay             2 Endpoints
Min Delay             2 Endpoints
--------------------------------------------------------------------------------------


Max Delay Paths
--------------------------------------------------------------------------------------
Slack:                    inf
  Source:                 DCM_INST/inst/plle2_adv_inst/CLKOUT0
                            (clock source 'clk_out1_DCM_PLL'  {rise@0.000ns fall@20.000ns period=40.000ns})
  Destination:            TMDSn_clk
                            (output port)
  Path Group:             (none)
  Path Type:              Max at Fast Process Corner
  Data Path Delay:        2.914ns  (logic 1.002ns (34.375%)  route 1.912ns (65.625%))
  Logic Levels:           2  (BUFG=1 OBUFDS=1)
  Clock Uncertainty:      0.190ns  ((TSJ^2 + DJ^2)^1/2) / 2 + PE
    Total System Jitter     (TSJ):    0.050ns
    Discrete Jitter          (DJ):    0.175ns
    Phase Error              (PE):    0.099ns

    Location             Delay type                Incr(ns)  Path(ns)    Netlist Resource(s)
  -------------------------------------------------------------------    -------------------
                         (clock clk_out1_DCM_PLL fall edge)
                                                     20.000    20.000 f  
    R4                                                0.000    20.000 f  clk (IN)
                         net (fo=0)                   0.000    20.000    DCM_INST/inst/clk_in1
    R4                   IBUF (Prop_ibuf_I_O)         0.444    20.444 f  DCM_INST/inst/clkin1_ibufg/O
                         net (fo=1, routed)           0.481    20.925    DCM_INST/inst/clk_in1_DCM_PLL
  -------------------------------------------------------------------    -------------------
    PLLE2_ADV_X1Y2       PLLE2_ADV (Prop_plle2_adv_CLKIN1_CLKOUT0)
                                                     -2.828    18.096 f  DCM_INST/inst/plle2_adv_inst/CLKOUT0
                         net (fo=1, routed)           0.595    18.691    DCM_INST/inst/clk_out1_DCM_PLL
    BUFGCTRL_X0Y0        BUFG (Prop_bufg_I_O)         0.029    18.720 f  DCM_INST/inst/clkout1_buf/O
                         net (fo=99, routed)          1.317    20.037    pixel_clk
    T1                   OBUFDS (Prop_obufds_I_OB)    0.973    21.010 r  OBUFDS_clk/OB
                         net (fo=0)                   0.000    21.010    TMDSn_clk
    U1                                                                r  TMDSn_clk (OUT)
  -------------------------------------------------------------------    -------------------

Slack:                    inf
  Source:                 DCM_INST/inst/plle2_adv_inst/CLKOUT0
                            (clock source 'clk_out1_DCM_PLL'  {rise@0.000ns fall@20.000ns period=40.000ns})
  Destination:            TMDSp_clk
                            (output port)
  Path Group:             (none)
  Path Type:              Max at Fast Process Corner
  Data Path Delay:        2.913ns  (logic 1.001ns (34.353%)  route 1.912ns (65.647%))
  Logic Levels:           2  (BUFG=1 OBUFDS=1)
  Clock Uncertainty:      0.190ns  ((TSJ^2 + DJ^2)^1/2) / 2 + PE
    Total System Jitter     (TSJ):    0.050ns
    Discrete Jitter          (DJ):    0.175ns
    Phase Error              (PE):    0.099ns

    Location             Delay type                Incr(ns)  Path(ns)    Netlist Resource(s)
  -------------------------------------------------------------------    -------------------
                         (clock clk_out1_DCM_PLL fall edge)
                                                     20.000    20.000 f  
    R4                                                0.000    20.000 f  clk (IN)
                         net (fo=0)                   0.000    20.000    DCM_INST/inst/clk_in1
    R4                   IBUF (Prop_ibuf_I_O)         0.444    20.444 f  DCM_INST/inst/clkin1_ibufg/O
                         net (fo=1, routed)           0.481    20.925    DCM_INST/inst/clk_in1_DCM_PLL
  -------------------------------------------------------------------    -------------------
    PLLE2_ADV_X1Y2       PLLE2_ADV (Prop_plle2_adv_CLKIN1_CLKOUT0)
                                                     -2.828    18.096 f  DCM_INST/inst/plle2_adv_inst/CLKOUT0
                         net (fo=1, routed)           0.595    18.691    DCM_INST/inst/clk_out1_DCM_PLL
    BUFGCTRL_X0Y0        BUFG (Prop_bufg_I_O)         0.029    18.720 f  DCM_INST/inst/clkout1_buf/O
                         net (fo=99, routed)          1.317    20.037    pixel_clk
    T1                   OBUFDS (Prop_obufds_I_O)     0.972    21.009 f  OBUFDS_clk/O
                         net (fo=0)                   0.000    21.009    TMDSp_clk
    T1                                                                f  TMDSp_clk (OUT)
  -------------------------------------------------------------------    -------------------





Min Delay Paths
--------------------------------------------------------------------------------------
Slack:                    inf
  Source:                 DCM_INST/inst/plle2_adv_inst/CLKOUT0
                            (clock source 'clk_out1_DCM_PLL'  {rise@0.000ns fall@20.000ns period=40.000ns})
  Destination:            TMDSp_clk
                            (output port)
  Path Group:             (none)
  Path Type:              Min at Fast Process Corner
  Data Path Delay:        2.210ns  (logic 0.860ns (38.910%)  route 1.350ns (61.090%))
  Logic Levels:           2  (BUFG=1 OBUFDS=1)
  Clock Uncertainty:      0.190ns  ((TSJ^2 + DJ^2)^1/2) / 2 + PE
    Total System Jitter     (TSJ):    0.050ns
    Discrete Jitter          (DJ):    0.175ns
    Phase Error              (PE):    0.099ns

    Location             Delay type                Incr(ns)  Path(ns)    Netlist Resource(s)
  -------------------------------------------------------------------    -------------------
                         (clock clk_out1_DCM_PLL rise edge)
                                                      0.000     0.000 r  
    R4                                                0.000     0.000 r  clk (IN)
                         net (fo=0)                   0.000     0.000    DCM_INST/inst/clk_in1
    R4                   IBUF (Prop_ibuf_I_O)         0.256     0.256 r  DCM_INST/inst/clkin1_ibufg/O
                         net (fo=1, routed)           0.440     0.696    DCM_INST/inst/clk_in1_DCM_PLL
  -------------------------------------------------------------------    -------------------
    PLLE2_ADV_X1Y2       PLLE2_ADV (Prop_plle2_adv_CLKIN1_CLKOUT0)
                                                     -2.503    -1.807 r  DCM_INST/inst/plle2_adv_inst/CLKOUT0
                         net (fo=1, routed)           0.546    -1.261    DCM_INST/inst/clk_out1_DCM_PLL
    BUFGCTRL_X0Y0        BUFG (Prop_bufg_I_O)         0.026    -1.235 r  DCM_INST/inst/clkout1_buf/O
                         net (fo=99, routed)          0.804    -0.430    pixel_clk
    T1                   OBUFDS (Prop_obufds_I_O)     0.834     0.404 r  OBUFDS_clk/O
                         net (fo=0)                   0.000     0.404    TMDSp_clk
    T1                                                                r  TMDSp_clk (OUT)
  -------------------------------------------------------------------    -------------------

Slack:                    inf
  Source:                 DCM_INST/inst/plle2_adv_inst/CLKOUT0
                            (clock source 'clk_out1_DCM_PLL'  {rise@0.000ns fall@20.000ns period=40.000ns})
  Destination:            TMDSn_clk
                            (output port)
  Path Group:             (none)
  Path Type:              Min at Fast Process Corner
  Data Path Delay:        2.211ns  (logic 0.861ns (38.938%)  route 1.350ns (61.062%))
  Logic Levels:           2  (BUFG=1 OBUFDS=1)
  Clock Uncertainty:      0.190ns  ((TSJ^2 + DJ^2)^1/2) / 2 + PE
    Total System Jitter     (TSJ):    0.050ns
    Discrete Jitter          (DJ):    0.175ns
    Phase Error              (PE):    0.099ns

    Location             Delay type                Incr(ns)  Path(ns)    Netlist Resource(s)
  -------------------------------------------------------------------    -------------------
                         (clock clk_out1_DCM_PLL rise edge)
                                                      0.000     0.000 r  
    R4                                                0.000     0.000 r  clk (IN)
                         net (fo=0)                   0.000     0.000    DCM_INST/inst/clk_in1
    R4                   IBUF (Prop_ibuf_I_O)         0.256     0.256 r  DCM_INST/inst/clkin1_ibufg/O
                         net (fo=1, routed)           0.440     0.696    DCM_INST/inst/clk_in1_DCM_PLL
  -------------------------------------------------------------------    -------------------
    PLLE2_ADV_X1Y2       PLLE2_ADV (Prop_plle2_adv_CLKIN1_CLKOUT0)
                                                     -2.503    -1.807 r  DCM_INST/inst/plle2_adv_inst/CLKOUT0
                         net (fo=1, routed)           0.546    -1.261    DCM_INST/inst/clk_out1_DCM_PLL
    BUFGCTRL_X0Y0        BUFG (Prop_bufg_I_O)         0.026    -1.235 r  DCM_INST/inst/clkout1_buf/O
                         net (fo=99, routed)          0.804    -0.430    pixel_clk
    T1                   OBUFDS (Prop_obufds_I_OB)    0.835     0.405 r  OBUFDS_clk/OB
                         net (fo=0)                   0.000     0.405    TMDSn_clk
    U1                                                                r  TMDSn_clk (OUT)
  -------------------------------------------------------------------    -------------------





--------------------------------------------------------------------------------------
Path Group:  (none)
From Clock:  clk_out2_DCM_PLL
  To Clock:  

Max Delay             6 Endpoints
Min Delay             6 Endpoints
--------------------------------------------------------------------------------------


Max Delay Paths
--------------------------------------------------------------------------------------
Slack:                    inf
  Source:                 TMDS_inst/TMDSch2_reg/C
                            (rising edge-triggered cell FDRE clocked by clk_out2_DCM_PLL  {rise@0.000ns fall@2.000ns period=4.000ns})
  Destination:            TMDSn[2]
                            (output port)
  Path Group:             (none)
  Path Type:              Max at Slow Process Corner
  Data Path Delay:        5.177ns  (logic 2.434ns (47.019%)  route 2.743ns (52.981%))
  Logic Levels:           1  (OBUFDS=1)
  Clock Uncertainty:      0.159ns  ((TSJ^2 + DJ^2)^1/2) / 2 + PE
    Total System Jitter     (TSJ):    0.050ns
    Discrete Jitter          (DJ):    0.110ns
    Phase Error              (PE):    0.099ns

    Location             Delay type                Incr(ns)  Path(ns)    Netlist Resource(s)
  -------------------------------------------------------------------    -------------------
                         (clock clk_out2_DCM_PLL rise edge)
                                                      0.000     0.000 r  
    R4                                                0.000     0.000 r  clk (IN)
                         net (fo=0)                   0.000     0.000    DCM_INST/inst/clk_in1
    R4                   IBUF (Prop_ibuf_I_O)         1.488     1.488 r  DCM_INST/inst/clkin1_ibufg/O
                         net (fo=1, routed)           1.253     2.741    DCM_INST/inst/clk_in1_DCM_PLL
    PLLE2_ADV_X1Y2       PLLE2_ADV (Prop_plle2_adv_CLKIN1_CLKOUT1)
                                                     -8.953    -6.212 r  DCM_INST/inst/plle2_adv_inst/CLKOUT1
                         net (fo=1, routed)           1.802    -4.409    TMDS_inst/tmds_clk
    BUFGCTRL_X0Y1        BUFG (Prop_bufg_I_O)         0.096    -4.313 r  TMDS_inst/tmds_clk_IBUF_BUFG_inst/O
                         net (fo=38, routed)          1.755    -2.558    TMDS_inst/tmds_clk_IBUF_BUFG
    SLICE_X142Y147       FDRE                                         r  TMDS_inst/TMDSch2_reg/C
  -------------------------------------------------------------------    -------------------
    SLICE_X142Y147       FDRE (Prop_fdre_C_Q)         0.518    -2.040 r  TMDS_inst/TMDSch2_reg/Q
                         net (fo=1, routed)           2.743     0.703    TMDSch2
    AB3                  OBUFDS (Prop_obufds_I_OB)    1.916     2.619 r  OBUFDS_red/OB
                         net (fo=0)                   0.000     2.619    TMDSn[2]
    AB2                                                               r  TMDSn[2] (OUT)
  -------------------------------------------------------------------    -------------------

Slack:                    inf
  Source:                 TMDS_inst/TMDSch2_reg/C
                            (rising edge-triggered cell FDRE clocked by clk_out2_DCM_PLL  {rise@0.000ns fall@2.000ns period=4.000ns})
  Destination:            TMDSp[2]
                            (output port)
  Path Group:             (none)
  Path Type:              Max at Slow Process Corner
  Data Path Delay:        5.176ns  (logic 2.433ns (47.009%)  route 2.743ns (52.991%))
  Logic Levels:           1  (OBUFDS=1)
  Clock Uncertainty:      0.159ns  ((TSJ^2 + DJ^2)^1/2) / 2 + PE
    Total System Jitter     (TSJ):    0.050ns
    Discrete Jitter          (DJ):    0.110ns
    Phase Error              (PE):    0.099ns

    Location             Delay type                Incr(ns)  Path(ns)    Netlist Resource(s)
  -------------------------------------------------------------------    -------------------
                         (clock clk_out2_DCM_PLL rise edge)
                                                      0.000     0.000 r  
    R4                                                0.000     0.000 r  clk (IN)
                         net (fo=0)                   0.000     0.000    DCM_INST/inst/clk_in1
    R4                   IBUF (Prop_ibuf_I_O)         1.488     1.488 r  DCM_INST/inst/clkin1_ibufg/O
                         net (fo=1, routed)           1.253     2.741    DCM_INST/inst/clk_in1_DCM_PLL
    PLLE2_ADV_X1Y2       PLLE2_ADV (Prop_plle2_adv_CLKIN1_CLKOUT1)
                                                     -8.953    -6.212 r  DCM_INST/inst/plle2_adv_inst/CLKOUT1
                         net (fo=1, routed)           1.802    -4.409    TMDS_inst/tmds_clk
    BUFGCTRL_X0Y1        BUFG (Prop_bufg_I_O)         0.096    -4.313 r  TMDS_inst/tmds_clk_IBUF_BUFG_inst/O
                         net (fo=38, routed)          1.755    -2.558    TMDS_inst/tmds_clk_IBUF_BUFG
    SLICE_X142Y147       FDRE                                         r  TMDS_inst/TMDSch2_reg/C
  -------------------------------------------------------------------    -------------------
    SLICE_X142Y147       FDRE (Prop_fdre_C_Q)         0.518    -2.040 r  TMDS_inst/TMDSch2_reg/Q
                         net (fo=1, routed)           2.743     0.703    TMDSch2
    AB3                  OBUFDS (Prop_obufds_I_O)     1.915     2.618 r  OBUFDS_red/O
                         net (fo=0)                   0.000     2.618    TMDSp[2]
    AB3                                                               r  TMDSp[2] (OUT)
  -------------------------------------------------------------------    -------------------

Slack:                    inf
  Source:                 TMDS_inst/TMDSch1_reg/C
                            (rising edge-triggered cell FDRE clocked by clk_out2_DCM_PLL  {rise@0.000ns fall@2.000ns period=4.000ns})
  Destination:            TMDSn[1]
                            (output port)
  Path Group:             (none)
  Path Type:              Max at Slow Process Corner
  Data Path Delay:        4.884ns  (logic 2.371ns (48.551%)  route 2.513ns (51.449%))
  Logic Levels:           1  (OBUFDS=1)
  Clock Uncertainty:      0.159ns  ((TSJ^2 + DJ^2)^1/2) / 2 + PE
    Total System Jitter     (TSJ):    0.050ns
    Discrete Jitter          (DJ):    0.110ns
    Phase Error              (PE):    0.099ns

    Location             Delay type                Incr(ns)  Path(ns)    Netlist Resource(s)
  -------------------------------------------------------------------    -------------------
                         (clock clk_out2_DCM_PLL rise edge)
                                                      0.000     0.000 r  
    R4                                                0.000     0.000 r  clk (IN)
                         net (fo=0)                   0.000     0.000    DCM_INST/inst/clk_in1
    R4                   IBUF (Prop_ibuf_I_O)         1.488     1.488 r  DCM_INST/inst/clkin1_ibufg/O
                         net (fo=1, routed)           1.253     2.741    DCM_INST/inst/clk_in1_DCM_PLL
    PLLE2_ADV_X1Y2       PLLE2_ADV (Prop_plle2_adv_CLKIN1_CLKOUT1)
                                                     -8.953    -6.212 r  DCM_INST/inst/plle2_adv_inst/CLKOUT1
                         net (fo=1, routed)           1.802    -4.409    TMDS_inst/tmds_clk
    BUFGCTRL_X0Y1        BUFG (Prop_bufg_I_O)         0.096    -4.313 r  TMDS_inst/tmds_clk_IBUF_BUFG_inst/O
                         net (fo=38, routed)          1.755    -2.558    TMDS_inst/tmds_clk_IBUF_BUFG
    SLICE_X147Y146       FDRE                                         r  TMDS_inst/TMDSch1_reg/C
  -------------------------------------------------------------------    -------------------
    SLICE_X147Y146       FDRE (Prop_fdre_C_Q)         0.456    -2.102 r  TMDS_inst/TMDSch1_reg/Q
                         net (fo=1, routed)           2.513     0.411    TMDSch1
    AA1                  OBUFDS (Prop_obufds_I_OB)    1.915     2.326 r  OBUFDS_green/OB
                         net (fo=0)                   0.000     2.326    TMDSn[1]
    AB1                                                               r  TMDSn[1] (OUT)
  -------------------------------------------------------------------    -------------------

Slack:                    inf
  Source:                 TMDS_inst/TMDSch1_reg/C
                            (rising edge-triggered cell FDRE clocked by clk_out2_DCM_PLL  {rise@0.000ns fall@2.000ns period=4.000ns})
  Destination:            TMDSp[1]
                            (output port)
  Path Group:             (none)
  Path Type:              Max at Slow Process Corner
  Data Path Delay:        4.883ns  (logic 2.370ns (48.541%)  route 2.513ns (51.459%))
  Logic Levels:           1  (OBUFDS=1)
  Clock Uncertainty:      0.159ns  ((TSJ^2 + DJ^2)^1/2) / 2 + PE
    Total System Jitter     (TSJ):    0.050ns
    Discrete Jitter          (DJ):    0.110ns
    Phase Error              (PE):    0.099ns

    Location             Delay type                Incr(ns)  Path(ns)    Netlist Resource(s)
  -------------------------------------------------------------------    -------------------
                         (clock clk_out2_DCM_PLL rise edge)
                                                      0.000     0.000 r  
    R4                                                0.000     0.000 r  clk (IN)
                         net (fo=0)                   0.000     0.000    DCM_INST/inst/clk_in1
    R4                   IBUF (Prop_ibuf_I_O)         1.488     1.488 r  DCM_INST/inst/clkin1_ibufg/O
                         net (fo=1, routed)           1.253     2.741    DCM_INST/inst/clk_in1_DCM_PLL
    PLLE2_ADV_X1Y2       PLLE2_ADV (Prop_plle2_adv_CLKIN1_CLKOUT1)
                                                     -8.953    -6.212 r  DCM_INST/inst/plle2_adv_inst/CLKOUT1
                         net (fo=1, routed)           1.802    -4.409    TMDS_inst/tmds_clk
    BUFGCTRL_X0Y1        BUFG (Prop_bufg_I_O)         0.096    -4.313 r  TMDS_inst/tmds_clk_IBUF_BUFG_inst/O
                         net (fo=38, routed)          1.755    -2.558    TMDS_inst/tmds_clk_IBUF_BUFG
    SLICE_X147Y146       FDRE                                         r  TMDS_inst/TMDSch1_reg/C
  -------------------------------------------------------------------    -------------------
    SLICE_X147Y146       FDRE (Prop_fdre_C_Q)         0.456    -2.102 r  TMDS_inst/TMDSch1_reg/Q
                         net (fo=1, routed)           2.513     0.411    TMDSch1
    AA1                  OBUFDS (Prop_obufds_I_O)     1.914     2.325 r  OBUFDS_green/O
                         net (fo=0)                   0.000     2.325    TMDSp[1]
    AA1                                                               r  TMDSp[1] (OUT)
  -------------------------------------------------------------------    -------------------

Slack:                    inf
  Source:                 TMDS_inst/TMDSch0_reg/C
                            (rising edge-triggered cell FDRE clocked by clk_out2_DCM_PLL  {rise@0.000ns fall@2.000ns period=4.000ns})
  Destination:            TMDSn[0]
                            (output port)
  Path Group:             (none)
  Path Type:              Max at Slow Process Corner
  Data Path Delay:        4.855ns  (logic 2.358ns (48.565%)  route 2.497ns (51.435%))
  Logic Levels:           1  (OBUFDS=1)
  Clock Uncertainty:      0.159ns  ((TSJ^2 + DJ^2)^1/2) / 2 + PE
    Total System Jitter     (TSJ):    0.050ns
    Discrete Jitter          (DJ):    0.110ns
    Phase Error              (PE):    0.099ns

    Location             Delay type                Incr(ns)  Path(ns)    Netlist Resource(s)
  -------------------------------------------------------------------    -------------------
                         (clock clk_out2_DCM_PLL rise edge)
                                                      0.000     0.000 r  
    R4                                                0.000     0.000 r  clk (IN)
                         net (fo=0)                   0.000     0.000    DCM_INST/inst/clk_in1
    R4                   IBUF (Prop_ibuf_I_O)         1.488     1.488 r  DCM_INST/inst/clkin1_ibufg/O
                         net (fo=1, routed)           1.253     2.741    DCM_INST/inst/clk_in1_DCM_PLL
    PLLE2_ADV_X1Y2       PLLE2_ADV (Prop_plle2_adv_CLKIN1_CLKOUT1)
                                                     -8.953    -6.212 r  DCM_INST/inst/plle2_adv_inst/CLKOUT1
                         net (fo=1, routed)           1.802    -4.409    TMDS_inst/tmds_clk
    BUFGCTRL_X0Y1        BUFG (Prop_bufg_I_O)         0.096    -4.313 r  TMDS_inst/tmds_clk_IBUF_BUFG_inst/O
                         net (fo=38, routed)          1.754    -2.559    TMDS_inst/tmds_clk_IBUF_BUFG
    SLICE_X143Y146       FDRE                                         r  TMDS_inst/TMDSch0_reg/C
  -------------------------------------------------------------------    -------------------
    SLICE_X143Y146       FDRE (Prop_fdre_C_Q)         0.456    -2.103 r  TMDS_inst/TMDSch0_reg/Q
                         net (fo=1, routed)           2.497     0.394    TMDSch0
    W1                   OBUFDS (Prop_obufds_I_OB)    1.902     2.296 r  OBUFDS_blue/OB
                         net (fo=0)                   0.000     2.296    TMDSn[0]
    Y1                                                                r  TMDSn[0] (OUT)
  -------------------------------------------------------------------    -------------------

Slack:                    inf
  Source:                 TMDS_inst/TMDSch0_reg/C
                            (rising edge-triggered cell FDRE clocked by clk_out2_DCM_PLL  {rise@0.000ns fall@2.000ns period=4.000ns})
  Destination:            TMDSp[0]
                            (output port)
  Path Group:             (none)
  Path Type:              Max at Slow Process Corner
  Data Path Delay:        4.854ns  (logic 2.357ns (48.554%)  route 2.497ns (51.446%))
  Logic Levels:           1  (OBUFDS=1)
  Clock Uncertainty:      0.159ns  ((TSJ^2 + DJ^2)^1/2) / 2 + PE
    Total System Jitter     (TSJ):    0.050ns
    Discrete Jitter          (DJ):    0.110ns
    Phase Error              (PE):    0.099ns

    Location             Delay type                Incr(ns)  Path(ns)    Netlist Resource(s)
  -------------------------------------------------------------------    -------------------
                         (clock clk_out2_DCM_PLL rise edge)
                                                      0.000     0.000 r  
    R4                                                0.000     0.000 r  clk (IN)
                         net (fo=0)                   0.000     0.000    DCM_INST/inst/clk_in1
    R4                   IBUF (Prop_ibuf_I_O)         1.488     1.488 r  DCM_INST/inst/clkin1_ibufg/O
                         net (fo=1, routed)           1.253     2.741    DCM_INST/inst/clk_in1_DCM_PLL
    PLLE2_ADV_X1Y2       PLLE2_ADV (Prop_plle2_adv_CLKIN1_CLKOUT1)
                                                     -8.953    -6.212 r  DCM_INST/inst/plle2_adv_inst/CLKOUT1
                         net (fo=1, routed)           1.802    -4.409    TMDS_inst/tmds_clk
    BUFGCTRL_X0Y1        BUFG (Prop_bufg_I_O)         0.096    -4.313 r  TMDS_inst/tmds_clk_IBUF_BUFG_inst/O
                         net (fo=38, routed)          1.754    -2.559    TMDS_inst/tmds_clk_IBUF_BUFG
    SLICE_X143Y146       FDRE                                         r  TMDS_inst/TMDSch0_reg/C
  -------------------------------------------------------------------    -------------------
    SLICE_X143Y146       FDRE (Prop_fdre_C_Q)         0.456    -2.103 r  TMDS_inst/TMDSch0_reg/Q
                         net (fo=1, routed)           2.497     0.394    TMDSch0
    W1                   OBUFDS (Prop_obufds_I_O)     1.901     2.295 r  OBUFDS_blue/O
                         net (fo=0)                   0.000     2.295    TMDSp[0]
    W1                                                                r  TMDSp[0] (OUT)
  -------------------------------------------------------------------    -------------------





Min Delay Paths
--------------------------------------------------------------------------------------
Slack:                    inf
  Source:                 TMDS_inst/TMDSch0_reg/C
                            (rising edge-triggered cell FDRE clocked by clk_out2_DCM_PLL  {rise@0.000ns fall@2.000ns period=4.000ns})
  Destination:            TMDSp[0]
                            (output port)
  Path Group:             (none)
  Path Type:              Min at Fast Process Corner
  Data Path Delay:        1.712ns  (logic 0.991ns (57.860%)  route 0.721ns (42.140%))
  Logic Levels:           1  (OBUFDS=1)
  Clock Uncertainty:      0.159ns  ((TSJ^2 + DJ^2)^1/2) / 2 + PE
    Total System Jitter     (TSJ):    0.050ns
    Discrete Jitter          (DJ):    0.110ns
    Phase Error              (PE):    0.099ns

    Location             Delay type                Incr(ns)  Path(ns)    Netlist Resource(s)
  -------------------------------------------------------------------    -------------------
                         (clock clk_out2_DCM_PLL rise edge)
                                                      0.000     0.000 r  
    R4                                                0.000     0.000 r  clk (IN)
                         net (fo=0)                   0.000     0.000    DCM_INST/inst/clk_in1
    R4                   IBUF (Prop_ibuf_I_O)         0.256     0.256 r  DCM_INST/inst/clkin1_ibufg/O
                         net (fo=1, routed)           0.440     0.696    DCM_INST/inst/clk_in1_DCM_PLL
    PLLE2_ADV_X1Y2       PLLE2_ADV (Prop_plle2_adv_CLKIN1_CLKOUT1)
                                                     -2.503    -1.807 r  DCM_INST/inst/plle2_adv_inst/CLKOUT1
                         net (fo=1, routed)           0.546    -1.261    TMDS_inst/tmds_clk
    BUFGCTRL_X0Y1        BUFG (Prop_bufg_I_O)         0.026    -1.235 r  TMDS_inst/tmds_clk_IBUF_BUFG_inst/O
                         net (fo=38, routed)          0.619    -0.616    TMDS_inst/tmds_clk_IBUF_BUFG
    SLICE_X143Y146       FDRE                                         r  TMDS_inst/TMDSch0_reg/C
  -------------------------------------------------------------------    -------------------
    SLICE_X143Y146       FDRE (Prop_fdre_C_Q)         0.141    -0.475 r  TMDS_inst/TMDSch0_reg/Q
                         net (fo=1, routed)           0.721     0.246    TMDSch0
    W1                   OBUFDS (Prop_obufds_I_O)     0.850     1.096 r  OBUFDS_blue/O
                         net (fo=0)                   0.000     1.096    TMDSp[0]
    W1                                                                r  TMDSp[0] (OUT)
  -------------------------------------------------------------------    -------------------

Slack:                    inf
  Source:                 TMDS_inst/TMDSch0_reg/C
                            (rising edge-triggered cell FDRE clocked by clk_out2_DCM_PLL  {rise@0.000ns fall@2.000ns period=4.000ns})
  Destination:            TMDSn[0]
                            (output port)
  Path Group:             (none)
  Path Type:              Min at Fast Process Corner
  Data Path Delay:        1.713ns  (logic 0.992ns (57.884%)  route 0.721ns (42.116%))
  Logic Levels:           1  (OBUFDS=1)
  Clock Uncertainty:      0.159ns  ((TSJ^2 + DJ^2)^1/2) / 2 + PE
    Total System Jitter     (TSJ):    0.050ns
    Discrete Jitter          (DJ):    0.110ns
    Phase Error              (PE):    0.099ns

    Location             Delay type                Incr(ns)  Path(ns)    Netlist Resource(s)
  -------------------------------------------------------------------    -------------------
                         (clock clk_out2_DCM_PLL rise edge)
                                                      0.000     0.000 r  
    R4                                                0.000     0.000 r  clk (IN)
                         net (fo=0)                   0.000     0.000    DCM_INST/inst/clk_in1
    R4                   IBUF (Prop_ibuf_I_O)         0.256     0.256 r  DCM_INST/inst/clkin1_ibufg/O
                         net (fo=1, routed)           0.440     0.696    DCM_INST/inst/clk_in1_DCM_PLL
    PLLE2_ADV_X1Y2       PLLE2_ADV (Prop_plle2_adv_CLKIN1_CLKOUT1)
                                                     -2.503    -1.807 r  DCM_INST/inst/plle2_adv_inst/CLKOUT1
                         net (fo=1, routed)           0.546    -1.261    TMDS_inst/tmds_clk
    BUFGCTRL_X0Y1        BUFG (Prop_bufg_I_O)         0.026    -1.235 r  TMDS_inst/tmds_clk_IBUF_BUFG_inst/O
                         net (fo=38, routed)          0.619    -0.616    TMDS_inst/tmds_clk_IBUF_BUFG
    SLICE_X143Y146       FDRE                                         r  TMDS_inst/TMDSch0_reg/C
  -------------------------------------------------------------------    -------------------
    SLICE_X143Y146       FDRE (Prop_fdre_C_Q)         0.141    -0.475 r  TMDS_inst/TMDSch0_reg/Q
                         net (fo=1, routed)           0.721     0.246    TMDSch0
    W1                   OBUFDS (Prop_obufds_I_OB)    0.851     1.097 r  OBUFDS_blue/OB
                         net (fo=0)                   0.000     1.097    TMDSn[0]
    Y1                                                                r  TMDSn[0] (OUT)
  -------------------------------------------------------------------    -------------------

Slack:                    inf
  Source:                 TMDS_inst/TMDSch1_reg/C
                            (rising edge-triggered cell FDRE clocked by clk_out2_DCM_PLL  {rise@0.000ns fall@2.000ns period=4.000ns})
  Destination:            TMDSp[1]
                            (output port)
  Path Group:             (none)
  Path Type:              Min at Fast Process Corner
  Data Path Delay:        1.734ns  (logic 1.004ns (57.864%)  route 0.731ns (42.136%))
  Logic Levels:           1  (OBUFDS=1)
  Clock Uncertainty:      0.159ns  ((TSJ^2 + DJ^2)^1/2) / 2 + PE
    Total System Jitter     (TSJ):    0.050ns
    Discrete Jitter          (DJ):    0.110ns
    Phase Error              (PE):    0.099ns

    Location             Delay type                Incr(ns)  Path(ns)    Netlist Resource(s)
  -------------------------------------------------------------------    -------------------
                         (clock clk_out2_DCM_PLL rise edge)
                                                      0.000     0.000 r  
    R4                                                0.000     0.000 r  clk (IN)
                         net (fo=0)                   0.000     0.000    DCM_INST/inst/clk_in1
    R4                   IBUF (Prop_ibuf_I_O)         0.256     0.256 r  DCM_INST/inst/clkin1_ibufg/O
                         net (fo=1, routed)           0.440     0.696    DCM_INST/inst/clk_in1_DCM_PLL
    PLLE2_ADV_X1Y2       PLLE2_ADV (Prop_plle2_adv_CLKIN1_CLKOUT1)
                                                     -2.503    -1.807 r  DCM_INST/inst/plle2_adv_inst/CLKOUT1
                         net (fo=1, routed)           0.546    -1.261    TMDS_inst/tmds_clk
    BUFGCTRL_X0Y1        BUFG (Prop_bufg_I_O)         0.026    -1.235 r  TMDS_inst/tmds_clk_IBUF_BUFG_inst/O
                         net (fo=38, routed)          0.620    -0.615    TMDS_inst/tmds_clk_IBUF_BUFG
    SLICE_X147Y146       FDRE                                         r  TMDS_inst/TMDSch1_reg/C
  -------------------------------------------------------------------    -------------------
    SLICE_X147Y146       FDRE (Prop_fdre_C_Q)         0.141    -0.474 r  TMDS_inst/TMDSch1_reg/Q
                         net (fo=1, routed)           0.731     0.257    TMDSch1
    AA1                  OBUFDS (Prop_obufds_I_O)     0.863     1.119 r  OBUFDS_green/O
                         net (fo=0)                   0.000     1.119    TMDSp[1]
    AA1                                                               r  TMDSp[1] (OUT)
  -------------------------------------------------------------------    -------------------

Slack:                    inf
  Source:                 TMDS_inst/TMDSch1_reg/C
                            (rising edge-triggered cell FDRE clocked by clk_out2_DCM_PLL  {rise@0.000ns fall@2.000ns period=4.000ns})
  Destination:            TMDSn[1]
                            (output port)
  Path Group:             (none)
  Path Type:              Min at Fast Process Corner
  Data Path Delay:        1.735ns  (logic 1.005ns (57.888%)  route 0.731ns (42.112%))
  Logic Levels:           1  (OBUFDS=1)
  Clock Uncertainty:      0.159ns  ((TSJ^2 + DJ^2)^1/2) / 2 + PE
    Total System Jitter     (TSJ):    0.050ns
    Discrete Jitter          (DJ):    0.110ns
    Phase Error              (PE):    0.099ns

    Location             Delay type                Incr(ns)  Path(ns)    Netlist Resource(s)
  -------------------------------------------------------------------    -------------------
                         (clock clk_out2_DCM_PLL rise edge)
                                                      0.000     0.000 r  
    R4                                                0.000     0.000 r  clk (IN)
                         net (fo=0)                   0.000     0.000    DCM_INST/inst/clk_in1
    R4                   IBUF (Prop_ibuf_I_O)         0.256     0.256 r  DCM_INST/inst/clkin1_ibufg/O
                         net (fo=1, routed)           0.440     0.696    DCM_INST/inst/clk_in1_DCM_PLL
    PLLE2_ADV_X1Y2       PLLE2_ADV (Prop_plle2_adv_CLKIN1_CLKOUT1)
                                                     -2.503    -1.807 r  DCM_INST/inst/plle2_adv_inst/CLKOUT1
                         net (fo=1, routed)           0.546    -1.261    TMDS_inst/tmds_clk
    BUFGCTRL_X0Y1        BUFG (Prop_bufg_I_O)         0.026    -1.235 r  TMDS_inst/tmds_clk_IBUF_BUFG_inst/O
                         net (fo=38, routed)          0.620    -0.615    TMDS_inst/tmds_clk_IBUF_BUFG
    SLICE_X147Y146       FDRE                                         r  TMDS_inst/TMDSch1_reg/C
  -------------------------------------------------------------------    -------------------
    SLICE_X147Y146       FDRE (Prop_fdre_C_Q)         0.141    -0.474 r  TMDS_inst/TMDSch1_reg/Q
                         net (fo=1, routed)           0.731     0.257    TMDSch1
    AA1                  OBUFDS (Prop_obufds_I_OB)    0.864     1.120 r  OBUFDS_green/OB
                         net (fo=0)                   0.000     1.120    TMDSn[1]
    AB1                                                               r  TMDSn[1] (OUT)
  -------------------------------------------------------------------    -------------------

Slack:                    inf
  Source:                 TMDS_inst/TMDSch2_reg/C
                            (rising edge-triggered cell FDRE clocked by clk_out2_DCM_PLL  {rise@0.000ns fall@2.000ns period=4.000ns})
  Destination:            TMDSp[2]
                            (output port)
  Path Group:             (none)
  Path Type:              Min at Fast Process Corner
  Data Path Delay:        1.860ns  (logic 1.027ns (55.235%)  route 0.833ns (44.765%))
  Logic Levels:           1  (OBUFDS=1)
  Clock Uncertainty:      0.159ns  ((TSJ^2 + DJ^2)^1/2) / 2 + PE
    Total System Jitter     (TSJ):    0.050ns
    Discrete Jitter          (DJ):    0.110ns
    Phase Error              (PE):    0.099ns

    Location             Delay type                Incr(ns)  Path(ns)    Netlist Resource(s)
  -------------------------------------------------------------------    -------------------
                         (clock clk_out2_DCM_PLL rise edge)
                                                      0.000     0.000 r  
    R4                                                0.000     0.000 r  clk (IN)
                         net (fo=0)                   0.000     0.000    DCM_INST/inst/clk_in1
    R4                   IBUF (Prop_ibuf_I_O)         0.256     0.256 r  DCM_INST/inst/clkin1_ibufg/O
                         net (fo=1, routed)           0.440     0.696    DCM_INST/inst/clk_in1_DCM_PLL
    PLLE2_ADV_X1Y2       PLLE2_ADV (Prop_plle2_adv_CLKIN1_CLKOUT1)
                                                     -2.503    -1.807 r  DCM_INST/inst/plle2_adv_inst/CLKOUT1
                         net (fo=1, routed)           0.546    -1.261    TMDS_inst/tmds_clk
    BUFGCTRL_X0Y1        BUFG (Prop_bufg_I_O)         0.026    -1.235 r  TMDS_inst/tmds_clk_IBUF_BUFG_inst/O
                         net (fo=38, routed)          0.620    -0.615    TMDS_inst/tmds_clk_IBUF_BUFG
    SLICE_X142Y147       FDRE                                         r  TMDS_inst/TMDSch2_reg/C
  -------------------------------------------------------------------    -------------------
    SLICE_X142Y147       FDRE (Prop_fdre_C_Q)         0.164    -0.451 r  TMDS_inst/TMDSch2_reg/Q
                         net (fo=1, routed)           0.833     0.381    TMDSch2
    AB3                  OBUFDS (Prop_obufds_I_O)     0.863     1.245 r  OBUFDS_red/O
                         net (fo=0)                   0.000     1.245    TMDSp[2]
    AB3                                                               r  TMDSp[2] (OUT)
  -------------------------------------------------------------------    -------------------

Slack:                    inf
  Source:                 TMDS_inst/TMDSch2_reg/C
                            (rising edge-triggered cell FDRE clocked by clk_out2_DCM_PLL  {rise@0.000ns fall@2.000ns period=4.000ns})
  Destination:            TMDSn[2]
                            (output port)
  Path Group:             (none)
  Path Type:              Min at Fast Process Corner
  Data Path Delay:        1.861ns  (logic 1.028ns (55.259%)  route 0.833ns (44.741%))
  Logic Levels:           1  (OBUFDS=1)
  Clock Uncertainty:      0.159ns  ((TSJ^2 + DJ^2)^1/2) / 2 + PE
    Total System Jitter     (TSJ):    0.050ns
    Discrete Jitter          (DJ):    0.110ns
    Phase Error              (PE):    0.099ns

    Location             Delay type                Incr(ns)  Path(ns)    Netlist Resource(s)
  -------------------------------------------------------------------    -------------------
                         (clock clk_out2_DCM_PLL rise edge)
                                                      0.000     0.000 r  
    R4                                                0.000     0.000 r  clk (IN)
                         net (fo=0)                   0.000     0.000    DCM_INST/inst/clk_in1
    R4                   IBUF (Prop_ibuf_I_O)         0.256     0.256 r  DCM_INST/inst/clkin1_ibufg/O
                         net (fo=1, routed)           0.440     0.696    DCM_INST/inst/clk_in1_DCM_PLL
    PLLE2_ADV_X1Y2       PLLE2_ADV (Prop_plle2_adv_CLKIN1_CLKOUT1)
                                                     -2.503    -1.807 r  DCM_INST/inst/plle2_adv_inst/CLKOUT1
                         net (fo=1, routed)           0.546    -1.261    TMDS_inst/tmds_clk
    BUFGCTRL_X0Y1        BUFG (Prop_bufg_I_O)         0.026    -1.235 r  TMDS_inst/tmds_clk_IBUF_BUFG_inst/O
                         net (fo=38, routed)          0.620    -0.615    TMDS_inst/tmds_clk_IBUF_BUFG
    SLICE_X142Y147       FDRE                                         r  TMDS_inst/TMDSch2_reg/C
  -------------------------------------------------------------------    -------------------
    SLICE_X142Y147       FDRE (Prop_fdre_C_Q)         0.164    -0.451 r  TMDS_inst/TMDSch2_reg/Q
                         net (fo=1, routed)           0.833     0.381    TMDSch2
    AB3                  OBUFDS (Prop_obufds_I_OB)    0.864     1.246 r  OBUFDS_red/OB
                         net (fo=0)                   0.000     1.246    TMDSn[2]
    AB2                                                               r  TMDSn[2] (OUT)
  -------------------------------------------------------------------    -------------------





--------------------------------------------------------------------------------------
Path Group:  (none)
From Clock:  clkfbout_DCM_PLL
  To Clock:  

Max Delay             1 Endpoint
Min Delay             1 Endpoint
--------------------------------------------------------------------------------------


Max Delay Paths
--------------------------------------------------------------------------------------
Slack:                    inf
  Source:                 DCM_INST/inst/plle2_adv_inst/CLKFBOUT
                            (clock source 'clkfbout_DCM_PLL'  {rise@0.000ns fall@5.000ns period=10.000ns})
  Destination:            DCM_INST/inst/plle2_adv_inst/CLKFBIN
  Path Group:             (none)
  Path Type:              Max at Fast Process Corner
  Data Path Delay:        1.500ns  (logic 0.029ns (1.933%)  route 1.471ns (98.067%))
  Logic Levels:           1  (BUFG=1)
  Clock Uncertainty:      0.148ns  ((TSJ^2 + DJ^2)^1/2) / 2 + PE
    Total System Jitter     (TSJ):    0.050ns
    Discrete Jitter          (DJ):    0.086ns
    Phase Error              (PE):    0.099ns

    Location             Delay type                Incr(ns)  Path(ns)    Netlist Resource(s)
  -------------------------------------------------------------------    -------------------
                         (clock clkfbout_DCM_PLL fall edge)
                                                      5.000     5.000 f  
    R4                                                0.000     5.000 f  clk (IN)
                         net (fo=0)                   0.000     5.000    DCM_INST/inst/clk_in1
    R4                   IBUF (Prop_ibuf_I_O)         0.444     5.444 f  DCM_INST/inst/clkin1_ibufg/O
                         net (fo=1, routed)           0.481     5.925    DCM_INST/inst/clk_in1_DCM_PLL
  -------------------------------------------------------------------    -------------------
    PLLE2_ADV_X1Y2       PLLE2_ADV (Prop_plle2_adv_CLKIN1_CLKFBOUT)
                                                     -2.828     3.096 f  DCM_INST/inst/plle2_adv_inst/CLKFBOUT
                         net (fo=1, routed)           0.595     3.691    DCM_INST/inst/clkfbout_DCM_PLL
    BUFGCTRL_X0Y2        BUFG (Prop_bufg_I_O)         0.029     3.720 f  DCM_INST/inst/clkf_buf/O
                         net (fo=1, routed)           0.877     4.597    DCM_INST/inst/clkfbout_buf_DCM_PLL
    PLLE2_ADV_X1Y2       PLLE2_ADV                                    f  DCM_INST/inst/plle2_adv_inst/CLKFBIN
  -------------------------------------------------------------------    -------------------





Min Delay Paths
--------------------------------------------------------------------------------------
Slack:                    inf
  Source:                 DCM_INST/inst/plle2_adv_inst/CLKFBOUT
                            (clock source 'clkfbout_DCM_PLL'  {rise@0.000ns fall@5.000ns period=10.000ns})
  Destination:            DCM_INST/inst/plle2_adv_inst/CLKFBIN
  Path Group:             (none)
  Path Type:              Min at Slow Process Corner
  Data Path Delay:        3.455ns  (logic 0.091ns (2.633%)  route 3.364ns (97.367%))
  Logic Levels:           1  (BUFG=1)
  Clock Uncertainty:      0.148ns  ((TSJ^2 + DJ^2)^1/2) / 2 + PE
    Total System Jitter     (TSJ):    0.050ns
    Discrete Jitter          (DJ):    0.086ns
    Phase Error              (PE):    0.099ns

    Location             Delay type                Incr(ns)  Path(ns)    Netlist Resource(s)
  -------------------------------------------------------------------    -------------------
                         (clock clkfbout_DCM_PLL rise edge)
                                                      0.000     0.000 r  
    R4                                                0.000     0.000 r  clk (IN)
                         net (fo=0)                   0.000     0.000    DCM_INST/inst/clk_in1
    R4                   IBUF (Prop_ibuf_I_O)         1.417     1.417 r  DCM_INST/inst/clkin1_ibufg/O
                         net (fo=1, routed)           1.181     2.598    DCM_INST/inst/clk_in1_DCM_PLL
  -------------------------------------------------------------------    -------------------
    PLLE2_ADV_X1Y2       PLLE2_ADV (Prop_plle2_adv_CLKIN1_CLKFBOUT)
                                                     -8.206    -5.607 r  DCM_INST/inst/plle2_adv_inst/CLKFBOUT
                         net (fo=1, routed)           1.718    -3.889    DCM_INST/inst/clkfbout_DCM_PLL
    BUFGCTRL_X0Y2        BUFG (Prop_bufg_I_O)         0.091    -3.798 r  DCM_INST/inst/clkf_buf/O
                         net (fo=1, routed)           1.646    -2.152    DCM_INST/inst/clkfbout_buf_DCM_PLL
    PLLE2_ADV_X1Y2       PLLE2_ADV                                    r  DCM_INST/inst/plle2_adv_inst/CLKFBIN
  -------------------------------------------------------------------    -------------------





--------------------------------------------------------------------------------------
Path Group:  (none)
From Clock:  
  To Clock:  clk_out1_DCM_PLL

Max Delay            54 Endpoints
Min Delay            54 Endpoints
--------------------------------------------------------------------------------------


Max Delay Paths
--------------------------------------------------------------------------------------
Slack:                    inf
  Source:                 reset
                            (input port)
  Destination:            TMDS_inst/encode_blue/cnt_reg[0]/R
                            (rising edge-triggered cell FDRE clocked by clk_out1_DCM_PLL  {rise@0.000ns fall@20.000ns period=40.000ns})
  Path Group:             (none)
  Path Type:              Setup (Max at Slow Process Corner)
  Data Path Delay:        10.622ns  (logic 1.631ns (15.354%)  route 8.991ns (84.646%))
  Logic Levels:           2  (IBUF=1 LUT2=1)
  Clock Path Skew:        -2.162ns (DCD - SCD + CPR)
    Destination Clock Delay (DCD):    -2.162ns
    Source Clock Delay      (SCD):    0.000ns
    Clock Pessimism Removal (CPR):    0.000ns
  Clock Uncertainty:      0.190ns  ((TSJ^2 + DJ^2)^1/2) / 2 + PE
    Total System Jitter     (TSJ):    0.050ns
    Discrete Jitter          (DJ):    0.175ns
    Phase Error              (PE):    0.099ns

    Location             Delay type                Incr(ns)  Path(ns)    Netlist Resource(s)
  -------------------------------------------------------------------    -------------------
    B22                                               0.000     0.000 r  reset (IN)
                         net (fo=0)                   0.000     0.000    reset
    B22                  IBUF (Prop_ibuf_I_O)         1.507     1.507 r  reset_IBUF_inst/O
                         net (fo=31, routed)          7.772     9.279    TMDS_inst/encode_blue/reset_IBUF
    SLICE_X146Y149       LUT2 (Prop_lut2_I0_O)        0.124     9.403 r  TMDS_inst/encode_blue/cnt[7]_i_1/O
                         net (fo=24, routed)          1.219    10.622    TMDS_inst/encode_blue/SR[0]
    SLICE_X144Y149       FDRE                                         r  TMDS_inst/encode_blue/cnt_reg[0]/R
  -------------------------------------------------------------------    -------------------

                         (clock clk_out1_DCM_PLL rise edge)
                                                      0.000     0.000 r  
    R4                                                0.000     0.000 r  clk (IN)
                         net (fo=0)                   0.000     0.000    DCM_INST/inst/clk_in1
    R4                   IBUF (Prop_ibuf_I_O)         1.417     1.417 r  DCM_INST/inst/clkin1_ibufg/O
                         net (fo=1, routed)           1.181     2.598    DCM_INST/inst/clk_in1_DCM_PLL
    PLLE2_ADV_X1Y2       PLLE2_ADV (Prop_plle2_adv_CLKIN1_CLKOUT0)
                                                     -8.206    -5.607 r  DCM_INST/inst/plle2_adv_inst/CLKOUT0
                         net (fo=1, routed)           1.718    -3.889    DCM_INST/inst/clk_out1_DCM_PLL
    BUFGCTRL_X0Y0        BUFG (Prop_bufg_I_O)         0.091    -3.798 r  DCM_INST/inst/clkout1_buf/O
                         net (fo=99, routed)          1.636    -2.162    TMDS_inst/encode_blue/pixel_clk_IBUF_BUFG
    SLICE_X144Y149       FDRE                                         r  TMDS_inst/encode_blue/cnt_reg[0]/C

Slack:                    inf
  Source:                 reset
                            (input port)
  Destination:            TMDS_inst/encode_blue/cnt_reg[1]/R
                            (rising edge-triggered cell FDRE clocked by clk_out1_DCM_PLL  {rise@0.000ns fall@20.000ns period=40.000ns})
  Path Group:             (none)
  Path Type:              Setup (Max at Slow Process Corner)
  Data Path Delay:        10.622ns  (logic 1.631ns (15.354%)  route 8.991ns (84.646%))
  Logic Levels:           2  (IBUF=1 LUT2=1)
  Clock Path Skew:        -2.162ns (DCD - SCD + CPR)
    Destination Clock Delay (DCD):    -2.162ns
    Source Clock Delay      (SCD):    0.000ns
    Clock Pessimism Removal (CPR):    0.000ns
  Clock Uncertainty:      0.190ns  ((TSJ^2 + DJ^2)^1/2) / 2 + PE
    Total System Jitter     (TSJ):    0.050ns
    Discrete Jitter          (DJ):    0.175ns
    Phase Error              (PE):    0.099ns

    Location             Delay type                Incr(ns)  Path(ns)    Netlist Resource(s)
  -------------------------------------------------------------------    -------------------
    B22                                               0.000     0.000 r  reset (IN)
                         net (fo=0)                   0.000     0.000    reset
    B22                  IBUF (Prop_ibuf_I_O)         1.507     1.507 r  reset_IBUF_inst/O
                         net (fo=31, routed)          7.772     9.279    TMDS_inst/encode_blue/reset_IBUF
    SLICE_X146Y149       LUT2 (Prop_lut2_I0_O)        0.124     9.403 r  TMDS_inst/encode_blue/cnt[7]_i_1/O
                         net (fo=24, routed)          1.219    10.622    TMDS_inst/encode_blue/SR[0]
    SLICE_X144Y149       FDRE                                         r  TMDS_inst/encode_blue/cnt_reg[1]/R
  -------------------------------------------------------------------    -------------------

                         (clock clk_out1_DCM_PLL rise edge)
                                                      0.000     0.000 r  
    R4                                                0.000     0.000 r  clk (IN)
                         net (fo=0)                   0.000     0.000    DCM_INST/inst/clk_in1
    R4                   IBUF (Prop_ibuf_I_O)         1.417     1.417 r  DCM_INST/inst/clkin1_ibufg/O
                         net (fo=1, routed)           1.181     2.598    DCM_INST/inst/clk_in1_DCM_PLL
    PLLE2_ADV_X1Y2       PLLE2_ADV (Prop_plle2_adv_CLKIN1_CLKOUT0)
                                                     -8.206    -5.607 r  DCM_INST/inst/plle2_adv_inst/CLKOUT0
                         net (fo=1, routed)           1.718    -3.889    DCM_INST/inst/clk_out1_DCM_PLL
    BUFGCTRL_X0Y0        BUFG (Prop_bufg_I_O)         0.091    -3.798 r  DCM_INST/inst/clkout1_buf/O
                         net (fo=99, routed)          1.636    -2.162    TMDS_inst/encode_blue/pixel_clk_IBUF_BUFG
    SLICE_X144Y149       FDRE                                         r  TMDS_inst/encode_blue/cnt_reg[1]/C

Slack:                    inf
  Source:                 reset
                            (input port)
  Destination:            TMDS_inst/encode_blue/cnt_reg[2]/R
                            (rising edge-triggered cell FDRE clocked by clk_out1_DCM_PLL  {rise@0.000ns fall@20.000ns period=40.000ns})
  Path Group:             (none)
  Path Type:              Setup (Max at Slow Process Corner)
  Data Path Delay:        10.622ns  (logic 1.631ns (15.354%)  route 8.991ns (84.646%))
  Logic Levels:           2  (IBUF=1 LUT2=1)
  Clock Path Skew:        -2.162ns (DCD - SCD + CPR)
    Destination Clock Delay (DCD):    -2.162ns
    Source Clock Delay      (SCD):    0.000ns
    Clock Pessimism Removal (CPR):    0.000ns
  Clock Uncertainty:      0.190ns  ((TSJ^2 + DJ^2)^1/2) / 2 + PE
    Total System Jitter     (TSJ):    0.050ns
    Discrete Jitter          (DJ):    0.175ns
    Phase Error              (PE):    0.099ns

    Location             Delay type                Incr(ns)  Path(ns)    Netlist Resource(s)
  -------------------------------------------------------------------    -------------------
    B22                                               0.000     0.000 r  reset (IN)
                         net (fo=0)                   0.000     0.000    reset
    B22                  IBUF (Prop_ibuf_I_O)         1.507     1.507 r  reset_IBUF_inst/O
                         net (fo=31, routed)          7.772     9.279    TMDS_inst/encode_blue/reset_IBUF
    SLICE_X146Y149       LUT2 (Prop_lut2_I0_O)        0.124     9.403 r  TMDS_inst/encode_blue/cnt[7]_i_1/O
                         net (fo=24, routed)          1.219    10.622    TMDS_inst/encode_blue/SR[0]
    SLICE_X144Y149       FDRE                                         r  TMDS_inst/encode_blue/cnt_reg[2]/R
  -------------------------------------------------------------------    -------------------

                         (clock clk_out1_DCM_PLL rise edge)
                                                      0.000     0.000 r  
    R4                                                0.000     0.000 r  clk (IN)
                         net (fo=0)                   0.000     0.000    DCM_INST/inst/clk_in1
    R4                   IBUF (Prop_ibuf_I_O)         1.417     1.417 r  DCM_INST/inst/clkin1_ibufg/O
                         net (fo=1, routed)           1.181     2.598    DCM_INST/inst/clk_in1_DCM_PLL
    PLLE2_ADV_X1Y2       PLLE2_ADV (Prop_plle2_adv_CLKIN1_CLKOUT0)
                                                     -8.206    -5.607 r  DCM_INST/inst/plle2_adv_inst/CLKOUT0
                         net (fo=1, routed)           1.718    -3.889    DCM_INST/inst/clk_out1_DCM_PLL
    BUFGCTRL_X0Y0        BUFG (Prop_bufg_I_O)         0.091    -3.798 r  DCM_INST/inst/clkout1_buf/O
                         net (fo=99, routed)          1.636    -2.162    TMDS_inst/encode_blue/pixel_clk_IBUF_BUFG
    SLICE_X144Y149       FDRE                                         r  TMDS_inst/encode_blue/cnt_reg[2]/C

Slack:                    inf
  Source:                 reset
                            (input port)
  Destination:            TMDS_inst/encode_blue/cnt_reg[3]/R
                            (rising edge-triggered cell FDRE clocked by clk_out1_DCM_PLL  {rise@0.000ns fall@20.000ns period=40.000ns})
  Path Group:             (none)
  Path Type:              Setup (Max at Slow Process Corner)
  Data Path Delay:        10.622ns  (logic 1.631ns (15.354%)  route 8.991ns (84.646%))
  Logic Levels:           2  (IBUF=1 LUT2=1)
  Clock Path Skew:        -2.162ns (DCD - SCD + CPR)
    Destination Clock Delay (DCD):    -2.162ns
    Source Clock Delay      (SCD):    0.000ns
    Clock Pessimism Removal (CPR):    0.000ns
  Clock Uncertainty:      0.190ns  ((TSJ^2 + DJ^2)^1/2) / 2 + PE
    Total System Jitter     (TSJ):    0.050ns
    Discrete Jitter          (DJ):    0.175ns
    Phase Error              (PE):    0.099ns

    Location             Delay type                Incr(ns)  Path(ns)    Netlist Resource(s)
  -------------------------------------------------------------------    -------------------
    B22                                               0.000     0.000 r  reset (IN)
                         net (fo=0)                   0.000     0.000    reset
    B22                  IBUF (Prop_ibuf_I_O)         1.507     1.507 r  reset_IBUF_inst/O
                         net (fo=31, routed)          7.772     9.279    TMDS_inst/encode_blue/reset_IBUF
    SLICE_X146Y149       LUT2 (Prop_lut2_I0_O)        0.124     9.403 r  TMDS_inst/encode_blue/cnt[7]_i_1/O
                         net (fo=24, routed)          1.219    10.622    TMDS_inst/encode_blue/SR[0]
    SLICE_X144Y149       FDRE                                         r  TMDS_inst/encode_blue/cnt_reg[3]/R
  -------------------------------------------------------------------    -------------------

                         (clock clk_out1_DCM_PLL rise edge)
                                                      0.000     0.000 r  
    R4                                                0.000     0.000 r  clk (IN)
                         net (fo=0)                   0.000     0.000    DCM_INST/inst/clk_in1
    R4                   IBUF (Prop_ibuf_I_O)         1.417     1.417 r  DCM_INST/inst/clkin1_ibufg/O
                         net (fo=1, routed)           1.181     2.598    DCM_INST/inst/clk_in1_DCM_PLL
    PLLE2_ADV_X1Y2       PLLE2_ADV (Prop_plle2_adv_CLKIN1_CLKOUT0)
                                                     -8.206    -5.607 r  DCM_INST/inst/plle2_adv_inst/CLKOUT0
                         net (fo=1, routed)           1.718    -3.889    DCM_INST/inst/clk_out1_DCM_PLL
    BUFGCTRL_X0Y0        BUFG (Prop_bufg_I_O)         0.091    -3.798 r  DCM_INST/inst/clkout1_buf/O
                         net (fo=99, routed)          1.636    -2.162    TMDS_inst/encode_blue/pixel_clk_IBUF_BUFG
    SLICE_X144Y149       FDRE                                         r  TMDS_inst/encode_blue/cnt_reg[3]/C

Slack:                    inf
  Source:                 reset
                            (input port)
  Destination:            TMDS_inst/encode_red/cnt_reg[0]/R
                            (rising edge-triggered cell FDRE clocked by clk_out1_DCM_PLL  {rise@0.000ns fall@20.000ns period=40.000ns})
  Path Group:             (none)
  Path Type:              Setup (Max at Slow Process Corner)
  Data Path Delay:        10.598ns  (logic 1.631ns (15.388%)  route 8.967ns (84.612%))
  Logic Levels:           2  (IBUF=1 LUT2=1)
  Clock Path Skew:        -2.226ns (DCD - SCD + CPR)
    Destination Clock Delay (DCD):    -2.226ns
    Source Clock Delay      (SCD):    0.000ns
    Clock Pessimism Removal (CPR):    0.000ns
  Clock Uncertainty:      0.190ns  ((TSJ^2 + DJ^2)^1/2) / 2 + PE
    Total System Jitter     (TSJ):    0.050ns
    Discrete Jitter          (DJ):    0.175ns
    Phase Error              (PE):    0.099ns

    Location             Delay type                Incr(ns)  Path(ns)    Netlist Resource(s)
  -------------------------------------------------------------------    -------------------
    B22                                               0.000     0.000 r  reset (IN)
                         net (fo=0)                   0.000     0.000    reset
    B22                  IBUF (Prop_ibuf_I_O)         1.507     1.507 r  reset_IBUF_inst/O
                         net (fo=31, routed)          7.772     9.279    TMDS_inst/encode_blue/reset_IBUF
    SLICE_X146Y149       LUT2 (Prop_lut2_I0_O)        0.124     9.403 r  TMDS_inst/encode_blue/cnt[7]_i_1/O
                         net (fo=24, routed)          1.196    10.598    TMDS_inst/encode_red/SR[0]
    SLICE_X139Y147       FDRE                                         r  TMDS_inst/encode_red/cnt_reg[0]/R
  -------------------------------------------------------------------    -------------------

                         (clock clk_out1_DCM_PLL rise edge)
                                                      0.000     0.000 r  
    R4                                                0.000     0.000 r  clk (IN)
                         net (fo=0)                   0.000     0.000    DCM_INST/inst/clk_in1
    R4                   IBUF (Prop_ibuf_I_O)         1.417     1.417 r  DCM_INST/inst/clkin1_ibufg/O
                         net (fo=1, routed)           1.181     2.598    DCM_INST/inst/clk_in1_DCM_PLL
    PLLE2_ADV_X1Y2       PLLE2_ADV (Prop_plle2_adv_CLKIN1_CLKOUT0)
                                                     -8.206    -5.607 r  DCM_INST/inst/plle2_adv_inst/CLKOUT0
                         net (fo=1, routed)           1.718    -3.889    DCM_INST/inst/clk_out1_DCM_PLL
    BUFGCTRL_X0Y0        BUFG (Prop_bufg_I_O)         0.091    -3.798 r  DCM_INST/inst/clkout1_buf/O
                         net (fo=99, routed)          1.572    -2.226    TMDS_inst/encode_red/pixel_clk_IBUF_BUFG
    SLICE_X139Y147       FDRE                                         r  TMDS_inst/encode_red/cnt_reg[0]/C

Slack:                    inf
  Source:                 reset
                            (input port)
  Destination:            TMDS_inst/encode_red/cnt_reg[1]/R
                            (rising edge-triggered cell FDRE clocked by clk_out1_DCM_PLL  {rise@0.000ns fall@20.000ns period=40.000ns})
  Path Group:             (none)
  Path Type:              Setup (Max at Slow Process Corner)
  Data Path Delay:        10.598ns  (logic 1.631ns (15.388%)  route 8.967ns (84.612%))
  Logic Levels:           2  (IBUF=1 LUT2=1)
  Clock Path Skew:        -2.226ns (DCD - SCD + CPR)
    Destination Clock Delay (DCD):    -2.226ns
    Source Clock Delay      (SCD):    0.000ns
    Clock Pessimism Removal (CPR):    0.000ns
  Clock Uncertainty:      0.190ns  ((TSJ^2 + DJ^2)^1/2) / 2 + PE
    Total System Jitter     (TSJ):    0.050ns
    Discrete Jitter          (DJ):    0.175ns
    Phase Error              (PE):    0.099ns

    Location             Delay type                Incr(ns)  Path(ns)    Netlist Resource(s)
  -------------------------------------------------------------------    -------------------
    B22                                               0.000     0.000 r  reset (IN)
                         net (fo=0)                   0.000     0.000    reset
    B22                  IBUF (Prop_ibuf_I_O)         1.507     1.507 r  reset_IBUF_inst/O
                         net (fo=31, routed)          7.772     9.279    TMDS_inst/encode_blue/reset_IBUF
    SLICE_X146Y149       LUT2 (Prop_lut2_I0_O)        0.124     9.403 r  TMDS_inst/encode_blue/cnt[7]_i_1/O
                         net (fo=24, routed)          1.196    10.598    TMDS_inst/encode_red/SR[0]
    SLICE_X139Y147       FDRE                                         r  TMDS_inst/encode_red/cnt_reg[1]/R
  -------------------------------------------------------------------    -------------------

                         (clock clk_out1_DCM_PLL rise edge)
                                                      0.000     0.000 r  
    R4                                                0.000     0.000 r  clk (IN)
                         net (fo=0)                   0.000     0.000    DCM_INST/inst/clk_in1
    R4                   IBUF (Prop_ibuf_I_O)         1.417     1.417 r  DCM_INST/inst/clkin1_ibufg/O
                         net (fo=1, routed)           1.181     2.598    DCM_INST/inst/clk_in1_DCM_PLL
    PLLE2_ADV_X1Y2       PLLE2_ADV (Prop_plle2_adv_CLKIN1_CLKOUT0)
                                                     -8.206    -5.607 r  DCM_INST/inst/plle2_adv_inst/CLKOUT0
                         net (fo=1, routed)           1.718    -3.889    DCM_INST/inst/clk_out1_DCM_PLL
    BUFGCTRL_X0Y0        BUFG (Prop_bufg_I_O)         0.091    -3.798 r  DCM_INST/inst/clkout1_buf/O
                         net (fo=99, routed)          1.572    -2.226    TMDS_inst/encode_red/pixel_clk_IBUF_BUFG
    SLICE_X139Y147       FDRE                                         r  TMDS_inst/encode_red/cnt_reg[1]/C

Slack:                    inf
  Source:                 reset
                            (input port)
  Destination:            TMDS_inst/encode_red/cnt_reg[2]/R
                            (rising edge-triggered cell FDRE clocked by clk_out1_DCM_PLL  {rise@0.000ns fall@20.000ns period=40.000ns})
  Path Group:             (none)
  Path Type:              Setup (Max at Slow Process Corner)
  Data Path Delay:        10.598ns  (logic 1.631ns (15.388%)  route 8.967ns (84.612%))
  Logic Levels:           2  (IBUF=1 LUT2=1)
  Clock Path Skew:        -2.226ns (DCD - SCD + CPR)
    Destination Clock Delay (DCD):    -2.226ns
    Source Clock Delay      (SCD):    0.000ns
    Clock Pessimism Removal (CPR):    0.000ns
  Clock Uncertainty:      0.190ns  ((TSJ^2 + DJ^2)^1/2) / 2 + PE
    Total System Jitter     (TSJ):    0.050ns
    Discrete Jitter          (DJ):    0.175ns
    Phase Error              (PE):    0.099ns

    Location             Delay type                Incr(ns)  Path(ns)    Netlist Resource(s)
  -------------------------------------------------------------------    -------------------
    B22                                               0.000     0.000 r  reset (IN)
                         net (fo=0)                   0.000     0.000    reset
    B22                  IBUF (Prop_ibuf_I_O)         1.507     1.507 r  reset_IBUF_inst/O
                         net (fo=31, routed)          7.772     9.279    TMDS_inst/encode_blue/reset_IBUF
    SLICE_X146Y149       LUT2 (Prop_lut2_I0_O)        0.124     9.403 r  TMDS_inst/encode_blue/cnt[7]_i_1/O
                         net (fo=24, routed)          1.196    10.598    TMDS_inst/encode_red/SR[0]
    SLICE_X139Y147       FDRE                                         r  TMDS_inst/encode_red/cnt_reg[2]/R
  -------------------------------------------------------------------    -------------------

                         (clock clk_out1_DCM_PLL rise edge)
                                                      0.000     0.000 r  
    R4                                                0.000     0.000 r  clk (IN)
                         net (fo=0)                   0.000     0.000    DCM_INST/inst/clk_in1
    R4                   IBUF (Prop_ibuf_I_O)         1.417     1.417 r  DCM_INST/inst/clkin1_ibufg/O
                         net (fo=1, routed)           1.181     2.598    DCM_INST/inst/clk_in1_DCM_PLL
    PLLE2_ADV_X1Y2       PLLE2_ADV (Prop_plle2_adv_CLKIN1_CLKOUT0)
                                                     -8.206    -5.607 r  DCM_INST/inst/plle2_adv_inst/CLKOUT0
                         net (fo=1, routed)           1.718    -3.889    DCM_INST/inst/clk_out1_DCM_PLL
    BUFGCTRL_X0Y0        BUFG (Prop_bufg_I_O)         0.091    -3.798 r  DCM_INST/inst/clkout1_buf/O
                         net (fo=99, routed)          1.572    -2.226    TMDS_inst/encode_red/pixel_clk_IBUF_BUFG
    SLICE_X139Y147       FDRE                                         r  TMDS_inst/encode_red/cnt_reg[2]/C

Slack:                    inf
  Source:                 reset
                            (input port)
  Destination:            TMDS_inst/encode_red/cnt_reg[3]/R
                            (rising edge-triggered cell FDRE clocked by clk_out1_DCM_PLL  {rise@0.000ns fall@20.000ns period=40.000ns})
  Path Group:             (none)
  Path Type:              Setup (Max at Slow Process Corner)
  Data Path Delay:        10.598ns  (logic 1.631ns (15.388%)  route 8.967ns (84.612%))
  Logic Levels:           2  (IBUF=1 LUT2=1)
  Clock Path Skew:        -2.226ns (DCD - SCD + CPR)
    Destination Clock Delay (DCD):    -2.226ns
    Source Clock Delay      (SCD):    0.000ns
    Clock Pessimism Removal (CPR):    0.000ns
  Clock Uncertainty:      0.190ns  ((TSJ^2 + DJ^2)^1/2) / 2 + PE
    Total System Jitter     (TSJ):    0.050ns
    Discrete Jitter          (DJ):    0.175ns
    Phase Error              (PE):    0.099ns

    Location             Delay type                Incr(ns)  Path(ns)    Netlist Resource(s)
  -------------------------------------------------------------------    -------------------
    B22                                               0.000     0.000 r  reset (IN)
                         net (fo=0)                   0.000     0.000    reset
    B22                  IBUF (Prop_ibuf_I_O)         1.507     1.507 r  reset_IBUF_inst/O
                         net (fo=31, routed)          7.772     9.279    TMDS_inst/encode_blue/reset_IBUF
    SLICE_X146Y149       LUT2 (Prop_lut2_I0_O)        0.124     9.403 r  TMDS_inst/encode_blue/cnt[7]_i_1/O
                         net (fo=24, routed)          1.196    10.598    TMDS_inst/encode_red/SR[0]
    SLICE_X139Y147       FDRE                                         r  TMDS_inst/encode_red/cnt_reg[3]/R
  -------------------------------------------------------------------    -------------------

                         (clock clk_out1_DCM_PLL rise edge)
                                                      0.000     0.000 r  
    R4                                                0.000     0.000 r  clk (IN)
                         net (fo=0)                   0.000     0.000    DCM_INST/inst/clk_in1
    R4                   IBUF (Prop_ibuf_I_O)         1.417     1.417 r  DCM_INST/inst/clkin1_ibufg/O
                         net (fo=1, routed)           1.181     2.598    DCM_INST/inst/clk_in1_DCM_PLL
    PLLE2_ADV_X1Y2       PLLE2_ADV (Prop_plle2_adv_CLKIN1_CLKOUT0)
                                                     -8.206    -5.607 r  DCM_INST/inst/plle2_adv_inst/CLKOUT0
                         net (fo=1, routed)           1.718    -3.889    DCM_INST/inst/clk_out1_DCM_PLL
    BUFGCTRL_X0Y0        BUFG (Prop_bufg_I_O)         0.091    -3.798 r  DCM_INST/inst/clkout1_buf/O
                         net (fo=99, routed)          1.572    -2.226    TMDS_inst/encode_red/pixel_clk_IBUF_BUFG
    SLICE_X139Y147       FDRE                                         r  TMDS_inst/encode_red/cnt_reg[3]/C

Slack:                    inf
  Source:                 reset
                            (input port)
  Destination:            TMDS_inst/encode_red/cnt_reg[4]/R
                            (rising edge-triggered cell FDRE clocked by clk_out1_DCM_PLL  {rise@0.000ns fall@20.000ns period=40.000ns})
  Path Group:             (none)
  Path Type:              Setup (Max at Slow Process Corner)
  Data Path Delay:        10.451ns  (logic 1.631ns (15.605%)  route 8.820ns (84.395%))
  Logic Levels:           2  (IBUF=1 LUT2=1)
  Clock Path Skew:        -2.226ns (DCD - SCD + CPR)
    Destination Clock Delay (DCD):    -2.226ns
    Source Clock Delay      (SCD):    0.000ns
    Clock Pessimism Removal (CPR):    0.000ns
  Clock Uncertainty:      0.190ns  ((TSJ^2 + DJ^2)^1/2) / 2 + PE
    Total System Jitter     (TSJ):    0.050ns
    Discrete Jitter          (DJ):    0.175ns
    Phase Error              (PE):    0.099ns

    Location             Delay type                Incr(ns)  Path(ns)    Netlist Resource(s)
  -------------------------------------------------------------------    -------------------
    B22                                               0.000     0.000 r  reset (IN)
                         net (fo=0)                   0.000     0.000    reset
    B22                  IBUF (Prop_ibuf_I_O)         1.507     1.507 r  reset_IBUF_inst/O
                         net (fo=31, routed)          7.772     9.279    TMDS_inst/encode_blue/reset_IBUF
    SLICE_X146Y149       LUT2 (Prop_lut2_I0_O)        0.124     9.403 r  TMDS_inst/encode_blue/cnt[7]_i_1/O
                         net (fo=24, routed)          1.048    10.451    TMDS_inst/encode_red/SR[0]
    SLICE_X139Y148       FDRE                                         r  TMDS_inst/encode_red/cnt_reg[4]/R
  -------------------------------------------------------------------    -------------------

                         (clock clk_out1_DCM_PLL rise edge)
                                                      0.000     0.000 r  
    R4                                                0.000     0.000 r  clk (IN)
                         net (fo=0)                   0.000     0.000    DCM_INST/inst/clk_in1
    R4                   IBUF (Prop_ibuf_I_O)         1.417     1.417 r  DCM_INST/inst/clkin1_ibufg/O
                         net (fo=1, routed)           1.181     2.598    DCM_INST/inst/clk_in1_DCM_PLL
    PLLE2_ADV_X1Y2       PLLE2_ADV (Prop_plle2_adv_CLKIN1_CLKOUT0)
                                                     -8.206    -5.607 r  DCM_INST/inst/plle2_adv_inst/CLKOUT0
                         net (fo=1, routed)           1.718    -3.889    DCM_INST/inst/clk_out1_DCM_PLL
    BUFGCTRL_X0Y0        BUFG (Prop_bufg_I_O)         0.091    -3.798 r  DCM_INST/inst/clkout1_buf/O
                         net (fo=99, routed)          1.572    -2.226    TMDS_inst/encode_red/pixel_clk_IBUF_BUFG
    SLICE_X139Y148       FDRE                                         r  TMDS_inst/encode_red/cnt_reg[4]/C

Slack:                    inf
  Source:                 reset
                            (input port)
  Destination:            TMDS_inst/encode_red/cnt_reg[5]/R
                            (rising edge-triggered cell FDRE clocked by clk_out1_DCM_PLL  {rise@0.000ns fall@20.000ns period=40.000ns})
  Path Group:             (none)
  Path Type:              Setup (Max at Slow Process Corner)
  Data Path Delay:        10.451ns  (logic 1.631ns (15.605%)  route 8.820ns (84.395%))
  Logic Levels:           2  (IBUF=1 LUT2=1)
  Clock Path Skew:        -2.226ns (DCD - SCD + CPR)
    Destination Clock Delay (DCD):    -2.226ns
    Source Clock Delay      (SCD):    0.000ns
    Clock Pessimism Removal (CPR):    0.000ns
  Clock Uncertainty:      0.190ns  ((TSJ^2 + DJ^2)^1/2) / 2 + PE
    Total System Jitter     (TSJ):    0.050ns
    Discrete Jitter          (DJ):    0.175ns
    Phase Error              (PE):    0.099ns

    Location             Delay type                Incr(ns)  Path(ns)    Netlist Resource(s)
  -------------------------------------------------------------------    -------------------
    B22                                               0.000     0.000 r  reset (IN)
                         net (fo=0)                   0.000     0.000    reset
    B22                  IBUF (Prop_ibuf_I_O)         1.507     1.507 r  reset_IBUF_inst/O
                         net (fo=31, routed)          7.772     9.279    TMDS_inst/encode_blue/reset_IBUF
    SLICE_X146Y149       LUT2 (Prop_lut2_I0_O)        0.124     9.403 r  TMDS_inst/encode_blue/cnt[7]_i_1/O
                         net (fo=24, routed)          1.048    10.451    TMDS_inst/encode_red/SR[0]
    SLICE_X139Y148       FDRE                                         r  TMDS_inst/encode_red/cnt_reg[5]/R
  -------------------------------------------------------------------    -------------------

                         (clock clk_out1_DCM_PLL rise edge)
                                                      0.000     0.000 r  
    R4                                                0.000     0.000 r  clk (IN)
                         net (fo=0)                   0.000     0.000    DCM_INST/inst/clk_in1
    R4                   IBUF (Prop_ibuf_I_O)         1.417     1.417 r  DCM_INST/inst/clkin1_ibufg/O
                         net (fo=1, routed)           1.181     2.598    DCM_INST/inst/clk_in1_DCM_PLL
    PLLE2_ADV_X1Y2       PLLE2_ADV (Prop_plle2_adv_CLKIN1_CLKOUT0)
                                                     -8.206    -5.607 r  DCM_INST/inst/plle2_adv_inst/CLKOUT0
                         net (fo=1, routed)           1.718    -3.889    DCM_INST/inst/clk_out1_DCM_PLL
    BUFGCTRL_X0Y0        BUFG (Prop_bufg_I_O)         0.091    -3.798 r  DCM_INST/inst/clkout1_buf/O
                         net (fo=99, routed)          1.572    -2.226    TMDS_inst/encode_red/pixel_clk_IBUF_BUFG
    SLICE_X139Y148       FDRE                                         r  TMDS_inst/encode_red/cnt_reg[5]/C





Min Delay Paths
--------------------------------------------------------------------------------------
Slack:                    inf
  Source:                 reset
                            (input port)
  Destination:            TMDS_inst/encode_blue/q_reg[5]/S
                            (rising edge-triggered cell FDSE clocked by clk_out1_DCM_PLL  {rise@0.000ns fall@20.000ns period=40.000ns})
  Path Group:             (none)
  Path Type:              Hold (Min at Fast Process Corner)
  Data Path Delay:        3.666ns  (logic 0.274ns (7.485%)  route 3.392ns (92.515%))
  Logic Levels:           1  (IBUF=1)
  Clock Path Skew:        -0.388ns (DCD - SCD - CPR)
    Destination Clock Delay (DCD):    -0.388ns
    Source Clock Delay      (SCD):    0.000ns
    Clock Pessimism Removal (CPR):    -0.000ns

    Location             Delay type                Incr(ns)  Path(ns)    Netlist Resource(s)
  -------------------------------------------------------------------    -------------------
    B22                                               0.000     0.000 r  reset (IN)
                         net (fo=0)                   0.000     0.000    reset
    B22                  IBUF (Prop_ibuf_I_O)         0.274     0.274 r  reset_IBUF_inst/O
                         net (fo=31, routed)          3.392     3.666    TMDS_inst/encode_blue/reset_IBUF
    SLICE_X142Y148       FDSE                                         r  TMDS_inst/encode_blue/q_reg[5]/S
  -------------------------------------------------------------------    -------------------

                         (clock clk_out1_DCM_PLL rise edge)
                                                      0.000     0.000 r  
    R4                                                0.000     0.000 r  clk (IN)
                         net (fo=0)                   0.000     0.000    DCM_INST/inst/clk_in1
    R4                   IBUF (Prop_ibuf_I_O)         0.444     0.444 r  DCM_INST/inst/clkin1_ibufg/O
                         net (fo=1, routed)           0.481     0.925    DCM_INST/inst/clk_in1_DCM_PLL
    PLLE2_ADV_X1Y2       PLLE2_ADV (Prop_plle2_adv_CLKIN1_CLKOUT0)
                                                     -2.828    -1.904 r  DCM_INST/inst/plle2_adv_inst/CLKOUT0
                         net (fo=1, routed)           0.595    -1.309    DCM_INST/inst/clk_out1_DCM_PLL
    BUFGCTRL_X0Y0        BUFG (Prop_bufg_I_O)         0.029    -1.280 r  DCM_INST/inst/clkout1_buf/O
                         net (fo=99, routed)          0.892    -0.388    TMDS_inst/encode_blue/pixel_clk_IBUF_BUFG
    SLICE_X142Y148       FDSE                                         r  TMDS_inst/encode_blue/q_reg[5]/C

Slack:                    inf
  Source:                 reset
                            (input port)
  Destination:            TMDS_inst/encode_red/q_reg[0]/S
                            (rising edge-triggered cell FDSE clocked by clk_out1_DCM_PLL  {rise@0.000ns fall@20.000ns period=40.000ns})
  Path Group:             (none)
  Path Type:              Hold (Min at Fast Process Corner)
  Data Path Delay:        3.743ns  (logic 0.274ns (7.331%)  route 3.469ns (92.669%))
  Logic Levels:           1  (IBUF=1)
  Clock Path Skew:        -0.389ns (DCD - SCD - CPR)
    Destination Clock Delay (DCD):    -0.389ns
    Source Clock Delay      (SCD):    0.000ns
    Clock Pessimism Removal (CPR):    -0.000ns

    Location             Delay type                Incr(ns)  Path(ns)    Netlist Resource(s)
  -------------------------------------------------------------------    -------------------
    B22                                               0.000     0.000 r  reset (IN)
                         net (fo=0)                   0.000     0.000    reset
    B22                  IBUF (Prop_ibuf_I_O)         0.274     0.274 r  reset_IBUF_inst/O
                         net (fo=31, routed)          3.469     3.743    TMDS_inst/encode_red/reset_IBUF
    SLICE_X140Y147       FDSE                                         r  TMDS_inst/encode_red/q_reg[0]/S
  -------------------------------------------------------------------    -------------------

                         (clock clk_out1_DCM_PLL rise edge)
                                                      0.000     0.000 r  
    R4                                                0.000     0.000 r  clk (IN)
                         net (fo=0)                   0.000     0.000    DCM_INST/inst/clk_in1
    R4                   IBUF (Prop_ibuf_I_O)         0.444     0.444 r  DCM_INST/inst/clkin1_ibufg/O
                         net (fo=1, routed)           0.481     0.925    DCM_INST/inst/clk_in1_DCM_PLL
    PLLE2_ADV_X1Y2       PLLE2_ADV (Prop_plle2_adv_CLKIN1_CLKOUT0)
                                                     -2.828    -1.904 r  DCM_INST/inst/plle2_adv_inst/CLKOUT0
                         net (fo=1, routed)           0.595    -1.309    DCM_INST/inst/clk_out1_DCM_PLL
    BUFGCTRL_X0Y0        BUFG (Prop_bufg_I_O)         0.029    -1.280 r  DCM_INST/inst/clkout1_buf/O
                         net (fo=99, routed)          0.891    -0.389    TMDS_inst/encode_red/pixel_clk_IBUF_BUFG
    SLICE_X140Y147       FDSE                                         r  TMDS_inst/encode_red/q_reg[0]/C

Slack:                    inf
  Source:                 reset
                            (input port)
  Destination:            TMDS_inst/encode_red/q_reg[1]/S
                            (rising edge-triggered cell FDSE clocked by clk_out1_DCM_PLL  {rise@0.000ns fall@20.000ns period=40.000ns})
  Path Group:             (none)
  Path Type:              Hold (Min at Fast Process Corner)
  Data Path Delay:        3.743ns  (logic 0.274ns (7.331%)  route 3.469ns (92.669%))
  Logic Levels:           1  (IBUF=1)
  Clock Path Skew:        -0.389ns (DCD - SCD - CPR)
    Destination Clock Delay (DCD):    -0.389ns
    Source Clock Delay      (SCD):    0.000ns
    Clock Pessimism Removal (CPR):    -0.000ns

    Location             Delay type                Incr(ns)  Path(ns)    Netlist Resource(s)
  -------------------------------------------------------------------    -------------------
    B22                                               0.000     0.000 r  reset (IN)
                         net (fo=0)                   0.000     0.000    reset
    B22                  IBUF (Prop_ibuf_I_O)         0.274     0.274 r  reset_IBUF_inst/O
                         net (fo=31, routed)          3.469     3.743    TMDS_inst/encode_red/reset_IBUF
    SLICE_X140Y147       FDSE                                         r  TMDS_inst/encode_red/q_reg[1]/S
  -------------------------------------------------------------------    -------------------

                         (clock clk_out1_DCM_PLL rise edge)
                                                      0.000     0.000 r  
    R4                                                0.000     0.000 r  clk (IN)
                         net (fo=0)                   0.000     0.000    DCM_INST/inst/clk_in1
    R4                   IBUF (Prop_ibuf_I_O)         0.444     0.444 r  DCM_INST/inst/clkin1_ibufg/O
                         net (fo=1, routed)           0.481     0.925    DCM_INST/inst/clk_in1_DCM_PLL
    PLLE2_ADV_X1Y2       PLLE2_ADV (Prop_plle2_adv_CLKIN1_CLKOUT0)
                                                     -2.828    -1.904 r  DCM_INST/inst/plle2_adv_inst/CLKOUT0
                         net (fo=1, routed)           0.595    -1.309    DCM_INST/inst/clk_out1_DCM_PLL
    BUFGCTRL_X0Y0        BUFG (Prop_bufg_I_O)         0.029    -1.280 r  DCM_INST/inst/clkout1_buf/O
                         net (fo=99, routed)          0.891    -0.389    TMDS_inst/encode_red/pixel_clk_IBUF_BUFG
    SLICE_X140Y147       FDSE                                         r  TMDS_inst/encode_red/q_reg[1]/C

Slack:                    inf
  Source:                 reset
                            (input port)
  Destination:            TMDS_inst/encode_red/q_reg[2]/S
                            (rising edge-triggered cell FDSE clocked by clk_out1_DCM_PLL  {rise@0.000ns fall@20.000ns period=40.000ns})
  Path Group:             (none)
  Path Type:              Hold (Min at Fast Process Corner)
  Data Path Delay:        3.743ns  (logic 0.274ns (7.331%)  route 3.469ns (92.669%))
  Logic Levels:           1  (IBUF=1)
  Clock Path Skew:        -0.389ns (DCD - SCD - CPR)
    Destination Clock Delay (DCD):    -0.389ns
    Source Clock Delay      (SCD):    0.000ns
    Clock Pessimism Removal (CPR):    -0.000ns

    Location             Delay type                Incr(ns)  Path(ns)    Netlist Resource(s)
  -------------------------------------------------------------------    -------------------
    B22                                               0.000     0.000 r  reset (IN)
                         net (fo=0)                   0.000     0.000    reset
    B22                  IBUF (Prop_ibuf_I_O)         0.274     0.274 r  reset_IBUF_inst/O
                         net (fo=31, routed)          3.469     3.743    TMDS_inst/encode_red/reset_IBUF
    SLICE_X140Y147       FDSE                                         r  TMDS_inst/encode_red/q_reg[2]/S
  -------------------------------------------------------------------    -------------------

                         (clock clk_out1_DCM_PLL rise edge)
                                                      0.000     0.000 r  
    R4                                                0.000     0.000 r  clk (IN)
                         net (fo=0)                   0.000     0.000    DCM_INST/inst/clk_in1
    R4                   IBUF (Prop_ibuf_I_O)         0.444     0.444 r  DCM_INST/inst/clkin1_ibufg/O
                         net (fo=1, routed)           0.481     0.925    DCM_INST/inst/clk_in1_DCM_PLL
    PLLE2_ADV_X1Y2       PLLE2_ADV (Prop_plle2_adv_CLKIN1_CLKOUT0)
                                                     -2.828    -1.904 r  DCM_INST/inst/plle2_adv_inst/CLKOUT0
                         net (fo=1, routed)           0.595    -1.309    DCM_INST/inst/clk_out1_DCM_PLL
    BUFGCTRL_X0Y0        BUFG (Prop_bufg_I_O)         0.029    -1.280 r  DCM_INST/inst/clkout1_buf/O
                         net (fo=99, routed)          0.891    -0.389    TMDS_inst/encode_red/pixel_clk_IBUF_BUFG
    SLICE_X140Y147       FDSE                                         r  TMDS_inst/encode_red/q_reg[2]/C

Slack:                    inf
  Source:                 reset
                            (input port)
  Destination:            TMDS_inst/encode_red/q_reg[8]/S
                            (rising edge-triggered cell FDSE clocked by clk_out1_DCM_PLL  {rise@0.000ns fall@20.000ns period=40.000ns})
  Path Group:             (none)
  Path Type:              Hold (Min at Fast Process Corner)
  Data Path Delay:        3.743ns  (logic 0.274ns (7.331%)  route 3.469ns (92.669%))
  Logic Levels:           1  (IBUF=1)
  Clock Path Skew:        -0.389ns (DCD - SCD - CPR)
    Destination Clock Delay (DCD):    -0.389ns
    Source Clock Delay      (SCD):    0.000ns
    Clock Pessimism Removal (CPR):    -0.000ns

    Location             Delay type                Incr(ns)  Path(ns)    Netlist Resource(s)
  -------------------------------------------------------------------    -------------------
    B22                                               0.000     0.000 r  reset (IN)
                         net (fo=0)                   0.000     0.000    reset
    B22                  IBUF (Prop_ibuf_I_O)         0.274     0.274 r  reset_IBUF_inst/O
                         net (fo=31, routed)          3.469     3.743    TMDS_inst/encode_red/reset_IBUF
    SLICE_X140Y147       FDSE                                         r  TMDS_inst/encode_red/q_reg[8]/S
  -------------------------------------------------------------------    -------------------

                         (clock clk_out1_DCM_PLL rise edge)
                                                      0.000     0.000 r  
    R4                                                0.000     0.000 r  clk (IN)
                         net (fo=0)                   0.000     0.000    DCM_INST/inst/clk_in1
    R4                   IBUF (Prop_ibuf_I_O)         0.444     0.444 r  DCM_INST/inst/clkin1_ibufg/O
                         net (fo=1, routed)           0.481     0.925    DCM_INST/inst/clk_in1_DCM_PLL
    PLLE2_ADV_X1Y2       PLLE2_ADV (Prop_plle2_adv_CLKIN1_CLKOUT0)
                                                     -2.828    -1.904 r  DCM_INST/inst/plle2_adv_inst/CLKOUT0
                         net (fo=1, routed)           0.595    -1.309    DCM_INST/inst/clk_out1_DCM_PLL
    BUFGCTRL_X0Y0        BUFG (Prop_bufg_I_O)         0.029    -1.280 r  DCM_INST/inst/clkout1_buf/O
                         net (fo=99, routed)          0.891    -0.389    TMDS_inst/encode_red/pixel_clk_IBUF_BUFG
    SLICE_X140Y147       FDSE                                         r  TMDS_inst/encode_red/q_reg[8]/C

Slack:                    inf
  Source:                 reset
                            (input port)
  Destination:            TMDS_inst/encode_blue/q_reg[0]/S
                            (rising edge-triggered cell FDSE clocked by clk_out1_DCM_PLL  {rise@0.000ns fall@20.000ns period=40.000ns})
  Path Group:             (none)
  Path Type:              Hold (Min at Fast Process Corner)
  Data Path Delay:        3.823ns  (logic 0.274ns (7.178%)  route 3.549ns (92.822%))
  Logic Levels:           1  (IBUF=1)
  Clock Path Skew:        -0.387ns (DCD - SCD - CPR)
    Destination Clock Delay (DCD):    -0.387ns
    Source Clock Delay      (SCD):    0.000ns
    Clock Pessimism Removal (CPR):    -0.000ns

    Location             Delay type                Incr(ns)  Path(ns)    Netlist Resource(s)
  -------------------------------------------------------------------    -------------------
    B22                                               0.000     0.000 r  reset (IN)
                         net (fo=0)                   0.000     0.000    reset
    B22                  IBUF (Prop_ibuf_I_O)         0.274     0.274 r  reset_IBUF_inst/O
                         net (fo=31, routed)          3.549     3.823    TMDS_inst/encode_blue/reset_IBUF
    SLICE_X144Y148       FDSE                                         r  TMDS_inst/encode_blue/q_reg[0]/S
  -------------------------------------------------------------------    -------------------

                         (clock clk_out1_DCM_PLL rise edge)
                                                      0.000     0.000 r  
    R4                                                0.000     0.000 r  clk (IN)
                         net (fo=0)                   0.000     0.000    DCM_INST/inst/clk_in1
    R4                   IBUF (Prop_ibuf_I_O)         0.444     0.444 r  DCM_INST/inst/clkin1_ibufg/O
                         net (fo=1, routed)           0.481     0.925    DCM_INST/inst/clk_in1_DCM_PLL
    PLLE2_ADV_X1Y2       PLLE2_ADV (Prop_plle2_adv_CLKIN1_CLKOUT0)
                                                     -2.828    -1.904 r  DCM_INST/inst/plle2_adv_inst/CLKOUT0
                         net (fo=1, routed)           0.595    -1.309    DCM_INST/inst/clk_out1_DCM_PLL
    BUFGCTRL_X0Y0        BUFG (Prop_bufg_I_O)         0.029    -1.280 r  DCM_INST/inst/clkout1_buf/O
                         net (fo=99, routed)          0.893    -0.387    TMDS_inst/encode_blue/pixel_clk_IBUF_BUFG
    SLICE_X144Y148       FDSE                                         r  TMDS_inst/encode_blue/q_reg[0]/C

Slack:                    inf
  Source:                 reset
                            (input port)
  Destination:            TMDS_inst/encode_blue/q_reg[2]/S
                            (rising edge-triggered cell FDSE clocked by clk_out1_DCM_PLL  {rise@0.000ns fall@20.000ns period=40.000ns})
  Path Group:             (none)
  Path Type:              Hold (Min at Fast Process Corner)
  Data Path Delay:        3.823ns  (logic 0.274ns (7.178%)  route 3.549ns (92.822%))
  Logic Levels:           1  (IBUF=1)
  Clock Path Skew:        -0.387ns (DCD - SCD - CPR)
    Destination Clock Delay (DCD):    -0.387ns
    Source Clock Delay      (SCD):    0.000ns
    Clock Pessimism Removal (CPR):    -0.000ns

    Location             Delay type                Incr(ns)  Path(ns)    Netlist Resource(s)
  -------------------------------------------------------------------    -------------------
    B22                                               0.000     0.000 r  reset (IN)
                         net (fo=0)                   0.000     0.000    reset
    B22                  IBUF (Prop_ibuf_I_O)         0.274     0.274 r  reset_IBUF_inst/O
                         net (fo=31, routed)          3.549     3.823    TMDS_inst/encode_blue/reset_IBUF
    SLICE_X144Y148       FDSE                                         r  TMDS_inst/encode_blue/q_reg[2]/S
  -------------------------------------------------------------------    -------------------

                         (clock clk_out1_DCM_PLL rise edge)
                                                      0.000     0.000 r  
    R4                                                0.000     0.000 r  clk (IN)
                         net (fo=0)                   0.000     0.000    DCM_INST/inst/clk_in1
    R4                   IBUF (Prop_ibuf_I_O)         0.444     0.444 r  DCM_INST/inst/clkin1_ibufg/O
                         net (fo=1, routed)           0.481     0.925    DCM_INST/inst/clk_in1_DCM_PLL
    PLLE2_ADV_X1Y2       PLLE2_ADV (Prop_plle2_adv_CLKIN1_CLKOUT0)
                                                     -2.828    -1.904 r  DCM_INST/inst/plle2_adv_inst/CLKOUT0
                         net (fo=1, routed)           0.595    -1.309    DCM_INST/inst/clk_out1_DCM_PLL
    BUFGCTRL_X0Y0        BUFG (Prop_bufg_I_O)         0.029    -1.280 r  DCM_INST/inst/clkout1_buf/O
                         net (fo=99, routed)          0.893    -0.387    TMDS_inst/encode_blue/pixel_clk_IBUF_BUFG
    SLICE_X144Y148       FDSE                                         r  TMDS_inst/encode_blue/q_reg[2]/C

Slack:                    inf
  Source:                 reset
                            (input port)
  Destination:            TMDS_inst/encode_blue/q_reg[4]/S
                            (rising edge-triggered cell FDSE clocked by clk_out1_DCM_PLL  {rise@0.000ns fall@20.000ns period=40.000ns})
  Path Group:             (none)
  Path Type:              Hold (Min at Fast Process Corner)
  Data Path Delay:        3.823ns  (logic 0.274ns (7.178%)  route 3.549ns (92.822%))
  Logic Levels:           1  (IBUF=1)
  Clock Path Skew:        -0.387ns (DCD - SCD - CPR)
    Destination Clock Delay (DCD):    -0.387ns
    Source Clock Delay      (SCD):    0.000ns
    Clock Pessimism Removal (CPR):    -0.000ns

    Location             Delay type                Incr(ns)  Path(ns)    Netlist Resource(s)
  -------------------------------------------------------------------    -------------------
    B22                                               0.000     0.000 r  reset (IN)
                         net (fo=0)                   0.000     0.000    reset
    B22                  IBUF (Prop_ibuf_I_O)         0.274     0.274 r  reset_IBUF_inst/O
                         net (fo=31, routed)          3.549     3.823    TMDS_inst/encode_blue/reset_IBUF
    SLICE_X144Y148       FDSE                                         r  TMDS_inst/encode_blue/q_reg[4]/S
  -------------------------------------------------------------------    -------------------

                         (clock clk_out1_DCM_PLL rise edge)
                                                      0.000     0.000 r  
    R4                                                0.000     0.000 r  clk (IN)
                         net (fo=0)                   0.000     0.000    DCM_INST/inst/clk_in1
    R4                   IBUF (Prop_ibuf_I_O)         0.444     0.444 r  DCM_INST/inst/clkin1_ibufg/O
                         net (fo=1, routed)           0.481     0.925    DCM_INST/inst/clk_in1_DCM_PLL
    PLLE2_ADV_X1Y2       PLLE2_ADV (Prop_plle2_adv_CLKIN1_CLKOUT0)
                                                     -2.828    -1.904 r  DCM_INST/inst/plle2_adv_inst/CLKOUT0
                         net (fo=1, routed)           0.595    -1.309    DCM_INST/inst/clk_out1_DCM_PLL
    BUFGCTRL_X0Y0        BUFG (Prop_bufg_I_O)         0.029    -1.280 r  DCM_INST/inst/clkout1_buf/O
                         net (fo=99, routed)          0.893    -0.387    TMDS_inst/encode_blue/pixel_clk_IBUF_BUFG
    SLICE_X144Y148       FDSE                                         r  TMDS_inst/encode_blue/q_reg[4]/C

Slack:                    inf
  Source:                 reset
                            (input port)
  Destination:            TMDS_inst/encode_blue/q_reg[6]/S
                            (rising edge-triggered cell FDSE clocked by clk_out1_DCM_PLL  {rise@0.000ns fall@20.000ns period=40.000ns})
  Path Group:             (none)
  Path Type:              Hold (Min at Fast Process Corner)
  Data Path Delay:        3.823ns  (logic 0.274ns (7.178%)  route 3.549ns (92.822%))
  Logic Levels:           1  (IBUF=1)
  Clock Path Skew:        -0.387ns (DCD - SCD - CPR)
    Destination Clock Delay (DCD):    -0.387ns
    Source Clock Delay      (SCD):    0.000ns
    Clock Pessimism Removal (CPR):    -0.000ns

    Location             Delay type                Incr(ns)  Path(ns)    Netlist Resource(s)
  -------------------------------------------------------------------    -------------------
    B22                                               0.000     0.000 r  reset (IN)
                         net (fo=0)                   0.000     0.000    reset
    B22                  IBUF (Prop_ibuf_I_O)         0.274     0.274 r  reset_IBUF_inst/O
                         net (fo=31, routed)          3.549     3.823    TMDS_inst/encode_blue/reset_IBUF
    SLICE_X144Y148       FDSE                                         r  TMDS_inst/encode_blue/q_reg[6]/S
  -------------------------------------------------------------------    -------------------

                         (clock clk_out1_DCM_PLL rise edge)
                                                      0.000     0.000 r  
    R4                                                0.000     0.000 r  clk (IN)
                         net (fo=0)                   0.000     0.000    DCM_INST/inst/clk_in1
    R4                   IBUF (Prop_ibuf_I_O)         0.444     0.444 r  DCM_INST/inst/clkin1_ibufg/O
                         net (fo=1, routed)           0.481     0.925    DCM_INST/inst/clk_in1_DCM_PLL
    PLLE2_ADV_X1Y2       PLLE2_ADV (Prop_plle2_adv_CLKIN1_CLKOUT0)
                                                     -2.828    -1.904 r  DCM_INST/inst/plle2_adv_inst/CLKOUT0
                         net (fo=1, routed)           0.595    -1.309    DCM_INST/inst/clk_out1_DCM_PLL
    BUFGCTRL_X0Y0        BUFG (Prop_bufg_I_O)         0.029    -1.280 r  DCM_INST/inst/clkout1_buf/O
                         net (fo=99, routed)          0.893    -0.387    TMDS_inst/encode_blue/pixel_clk_IBUF_BUFG
    SLICE_X144Y148       FDSE                                         r  TMDS_inst/encode_blue/q_reg[6]/C

Slack:                    inf
  Source:                 reset
                            (input port)
  Destination:            TMDS_inst/encode_blue/q_reg[7]/S
                            (rising edge-triggered cell FDSE clocked by clk_out1_DCM_PLL  {rise@0.000ns fall@20.000ns period=40.000ns})
  Path Group:             (none)
  Path Type:              Hold (Min at Fast Process Corner)
  Data Path Delay:        3.823ns  (logic 0.274ns (7.178%)  route 3.549ns (92.822%))
  Logic Levels:           1  (IBUF=1)
  Clock Path Skew:        -0.387ns (DCD - SCD - CPR)
    Destination Clock Delay (DCD):    -0.387ns
    Source Clock Delay      (SCD):    0.000ns
    Clock Pessimism Removal (CPR):    -0.000ns

    Location             Delay type                Incr(ns)  Path(ns)    Netlist Resource(s)
  -------------------------------------------------------------------    -------------------
    B22                                               0.000     0.000 r  reset (IN)
                         net (fo=0)                   0.000     0.000    reset
    B22                  IBUF (Prop_ibuf_I_O)         0.274     0.274 r  reset_IBUF_inst/O
                         net (fo=31, routed)          3.549     3.823    TMDS_inst/encode_blue/reset_IBUF
    SLICE_X145Y148       FDSE                                         r  TMDS_inst/encode_blue/q_reg[7]/S
  -------------------------------------------------------------------    -------------------

                         (clock clk_out1_DCM_PLL rise edge)
                                                      0.000     0.000 r  
    R4                                                0.000     0.000 r  clk (IN)
                         net (fo=0)                   0.000     0.000    DCM_INST/inst/clk_in1
    R4                   IBUF (Prop_ibuf_I_O)         0.444     0.444 r  DCM_INST/inst/clkin1_ibufg/O
                         net (fo=1, routed)           0.481     0.925    DCM_INST/inst/clk_in1_DCM_PLL
    PLLE2_ADV_X1Y2       PLLE2_ADV (Prop_plle2_adv_CLKIN1_CLKOUT0)
                                                     -2.828    -1.904 r  DCM_INST/inst/plle2_adv_inst/CLKOUT0
                         net (fo=1, routed)           0.595    -1.309    DCM_INST/inst/clk_out1_DCM_PLL
    BUFGCTRL_X0Y0        BUFG (Prop_bufg_I_O)         0.029    -1.280 r  DCM_INST/inst/clkout1_buf/O
                         net (fo=99, routed)          0.893    -0.387    TMDS_inst/encode_blue/pixel_clk_IBUF_BUFG
    SLICE_X145Y148       FDSE                                         r  TMDS_inst/encode_blue/q_reg[7]/C





