$date
	Tue Apr 21 21:48:19 2026
$end
$version
	Icarus Verilog
$end
$timescale
	1ps
$end
$scope module dds_tb $end
$var wire 16 ! sample [15:0] $end
$var wire 1 " new_sample_ready $end
$var parameter 32 # delay $end
$var reg 1 $ clk $end
$var reg 22 % k [21:0] $end
$var reg 1 & reset $end
$var reg 1 ' sampling_pulse $end
$scope module dds_inst $end
$var wire 22 ( K [21:0] $end
$var wire 1 $ clk $end
$var wire 1 & reset $end
$var wire 1 ' sampling_pulse $end
$var wire 22 ) sum [21:0] $end
$var wire 16 * sample [15:0] $end
$var wire 11 + rom_addr [10:0] $end
$var wire 16 , raw_data [15:0] $end
$var wire 22 - raw_addr [21:0] $end
$var wire 1 " new_sample_ready $end
$var wire 16 . data [15:0] $end
$var wire 1 / area $end
$var parameter 32 0 n $end
$scope module u_DFF $end
$var wire 1 ' D $end
$var wire 1 1 EN $end
$var wire 1 2 R $end
$var wire 1 $ clk $end
$var parameter 32 3 n $end
$var reg 1 " Q $end
$upscope $end
$scope module u_DFF_addr $end
$var wire 1 ' EN $end
$var wire 1 & R $end
$var wire 1 $ clk $end
$var wire 22 4 D [21:0] $end
$var parameter 32 5 n $end
$var reg 22 6 Q [21:0] $end
$upscope $end
$scope module u_DFF_area $end
$var wire 1 7 D $end
$var wire 1 8 EN $end
$var wire 1 9 R $end
$var wire 1 $ clk $end
$var parameter 32 : n $end
$var reg 1 / Q $end
$upscope $end
$scope module u_DFF_sample $end
$var wire 1 ' EN $end
$var wire 1 ; R $end
$var wire 1 $ clk $end
$var wire 16 < D [15:0] $end
$var parameter 32 = n $end
$var reg 16 > Q [15:0] $end
$upscope $end
$scope module u_adder $end
$var wire 22 ? a [21:0] $end
$var wire 22 @ b [21:0] $end
$var wire 1 A ci $end
$var wire 22 B sum [21:0] $end
$var wire 1 C co $end
$var parameter 32 D n $end
$upscope $end
$scope module u_addr_process $end
$var wire 11 E raw_addr [10:0] $end
$var reg 11 F rom_addr [10:0] $end
$upscope $end
$scope module u_data_process $end
$var wire 1 / area $end
$var wire 16 G dout [15:0] $end
$var wire 16 H din [15:0] $end
$upscope $end
$scope module u_sine_rom $end
$var wire 10 I addr [9:0] $end
$var wire 1 $ clk $end
$var reg 16 J dout [15:0] $end
$upscope $end
$upscope $end
$upscope $end
$enddefinitions $end
$comment Show the parameter values. $end
$dumpall
b10110 D
b10000 =
b1 :
b10110 5
b1 3
b10110 0
b1010 #
$end
#0
$dumpvars
bx J
bx I
bx H
bx G
bx F
bx E
xC
bx B
0A
bx @
b1110100101101000 ?
bx >
bx <
0;
09
18
x7
bx 6
bx 4
02
11
x/
bx .
bx -
bx ,
bx +
bx *
bx )
b1110100101101000 (
0'
1&
b1110100101101000 %
0$
x"
bx !
$end
#5000
b0 I
b0 +
b0 F
b1110100101101000 )
b1110100101101000 4
b1110100101101000 B
0C
b0 E
07
b0 -
b0 6
b0 @
0"
1$
#10000
0$
#15000
0/
b0 .
b0 <
b0 G
b0 ,
b0 H
b0 J
1$
#16000
0&
#20000
0$
#25000
1$
#30000
0$
#35000
1$
#40000
0$
#45000
1$
#50000
0$
#55000
1$
#60000
0$
#65000
1$
#66000
1'
#70000
0$
#75000
b111010 I
b111010 +
b111010 F
b11101001011010000 )
b11101001011010000 4
b11101001011010000 B
b111010 E
1"
b0 !
b0 *
b0 >
b1110100101101000 -
b1110100101101000 6
b1110100101101000 @
1$
#76000
0'
#80000
0$
#85000
0"
b101101011111 .
b101101011111 <
b101101011111 G
b101101011111 ,
b101101011111 H
b101101011111 J
1$
#90000
0$
#95000
1$
#100000
0$
#105000
1$
#110000
0$
#115000
1$
#120000
0$
#125000
1$
#126000
1'
#130000
0$
#135000
b1110100 I
b1110100 +
b1110100 F
b101011110000111000 )
b101011110000111000 4
b101011110000111000 B
b1110100 E
1"
b101101011111 !
b101101011111 *
b101101011111 >
b11101001011010000 -
b11101001011010000 6
b11101001011010000 @
1$
#136000
0'
#140000
0$
#145000
0"
b1011010101000 .
b1011010101000 <
b1011010101000 G
b1011010101000 ,
b1011010101000 H
b1011010101000 J
1$
#150000
0$
#155000
1$
#160000
0$
#165000
1$
#170000
0$
#175000
1$
#180000
0$
#185000
1$
#186000
1'
#190000
0$
#195000
b10101111 I
b10101111 +
b10101111 F
b111010010110100000 )
b111010010110100000 4
b111010010110100000 B
b10101111 E
1"
b1011010101000 !
b1011010101000 *
b1011010101000 >
b101011110000111000 -
b101011110000111000 6
b101011110000111000 @
1$
#196000
0'
#200000
0$
#205000
0"
b10000111110011 .
b10000111110011 <
b10000111110011 G
b10000111110011 ,
b10000111110011 H
b10000111110011 J
1$
#210000
0$
#215000
1$
#220000
0$
#225000
1$
#230000
0$
#235000
1$
#240000
0$
#245000
1$
#246000
1'
#250000
0$
#255000
b11101001 I
b11101001 +
b11101001 F
b1001000111100001000 )
b1001000111100001000 4
b1001000111100001000 B
b11101001 E
1"
b10000111110011 !
b10000111110011 *
b10000111110011 >
b111010010110100000 -
b111010010110100000 6
b111010010110100000 @
1$
#256000
0'
#260000
0$
#265000
0"
b10110011001000 .
b10110011001000 <
b10110011001000 G
b10110011001000 ,
b10110011001000 H
b10110011001000 J
1$
#270000
0$
#275000
1$
#280000
0$
#285000
1$
#290000
0$
#295000
1$
#300000
0$
#305000
1$
#306000
1'
#310000
0$
#315000
b100100011 I
b100100011 +
b100100011 F
b1010111100001110000 )
b1010111100001110000 4
b1010111100001110000 B
b100100011 E
1"
b10110011001000 !
b10110011001000 *
b10110011001000 >
b1001000111100001000 -
b1001000111100001000 6
b1001000111100001000 @
1$
#316000
0'
#320000
0$
#325000
0"
b11011101000010 .
b11011101000010 <
b11011101000010 G
b11011101000010 ,
b11011101000010 H
b11011101000010 J
1$
#330000
0$
#335000
1$
#340000
0$
#345000
1$
#350000
0$
#355000
1$
#360000
0$
#365000
1$
#366000
1'
#370000
0$
#375000
b101011110 I
b101011110 +
b101011110 F
b1100110000111011000 )
b1100110000111011000 4
b1100110000111011000 B
b101011110 E
1"
b11011101000010 !
b11011101000010 *
b11011101000010 >
b1010111100001110000 -
b1010111100001110000 6
b1010111100001110000 @
1$
#376000
0'
#380000
0$
#385000
0"
b100000101110111 .
b100000101110111 <
b100000101110111 G
b100000101110111 ,
b100000101110111 H
b100000101110111 J
1$
#390000
0$
#395000
1$
#400000
0$
#405000
1$
#410000
0$
#415000
1$
#420000
0$
#425000
1$
#426000
1'
#430000
0$
#435000
b110011000 I
b110011000 +
b110011000 F
b1110100101101000000 )
b1110100101101000000 4
b1110100101101000000 B
b110011000 E
1"
b100000101110111 !
b100000101110111 *
b100000101110111 >
b1100110000111011000 -
b1100110000111011000 6
b1100110000111011000 @
1$
#436000
0'
#440000
0$
#445000
0"
b100101011111011 .
b100101011111011 <
b100101011111011 G
b100101011111011 ,
b100101011111011 H
b100101011111011 J
1$
#450000
0$
#455000
1$
#460000
0$
#465000
1$
#470000
0$
#475000
1$
#480000
0$
#485000
1$
#486000
1'
#490000
0$
#495000
b111010010 I
b111010010 +
b111010010 F
b10000011010010101000 )
b10000011010010101000 4
b10000011010010101000 B
b111010010 E
1"
b100101011111011 !
b100101011111011 *
b100101011111011 >
b1110100101101000000 -
b1110100101101000000 6
b1110100101101000000 @
1$
#496000
0'
#500000
0$
#505000
0"
b101001111100111 .
b101001111100111 <
b101001111100111 G
b101001111100111 ,
b101001111100111 H
b101001111100111 J
1$
#510000
0$
#515000
1$
#520000
0$
#525000
1$
#530000
0$
#535000
1$
#540000
0$
#545000
1$
#546000
1'
#550000
0$
#555000
b1000001101 I
b1000001101 +
b1000001101 F
b10010001111000010000 )
b10010001111000010000 4
b10010001111000010000 B
b1000001101 E
1"
b101001111100111 !
b101001111100111 *
b101001111100111 >
b10000011010010101000 -
b10000011010010101000 6
b10000011010010101000 @
1$
#556000
0'
#560000
0$
#565000
0"
b101110001001011 .
b101110001001011 <
b101110001001011 G
b101110001001011 ,
b101110001001011 H
b101110001001011 J
1$
#570000
0$
#575000
1$
#580000
0$
#585000
1$
#590000
0$
#595000
1$
#600000
0$
#605000
1$
#606000
1'
#610000
0$
#615000
b1001000111 I
b1001000111 +
b1001000111 F
b10100000011101111000 )
b10100000011101111000 4
b10100000011101111000 B
b1001000111 E
1"
b101110001001011 !
b101110001001011 *
b101110001001011 >
b10010001111000010000 -
b10010001111000010000 6
b10010001111000010000 @
1$
#616000
0'
#620000
0$
#625000
0"
b110001111001111 .
b110001111001111 <
b110001111001111 G
b110001111001111 ,
b110001111001111 H
b110001111001111 J
1$
#630000
0$
#635000
1$
#640000
0$
#645000
1$
#650000
0$
#655000
1$
#660000
0$
#665000
1$
#666000
1'
#670000
0$
#675000
b1010000001 I
b1010000001 +
b1010000001 F
b10101111000011100000 )
b10101111000011100000 4
b10101111000011100000 B
b1010000001 E
1"
b110001111001111 !
b110001111001111 *
b110001111001111 >
b10100000011101111000 -
b10100000011101111000 6
b10100000011101111000 @
1$
#676000
0'
#680000
0$
#685000
0"
b110101010001001 .
b110101010001001 <
b110101010001001 G
b110101010001001 ,
b110101010001001 H
b110101010001001 J
1$
#690000
0$
#695000
1$
#700000
0$
#705000
1$
#710000
0$
#715000
1$
#720000
0$
#725000
1$
#726000
1'
#730000
0$
#735000
b1010111100 I
b1010111100 +
b1010111100 F
b10111101101001001000 )
b10111101101001001000 4
b10111101101001001000 B
b1010111100 E
1"
b110101010001001 !
b110101010001001 *
b110101010001001 >
b10101111000011100000 -
b10101111000011100000 6
b10101111000011100000 @
1$
#736000
0'
#740000
0$
#745000
0"
b111000010000011 .
b111000010000011 <
b111000010000011 G
b111000010000011 ,
b111000010000011 H
b111000010000011 J
1$
#750000
0$
#755000
1$
#760000
0$
#765000
1$
#770000
0$
#775000
1$
#780000
0$
#785000
1$
#786000
1'
#790000
0$
#795000
b1011110110 I
b1011110110 +
b1011110110 F
b11001100001110110000 )
b11001100001110110000 4
b11001100001110110000 B
b1011110110 E
1"
b111000010000011 !
b111000010000011 *
b111000010000011 >
b10111101101001001000 -
b10111101101001001000 6
b10111101101001001000 @
1$
#796000
0'
#800000
0$
#805000
0"
b111010101111101 .
b111010101111101 <
b111010101111101 G
b111010101111101 ,
b111010101111101 H
b111010101111101 J
1$
#810000
0$
#815000
1$
#820000
0$
#825000
1$
#830000
0$
#835000
1$
#840000
0$
#845000
1$
#846000
1'
#850000
0$
#855000
b1100110000 I
b1100110000 +
b1100110000 F
b11011010110100011000 )
b11011010110100011000 4
b11011010110100011000 B
b1100110000 E
1"
b111010101111101 !
b111010101111101 *
b111010101111101 >
b11001100001110110000 -
b11001100001110110000 6
b11001100001110110000 @
1$
#856000
0'
#860000
0$
#865000
0"
b111100110001001 .
b111100110001001 <
b111100110001001 G
b111100110001001 ,
b111100110001001 H
b111100110001001 J
1$
#870000
0$
#875000
1$
#880000
0$
#885000
1$
#890000
0$
#895000
1$
#900000
0$
#905000
1$
#906000
1'
#910000
0$
#915000
b1101101011 I
b1101101011 +
b1101101011 F
b11101001011010000000 )
b11101001011010000000 4
b11101001011010000000 B
b1101101011 E
1"
b111100110001001 !
b111100110001001 *
b111100110001001 >
b11011010110100011000 -
b11011010110100011000 6
b11011010110100011000 @
1$
#916000
0'
#920000
0$
#925000
0"
b111110010101011 .
b111110010101011 <
b111110010101011 G
b111110010101011 ,
b111110010101011 H
b111110010101011 J
1$
#930000
0$
#935000
1$
#940000
0$
#945000
1$
#950000
0$
#955000
1$
#960000
0$
#965000
1$
#966000
1'
#970000
0$
#975000
b1110100101 I
b1110100101 +
b1110100101 F
b11110111111111101000 )
b11110111111111101000 4
b11110111111111101000 B
b1110100101 E
1"
b111110010101011 !
b111110010101011 *
b111110010101011 >
b11101001011010000000 -
b11101001011010000000 6
b11101001011010000000 @
1$
#976000
0'
#980000
0$
#985000
0"
b111111011000000 .
b111111011000000 <
b111111011000000 G
b111111011000000 ,
b111111011000000 H
b111111011000000 J
1$
#990000
0$
#995000
1$
#1000000
0$
#1005000
1$
#1010000
0$
#1015000
1$
#1020000
0$
#1025000
1$
#1026000
1'
#1030000
0$
#1035000
b1111011111 I
b1111011111 +
b1111011111 F
b100000110100101010000 )
b100000110100101010000 4
b100000110100101010000 B
b1111011111 E
1"
b111111011000000 !
b111111011000000 *
b111111011000000 >
b11110111111111101000 -
b11110111111111101000 6
b11110111111111101000 @
1$
#1036000
0'
#1040000
0$
#1045000
0"
b111111111010101 .
b111111111010101 <
b111111111010101 G
b111111111010101 ,
b111111111010101 H
b111111111010101 J
1$
#1050000
0$
#1055000
1$
#1060000
0$
#1065000
1$
#1070000
0$
#1075000
1$
#1080000
0$
#1085000
1$
#1086000
1'
#1090000
0$
#1095000
b1111100110 I
b11111100110 +
b11111100110 F
b100010101001010111000 )
b100010101001010111000 4
b100010101001010111000 B
b10000011010 E
1"
b111111111010101 !
b111111111010101 *
b111111111010101 >
b100000110100101010000 -
b100000110100101010000 6
b100000110100101010000 @
1$
#1096000
0'
#1100000
0$
#1105000
0"
b111111111100101 .
b111111111100101 <
b111111111100101 G
b111111111100101 ,
b111111111100101 H
b111111111100101 J
1$
#1110000
0$
#1115000
1$
#1120000
0$
#1125000
1$
#1130000
0$
#1135000
1$
#1140000
0$
#1145000
1$
#1146000
1'
#1150000
0$
#1155000
b1110101100 I
b11110101100 +
b11110101100 F
b100100011110000100000 )
b100100011110000100000 4
b100100011110000100000 B
b10001010100 E
1"
b111111111100101 !
b111111111100101 *
b111111111100101 >
b100010101001010111000 -
b100010101001010111000 6
b100010101001010111000 @
1$
#1156000
0'
#1160000
0$
#1165000
0"
b111111011101111 .
b111111011101111 <
b111111011101111 G
b111111011101111 ,
b111111011101111 H
b111111011101111 J
1$
#1170000
0$
#1175000
1$
#1180000
0$
#1185000
1$
#1190000
0$
#1195000
1$
#1200000
0$
#1205000
1$
#1206000
1'
#1210000
0$
#1215000
b1101110001 I
b11101110001 +
b11101110001 F
b100110010010110001000 )
b100110010010110001000 4
b100110010010110001000 B
b10010001111 E
1"
b111111011101111 !
b111111011101111 *
b111111011101111 >
b100100011110000100000 -
b100100011110000100000 6
b100100011110000100000 @
1$
#1216000
0'
#1220000
0$
#1225000
0"
b111110011101110 .
b111110011101110 <
b111110011101110 G
b111110011101110 ,
b111110011101110 H
b111110011101110 J
1$
#1230000
0$
#1235000
1$
#1240000
0$
#1245000
1$
#1250000
0$
#1255000
1$
#1260000
0$
#1265000
1$
#1266000
1'
#1270000
0$
#1275000
b1100110111 I
b11100110111 +
b11100110111 F
b101000000111011110000 )
b101000000111011110000 4
b101000000111011110000 B
b10011001001 E
1"
b111110011101110 !
b111110011101110 *
b111110011101110 >
b100110010010110001000 -
b100110010010110001000 6
b100110010010110001000 @
1$
#1276000
0'
#1280000
0$
#1285000
0"
b111100111110110 .
b111100111110110 <
b111100111110110 G
b111100111110110 ,
b111100111110110 H
b111100111110110 J
1$
#1290000
0$
#1295000
1$
#1300000
0$
#1305000
1$
#1310000
0$
#1315000
1$
#1320000
0$
#1325000
1$
#1326000
1'
#1330000
0$
#1335000
b1011111101 I
b11011111101 +
b11011111101 F
b101001111100001011000 )
b101001111100001011000 4
b101001111100001011000 B
b10100000011 E
1"
b111100111110110 !
b111100111110110 *
b111100111110110 >
b101000000111011110000 -
b101000000111011110000 6
b101000000111011110000 @
1$
#1336000
0'
#1340000
0$
#1345000
0"
b111011000000111 .
b111011000000111 <
b111011000000111 G
b111011000000111 ,
b111011000000111 H
b111011000000111 J
1$
#1350000
0$
#1355000
1$
#1360000
0$
#1365000
1$
#1370000
0$
#1375000
1$
#1380000
0$
#1385000
1$
#1386000
1'
#1390000
0$
#1395000
b1011000010 I
b11011000010 +
b11011000010 F
b101011110000111000000 )
b101011110000111000000 4
b101011110000111000000 B
b10100111110 E
1"
b111011000000111 !
b111011000000111 *
b111011000000111 >
b101001111100001011000 -
b101001111100001011000 6
b101001111100001011000 @
1$
#1396000
0'
#1400000
0$
#1405000
0"
b111000100010001 .
b111000100010001 <
b111000100010001 G
b111000100010001 ,
b111000100010001 H
b111000100010001 J
1$
#1410000
0$
#1415000
1$
#1420000
0$
#1425000
1$
#1430000
0$
#1435000
1$
#1440000
0$
#1445000
1$
#1446000
1'
#1450000
0$
#1455000
b1010001000 I
b11010001000 +
b11010001000 F
b101101100101100101000 )
b101101100101100101000 4
b101101100101100101000 B
b10101111000 E
1"
b111000100010001 !
b111000100010001 *
b111000100010001 >
b101011110000111000000 -
b101011110000111000000 6
b101011110000111000000 @
1$
#1456000
0'
#1460000
0$
#1465000
0"
b110101101001010 .
b110101101001010 <
b110101101001010 G
b110101101001010 ,
b110101101001010 H
b110101101001010 J
1$
#1470000
0$
#1475000
1$
#1480000
0$
#1485000
1$
#1490000
0$
#1495000
1$
#1500000
0$
#1505000
1$
#1506000
1'
#1510000
0$
#1515000
b1001001110 I
b11001001110 +
b11001001110 F
b101111011010010010000 )
b101111011010010010000 4
b101111011010010010000 B
b10110110010 E
1"
b110101101001010 !
b110101101001010 *
b110101101001010 >
b101101100101100101000 -
b101101100101100101000 6
b101101100101100101000 @
1$
#1516000
0'
#1520000
0$
#1525000
0"
b110010010101010 .
b110010010101010 <
b110010010101010 G
b110010010101010 ,
b110010010101010 H
b110010010101010 J
1$
#1530000
0$
#1535000
1$
#1540000
0$
#1545000
1$
#1550000
0$
#1555000
1$
#1560000
0$
#1565000
1$
#1566000
1'
#1570000
0$
#1575000
b1000010011 I
b11000010011 +
b11000010011 F
b110001001110111111000 )
b110001001110111111000 4
b110001001110111111000 B
b10111101101 E
1"
b110010010101010 !
b110010010101010 *
b110010010101010 >
b101111011010010010000 -
b101111011010010010000 6
b101111011010010010000 @
1$
#1576000
0'
#1580000
0$
#1585000
0"
b101110100011011 .
b101110100011011 <
b101110100011011 G
b101110100011011 ,
b101110100011011 H
b101110100011011 J
1$
#1590000
0$
#1595000
1$
#1600000
0$
#1605000
1$
#1610000
0$
#1615000
1$
#1620000
0$
#1625000
1$
#1626000
1'
#1630000
0$
#1635000
b111011001 I
b10111011001 +
b10111011001 F
b110011000011101100000 )
b110011000011101100000 4
b110011000011101100000 B
b11000100111 E
1"
b101110100011011 !
b101110100011011 *
b101110100011011 >
b110001001110111111000 -
b110001001110111111000 6
b110001001110111111000 @
1$
#1636000
0'
#1640000
0$
#1645000
0"
b101010011101111 .
b101010011101111 <
b101010011101111 G
b101010011101111 ,
b101010011101111 H
b101010011101111 J
1$
#1650000
0$
#1655000
1$
#1660000
0$
#1665000
1$
#1670000
0$
#1675000
1$
#1680000
0$
#1685000
1$
#1686000
1'
#1690000
0$
#1695000
b110011111 I
b10110011111 +
b10110011111 F
b110100111000011001000 )
b110100111000011001000 4
b110100111000011001000 B
b11001100001 E
1"
b101010011101111 !
b101010011101111 *
b101010011101111 >
b110011000011101100000 -
b110011000011101100000 6
b110011000011101100000 @
1$
#1696000
0'
#1700000
0$
#1705000
0"
b100110000010111 .
b100110000010111 <
b100110000010111 G
b100110000010111 ,
b100110000010111 H
b100110000010111 J
1$
#1710000
0$
#1715000
1$
#1720000
0$
#1725000
1$
#1730000
0$
#1735000
1$
#1740000
0$
#1745000
1$
#1746000
1'
#1750000
0$
#1755000
b101100100 I
b10101100100 +
b10101100100 F
b110110101101000110000 )
b110110101101000110000 4
b110110101101000110000 B
b11010011100 E
1"
b100110000010111 !
b100110000010111 *
b100110000010111 >
b110100111000011001000 -
b110100111000011001000 6
b110100111000011001000 @
1$
#1756000
0'
#1760000
0$
#1765000
0"
b100001001111010 .
b100001001111010 <
b100001001111010 G
b100001001111010 ,
b100001001111010 H
b100001001111010 J
1$
#1770000
0$
#1775000
1$
#1780000
0$
#1785000
1$
#1790000
0$
#1795000
1$
#1800000
0$
#1805000
1$
#1806000
1'
#1810000
0$
#1815000
b100101010 I
b10100101010 +
b10100101010 F
b111000100001110011000 )
b111000100001110011000 4
b111000100001110011000 B
b11011010110 E
1"
b100001001111010 !
b100001001111010 *
b100001001111010 >
b110110101101000110000 -
b110110101101000110000 6
b110110101101000110000 @
1$
#1816000
0'
#1820000
0$
#1825000
0"
b11100001111110 .
b11100001111110 <
b11100001111110 G
b11100001111110 ,
b11100001111110 H
b11100001111110 J
1$
#1830000
0$
#1835000
1$
#1840000
0$
#1845000
1$
#1850000
0$
#1855000
1$
#1860000
0$
#1865000
1$
#1866000
1'
#1870000
0$
#1875000
b11110000 I
b10011110000 +
b10011110000 F
b111010010110100000000 )
b111010010110100000000 4
b111010010110100000000 B
b11100010000 E
1"
b11100001111110 !
b11100001111110 *
b11100001111110 >
b111000100001110011000 -
b111000100001110011000 6
b111000100001110011000 @
1$
#1876000
0'
#1880000
0$
#1885000
0"
b10111000010001 .
b10111000010001 <
b10111000010001 G
b10111000010001 ,
b10111000010001 H
b10111000010001 J
1$
#1890000
0$
#1895000
1$
#1900000
0$
#1905000
1$
#1910000
0$
#1915000
1$
#1920000
0$
#1925000
1$
#1926000
1'
#1930000
0$
#1935000
b10110101 I
b10010110101 +
b10010110101 F
b111100001011001101000 )
b111100001011001101000 4
b111100001011001101000 B
b11101001011 E
1"
b10111000010001 !
b10111000010001 *
b10111000010001 >
b111010010110100000000 -
b111010010110100000000 6
b111010010110100000000 @
1$
#1936000
0'
#1940000
0$
#1945000
0"
b10001100010101 .
b10001100010101 <
b10001100010101 G
b10001100010101 ,
b10001100010101 H
b10001100010101 J
1$
#1950000
0$
#1955000
1$
#1960000
0$
#1965000
1$
#1970000
0$
#1975000
1$
#1980000
0$
#1985000
1$
#1986000
1'
#1990000
0$
#1995000
b1111011 I
b10001111011 +
b10001111011 F
b111101111111111010000 )
b111101111111111010000 4
b111101111111111010000 B
b11110000101 E
1"
b10001100010101 !
b10001100010101 *
b10001100010101 >
b111100001011001101000 -
b111100001011001101000 6
b111100001011001101000 @
1$
#1996000
0'
#2000000
0$
#2005000
0"
b1100000000010 .
b1100000000010 <
b1100000000010 G
b1100000000010 ,
b1100000000010 H
b1100000000010 J
1$
#2010000
0$
#2015000
1$
#2020000
0$
#2025000
1$
#2030000
0$
#2035000
1$
#2040000
0$
#2045000
1$
#2046000
1'
#2050000
0$
#2055000
b1000001 I
b10001000001 +
b10001000001 F
b111111110100100111000 )
b111111110100100111000 4
b111111110100100111000 B
b11110111111 E
1"
b1100000000010 !
b1100000000010 *
b1100000000010 >
b111101111111111010000 -
b111101111111111010000 6
b111101111111111010000 @
1$
#2056000
0'
#2060000
0$
#2065000
0"
b110010111110 .
b110010111110 <
b110010111110 G
b110010111110 ,
b110010111110 H
b110010111110 J
1$
#2070000
0$
#2075000
1$
#2080000
0$
#2085000
1$
#2090000
0$
#2095000
1$
#2100000
0$
#2105000
1$
#2106000
1'
#2110000
0$
#2115000
b110 I
b10000000110 +
b10000000110 F
b1000001101001010100000 )
b1000001101001010100000 4
b1000001101001010100000 B
b11111111010 E
1"
b110010111110 !
b110010111110 *
b110010111110 >
b111111110100100111000 -
b111111110100100111000 6
b111111110100100111000 @
1$
#2116000
0'
#2120000
0$
#2125000
0"
b100101110 .
b100101110 <
b100101110 G
b100101110 ,
b100101110 H
b100101110 J
1$
#2130000
0$
#2135000
1$
#2140000
0$
#2145000
1$
#2150000
0$
#2155000
1$
#2160000
0$
#2165000
1$
#2166000
1'
#2170000
0$
#2175000
b110100 I
b110100 +
b110100 F
b1000011011110000001000 )
b1000011011110000001000 4
b1000011011110000001000 B
b110100 E
17
1"
b100101110 !
b100101110 *
b100101110 >
b1000001101001010100000 -
b1000001101001010100000 6
b1000001101001010100000 @
1$
#2176000
0'
#2180000
0$
#2185000
1/
0"
b1111010111001101 .
b1111010111001101 <
b1111010111001101 G
b101000110011 ,
b101000110011 H
b101000110011 J
1$
#2190000
0$
#2195000
1$
#2200000
0$
#2205000
1$
#2210000
0$
#2215000
1$
#2220000
0$
#2225000
1$
#2226000
1'
#2230000
0$
#2235000
b1101111 I
b1101111 +
b1101111 F
b1000101010010101110000 )
b1000101010010101110000 4
b1000101010010101110000 B
b1101111 E
1"
b1111010111001101 !
b1111010111001101 *
b1111010111001101 >
b1000011011110000001000 -
b1000011011110000001000 6
b1000011011110000001000 @
1$
#2236000
0'
#2240000
0$
#2245000
0"
b1110101001010000 .
b1110101001010000 <
b1110101001010000 G
b1010110110000 ,
b1010110110000 H
b1010110110000 J
1$
#2250000
0$
#2255000
1$
#2260000
0$
#2265000
1$
#2270000
0$
#2275000
1$
#2280000
0$
#2285000
1$
#2286000
1'
#2290000
0$
#2295000
b10101001 I
b10101001 +
b10101001 F
b1000111000111011011000 )
b1000111000111011011000 4
b1000111000111011011000 B
b10101001 E
1"
b1110101001010000 !
b1110101001010000 *
b1110101001010000 >
b1000101010010101110000 -
b1000101010010101110000 6
b1000101010010101110000 @
1$
#2296000
0'
#2300000
0$
#2305000
0"
b1101111100110000 .
b1101111100110000 <
b1101111100110000 G
b10000011010000 ,
b10000011010000 H
b10000011010000 J
1$
#2310000
0$
#2315000
1$
#2320000
0$
#2325000
1$
#2330000
0$
#2335000
1$
#2340000
0$
#2345000
1$
#2346000
1'
#2350000
0$
#2355000
b11100011 I
b11100011 +
b11100011 F
b1001000111100001000000 )
b1001000111100001000000 4
b1001000111100001000000 B
b11100011 E
1"
b1101111100110000 !
b1101111100110000 *
b1101111100110000 >
b1000111000111011011000 -
b1000111000111011011000 6
b1000111000111011011000 @
1$
#2356000
0'
#2360000
0$
#2365000
0"
b1101010001010011 .
b1101010001010011 <
b1101010001010011 G
b10101110101101 ,
b10101110101101 H
b10101110101101 J
1$
#2370000
0$
#2375000
1$
#2380000
0$
#2385000
1$
#2390000
0$
#2395000
1$
#2400000
0$
#2405000
1$
#2406000
1'
#2410000
0$
#2415000
b100011110 I
b100011110 +
b100011110 F
b1001010110000110101000 )
b1001010110000110101000 4
b1001010110000110101000 B
b100011110 E
1"
b1101010001010011 !
b1101010001010011 *
b1101010001010011 >
b1001000111100001000000 -
b1001000111100001000000 6
b1001000111100001000000 @
1$
#2416000
0'
#2420000
0$
#2425000
0"
b1100100110100001 .
b1100100110100001 <
b1100100110100001 G
b11011001011111 ,
b11011001011111 H
b11011001011111 J
1$
#2430000
0$
#2435000
1$
#2440000
0$
#2445000
1$
#2450000
0$
#2455000
1$
#2460000
0$
#2465000
1$
#2466000
1'
#2470000
0$
#2475000
b101011000 I
b101011000 +
b101011000 F
b1001100100101100010000 )
b1001100100101100010000 4
b1001100100101100010000 B
b101011000 E
1"
b1100100110100001 !
b1100100110100001 *
b1100100110100001 >
b1001010110000110101000 -
b1001010110000110101000 6
b1001010110000110101000 @
1$
#2476000
0'
#2480000
0$
#2485000
0"
b1011111110001101 .
b1011111110001101 <
b1011111110001101 G
b100000001110011 ,
b100000001110011 H
b100000001110011 J
1$
#2490000
0$
#2495000
1$
#2500000
0$
#2505000
1$
#2510000
0$
#2515000
1$
#2520000
0$
#2525000
1$
#2526000
1'
#2530000
0$
#2535000
b110010010 I
b110010010 +
b110010010 F
b1001110011010001111000 )
b1001110011010001111000 4
b1001110011010001111000 B
b110010010 E
1"
b1011111110001101 !
b1011111110001101 *
b1011111110001101 >
b1001100100101100010000 -
b1001100100101100010000 6
b1001100100101100010000 @
1$
#2536000
0'
#2540000
0$
#2545000
0"
b1011010111111010 .
b1011010111111010 <
b1011010111111010 G
b100101000000110 ,
b100101000000110 H
b100101000000110 J
1$
#2550000
0$
#2555000
1$
#2560000
0$
#2565000
1$
#2570000
0$
#2575000
1$
#2580000
0$
#2585000
1$
#2586000
1'
#2590000
0$
#2595000
b111001101 I
b111001101 +
b111001101 F
b1010000001110111100000 )
b1010000001110111100000 4
b1010000001110111100000 B
b111001101 E
1"
b1011010111111010 !
b1011010111111010 *
b1011010111111010 >
b1001110011010001111000 -
b1001110011010001111000 6
b1001110011010001111000 @
1$
#2596000
0'
#2600000
0$
#2605000
0"
b1010110011011000 .
b1010110011011000 <
b1010110011011000 G
b101001100101000 ,
b101001100101000 H
b101001100101000 J
1$
#2610000
0$
#2615000
1$
#2620000
0$
#2625000
1$
#2630000
0$
#2635000
1$
#2640000
0$
#2645000
1$
#2646000
1'
#2650000
0$
#2655000
b1000000111 I
b1000000111 +
b1000000111 F
b1010010000011101001000 )
b1010010000011101001000 4
b1010010000011101001000 B
b1000000111 E
1"
b1010110011011000 !
b1010110011011000 *
b1010110011011000 >
b1010000001110111100000 -
b1010000001110111100000 6
b1010000001110111100000 @
1$
#2656000
0'
#2660000
0$
#2665000
0"
b1010010010000111 .
b1010010010000111 <
b1010010010000111 G
b101101101111001 ,
b101101101111001 H
b101101101111001 J
1$
#2670000
0$
#2675000
1$
#2680000
0$
#2685000
1$
#2690000
0$
#2695000
1$
#2700000
0$
#2705000
1$
#2706000
1'
#2710000
0$
#2715000
b1001000001 I
b1001000001 +
b1001000001 F
b1010011111000010110000 )
b1010011111000010110000 4
b1010011111000010110000 B
b1001000001 E
1"
b1010010010000111 !
b1010010010000111 *
b1010010010000111 >
b1010010000011101001000 -
b1010010000011101001000 6
b1010010000011101001000 @
1$
#2716000
0'
#2720000
0$
#2725000
0"
b1001110011101111 .
b1001110011101111 <
b1001110011101111 G
b110001100010001 ,
b110001100010001 H
b110001100010001 J
1$
#2730000
0$
#2735000
1$
#2740000
0$
#2745000
1$
#2750000
0$
#2755000
1$
#2760000
0$
#2765000
1$
#2766000
1'
#2770000
0$
#2775000
b1001111100 I
b1001111100 +
b1001111100 F
b1010101101101000011000 )
b1010101101101000011000 4
b1010101101101000011000 B
b1001111100 E
1"
b1001110011101111 !
b1001110011101111 *
b1001110011101111 >
b1010011111000010110000 -
b1010011111000010110000 6
b1010011111000010110000 @
1$
#2776000
0'
#2780000
0$
#2785000
0"
b1001011000000011 .
b1001011000000011 <
b1001011000000011 G
b110100111111101 ,
b110100111111101 H
b110100111111101 J
1$
#2790000
0$
#2795000
1$
#2800000
0$
#2805000
1$
#2810000
0$
#2815000
1$
#2820000
0$
#2825000
1$
#2826000
1'
#2830000
0$
#2835000
b1010110110 I
b1010110110 +
b1010110110 F
b1010111100001110000000 )
b1010111100001110000000 4
b1010111100001110000000 B
b1010110110 E
1"
b1001011000000011 !
b1001011000000011 *
b1001011000000011 >
b1010101101101000011000 -
b1010101101101000011000 6
b1010101101101000011000 @
1$
#2836000
0'
#2840000
0$
#2845000
0"
b1001000000001110 .
b1001000000001110 <
b1001000000001110 G
b110111111110010 ,
b110111111110010 H
b110111111110010 J
1$
#2850000
0$
#2855000
1$
#2860000
0$
#2865000
1$
#2870000
0$
#2875000
1$
#2880000
0$
#2885000
1$
#2886000
1'
#2890000
0$
#2895000
b1011110000 I
b1011110000 +
b1011110000 F
b1011001010110011101000 )
b1011001010110011101000 4
b1011001010110011101000 B
b1011110000 E
1"
b1001000000001110 !
b1001000000001110 *
b1001000000001110 >
b1010111100001110000000 -
b1010111100001110000000 6
b1010111100001110000000 @
1$
#2896000
0'
#2900000
0$
#2905000
0"
b1000101011111100 .
b1000101011111100 <
b1000101011111100 G
b111010100000100 ,
b111010100000100 H
b111010100000100 J
1$
#2910000
0$
#2915000
1$
#2920000
0$
#2925000
1$
#2930000
0$
#2935000
1$
#2940000
0$
#2945000
1$
#2946000
1'
#2950000
0$
#2955000
b1100101011 I
b1100101011 +
b1100101011 F
b1011011001011001010000 )
b1011011001011001010000 4
b1011011001011001010000 B
b1100101011 E
1"
b1000101011111100 !
b1000101011111100 *
b1000101011111100 >
b1011001010110011101000 -
b1011001010110011101000 6
b1011001010110011101000 @
1$
#2956000
0'
#2960000
0$
#2965000
0"
b1000011011000111 .
b1000011011000111 <
b1000011011000111 G
b111100100111001 ,
b111100100111001 H
b111100100111001 J
1$
#2970000
0$
#2975000
1$
#2980000
0$
#2985000
1$
#2990000
0$
#2995000
1$
#3000000
0$
#3005000
1$
#3006000
1'
#3010000
0$
#3015000
b1101100101 I
b1101100101 +
b1101100101 F
b1011100111111110111000 )
b1011100111111110111000 4
b1011100111111110111000 B
b1101100101 E
1"
b1000011011000111 !
b1000011011000111 *
b1000011011000111 >
b1011011001011001010000 -
b1011011001011001010000 6
b1011011001011001010000 @
1$
#3016000
0'
#3020000
0$
#3025000
0"
b1000001110011011 .
b1000001110011011 <
b1000001110011011 G
b111110001100101 ,
b111110001100101 H
b111110001100101 J
1$
#3030000
0$
#3035000
1$
#3040000
0$
#3045000
1$
#3050000
0$
#3055000
1$
#3060000
0$
#3065000
1$
#3066000
1'
#3070000
0$
#3075000
b1110011111 I
b1110011111 +
b1110011111 F
b1011110110100100100000 )
b1011110110100100100000 4
b1011110110100100100000 B
b1110011111 E
1"
b1000001110011011 !
b1000001110011011 *
b1000001110011011 >
b1011100111111110111000 -
b1011100111111110111000 6
b1011100111111110111000 @
1$
#3076000
0'
#3080000
0$
#3085000
0"
b1000000101101011 .
b1000000101101011 <
b1000000101101011 G
b111111010010101 ,
b111111010010101 H
b111111010010101 J
1$
#3090000
0$
#3095000
1$
#3100000
0$
#3105000
1$
#3110000
0$
#3115000
1$
#3120000
0$
#3125000
1$
#3126000
1'
#3130000
0$
#3135000
b1111011010 I
b1111011010 +
b1111011010 F
b1100000101001010001000 )
b1100000101001010001000 4
b1100000101001010001000 B
b1111011010 E
1"
b1000000101101011 !
b1000000101101011 *
b1000000101101011 >
b1011110110100100100000 -
b1011110110100100100000 6
b1011110110100100100000 @
1$
#3136000
0'
#3140000
0$
#3145000
0"
b1000000000111001 .
b1000000000111001 <
b1000000000111001 G
b111111111000111 ,
b111111111000111 H
b111111111000111 J
1$
#3150000
0$
#3155000
1$
#3160000
0$
#3165000
1$
#3170000
0$
#3175000
1$
#3180000
0$
#3185000
1$
#3186000
1'
#3190000
0$
#3195000
b1111101100 I
b11111101100 +
b11111101100 F
b1100010011101111110000 )
b1100010011101111110000 4
b1100010011101111110000 B
b10000010100 E
1"
b1000000000111001 !
b1000000000111001 *
b1000000000111001 >
b1100000101001010001000 -
b1100000101001010001000 6
b1100000101001010001000 @
1$
#3196000
0'
#3200000
0$
#3205000
0"
b1000000000010000 .
b1000000000010000 <
b1000000000010000 G
b111111111110000 ,
b111111111110000 H
b111111111110000 J
1$
#3210000
0$
#3215000
1$
#3220000
0$
#3225000
1$
#3230000
0$
#3235000
1$
#3240000
0$
#3245000
1$
#3246000
1'
#3250000
0$
#3255000
b1110110010 I
b11110110010 +
b11110110010 F
b1100100010010101011000 )
b1100100010010101011000 4
b1100100010010101011000 B
b10001001110 E
1"
b1000000000010000 !
b1000000000010000 *
b1000000000010000 >
b1100010011101111110000 -
b1100010011101111110000 6
b1100010011101111110000 @
1$
#3256000
0'
#3260000
0$
#3265000
0"
b1000000011101011 .
b1000000011101011 <
b1000000011101011 G
b111111100010101 ,
b111111100010101 H
b111111100010101 J
1$
#3270000
0$
#3275000
1$
#3280000
0$
#3285000
1$
#3290000
0$
#3295000
1$
#3300000
0$
#3305000
1$
#3306000
1'
#3310000
0$
#3315000
b1101110111 I
b11101110111 +
b11101110111 F
b1100110000111011000000 )
b1100110000111011000000 4
b1100110000111011000000 B
b10010001001 E
1"
b1000000011101011 !
b1000000011101011 *
b1000000011101011 >
b1100100010010101011000 -
b1100100010010101011000 6
b1100100010010101011000 @
1$
#3316000
0'
#3320000
0$
#3325000
0"
b1000001011010010 .
b1000001011010010 <
b1000001011010010 G
b111110100101110 ,
b111110100101110 H
b111110100101110 J
1$
#3330000
0$
#3335000
1$
#3340000
0$
#3345000
1$
#3350000
0$
#3355000
1$
#3360000
0$
#3365000
1$
#3366000
1'
#3370000
0$
#3375000
b1100111101 I
b11100111101 +
b11100111101 F
b1100111111100000101000 )
b1100111111100000101000 4
b1100111111100000101000 B
b10011000011 E
1"
b1000001011010010 !
b1000001011010010 *
b1000001011010010 >
b1100110000111011000000 -
b1100110000111011000000 6
b1100110000111011000000 @
1$
#3376000
0'
#3380000
0$
#3385000
0"
b1000010110110000 .
b1000010110110000 <
b1000010110110000 G
b111101001010000 ,
b111101001010000 H
b111101001010000 J
1$
#3390000
0$
#3395000
1$
#3400000
0$
#3405000
1$
#3410000
0$
#3415000
1$
#3420000
0$
#3425000
1$
#3426000
1'
#3430000
0$
#3435000
b1100000010 I
b11100000010 +
b11100000010 F
b1101001110000110010000 )
b1101001110000110010000 4
b1101001110000110010000 B
b10011111110 E
1"
b1000010110110000 !
b1000010110110000 *
b1000010110110000 >
b1100111111100000101000 -
b1100111111100000101000 6
b1100111111100000101000 @
1$
#3436000
0'
#3440000
0$
#3445000
0"
b1000100110011001 .
b1000100110011001 <
b1000100110011001 G
b111011001100111 ,
b111011001100111 H
b111011001100111 J
1$
#3450000
0$
#3455000
1$
#3460000
0$
#3465000
1$
#3470000
0$
#3475000
1$
#3480000
0$
#3485000
1$
#3486000
1'
#3490000
0$
#3495000
b1011001000 I
b11011001000 +
b11011001000 F
b1101011100101011111000 )
b1101011100101011111000 4
b1101011100101011111000 B
b10100111000 E
1"
b1000100110011001 !
b1000100110011001 *
b1000100110011001 >
b1101001110000110010000 -
b1101001110000110010000 6
b1101001110000110010000 @
1$
#3496000
0'
#3500000
0$
#3505000
0"
b1000111001100011 .
b1000111001100011 <
b1000111001100011 G
b111000110011101 ,
b111000110011101 H
b111000110011101 J
1$
#3510000
0$
#3515000
1$
#3520000
0$
#3525000
1$
#3530000
0$
#3535000
1$
#3540000
0$
#3545000
1$
#3546000
1'
#3550000
0$
#3555000
b1010001110 I
b11010001110 +
b11010001110 F
b1101101011010001100000 )
b1101101011010001100000 4
b1101101011010001100000 B
b10101110010 E
1"
b1000111001100011 !
b1000111001100011 *
b1000111001100011 >
b1101011100101011111000 -
b1101011100101011111000 6
b1101011100101011111000 @
1$
#3556000
0'
#3560000
0$
#3565000
0"
b1001010000010011 .
b1001010000010011 <
b1001010000010011 G
b110101111101101 ,
b110101111101101 H
b110101111101101 J
1$
#3570000
0$
#3575000
1$
#3580000
0$
#3585000
1$
#3590000
0$
#3595000
1$
#3600000
0$
#3605000
1$
#3606000
1'
#3610000
0$
#3615000
b1001010011 I
b11001010011 +
b11001010011 F
b1101111001110111001000 )
b1101111001110111001000 4
b1101111001110111001000 B
b10110101101 E
1"
b1001010000010011 !
b1001010000010011 *
b1001010000010011 >
b1101101011010001100000 -
b1101101011010001100000 6
b1101101011010001100000 @
1$
#3616000
0'
#3620000
0$
#3625000
0"
b1001101010111100 .
b1001101010111100 <
b1001101010111100 G
b110010101000100 ,
b110010101000100 H
b110010101000100 J
1$
#3630000
0$
#3635000
1$
#3640000
0$
#3645000
1$
#3650000
0$
#3655000
1$
#3660000
0$
#3665000
1$
#3666000
1'
#3670000
0$
#3675000
b1000011001 I
b11000011001 +
b11000011001 F
b1110001000011100110000 )
b1110001000011100110000 4
b1110001000011100110000 B
b10111100111 E
1"
b1001101010111100 !
b1001101010111100 *
b1001101010111100 >
b1101111001110111001000 -
b1101111001110111001000 6
b1101111001110111001000 @
1$
#3676000
0'
#3680000
0$
#3685000
0"
b1010001000010111 .
b1010001000010111 <
b1010001000010111 G
b101110111101001 ,
b101110111101001 H
b101110111101001 J
1$
#3690000
0$
#3695000
1$
#3700000
0$
#3705000
1$
#3710000
0$
#3715000
1$
#3720000
0$
#3725000
1$
#3726000
1'
#3730000
0$
#3735000
b111011111 I
b10111011111 +
b10111011111 F
b1110010111000010011000 )
b1110010111000010011000 4
b1110010111000010011000 B
b11000100001 E
1"
b1010001000010111 !
b1010001000010111 *
b1010001000010111 >
b1110001000011100110000 -
b1110001000011100110000 6
b1110001000011100110000 @
1$
#3736000
0'
#3740000
0$
#3745000
0"
b1010101000110000 .
b1010101000110000 <
b1010101000110000 G
b101010111010000 ,
b101010111010000 H
b101010111010000 J
1$
#3750000
0$
#3755000
1$
#3760000
0$
#3765000
1$
#3770000
0$
#3775000
1$
#3780000
0$
#3785000
1$
#3786000
1'
#3790000
0$
#3795000
b110100100 I
b10110100100 +
b10110100100 F
b1110100101101000000000 )
b1110100101101000000000 4
b1110100101101000000000 B
b11001011100 E
1"
b1010101000110000 !
b1010101000110000 *
b1010101000110000 >
b1110010111000010011000 -
b1110010111000010011000 6
b1110010111000010011000 @
1$
#3796000
0'
#3800000
0$
#3805000
0"
b1011001100100000 .
b1011001100100000 <
b1011001100100000 G
b100110011100000 ,
b100110011100000 H
b100110011100000 J
1$
#3810000
0$
#3815000
1$
#3820000
0$
#3825000
1$
#3830000
0$
#3835000
1$
#3840000
0$
#3845000
1$
#3846000
1'
#3850000
0$
#3855000
b101101010 I
b10101101010 +
b10101101010 F
b1110110100001101101000 )
b1110110100001101101000 4
b1110110100001101101000 B
b11010010110 E
1"
b1011001100100000 !
b1011001100100000 *
b1011001100100000 >
b1110100101101000000000 -
b1110100101101000000000 6
b1110100101101000000000 @
1$
#3856000
0'
#3860000
0$
#3865000
0"
b1011110010000101 .
b1011110010000101 <
b1011110010000101 G
b100001101111011 ,
b100001101111011 H
b100001101111011 J
1$
#3870000
0$
#3875000
1$
#3880000
0$
#3885000
1$
#3890000
0$
#3895000
1$
#3900000
0$
#3905000
1$
#3906000
1'
#3910000
0$
#3915000
b100110000 I
b10100110000 +
b10100110000 F
b1111000010110011010000 )
b1111000010110011010000 4
b1111000010110011010000 B
b11011010000 E
1"
b1011110010000101 !
b1011110010000101 *
b1011110010000101 >
b1110110100001101101000 -
b1110110100001101101000 6
b1110110100001101101000 @
1$
#3916000
0'
#3920000
0$
#3925000
0"
b1100011001110100 .
b1100011001110100 <
b1100011001110100 G
b11100110001100 ,
b11100110001100 H
b11100110001100 J
1$
#3930000
0$
#3935000
1$
#3940000
0$
#3945000
1$
#3950000
0$
#3955000
1$
#3960000
0$
#3965000
1$
#3966000
1'
#3970000
0$
#3975000
b11110101 I
b10011110101 +
b10011110101 F
b1111010001011000111000 )
b1111010001011000111000 4
b1111010001011000111000 B
b11100001011 E
1"
b1100011001110100 !
b1100011001110100 *
b1100011001110100 >
b1111000010110011010000 -
b1111000010110011010000 6
b1111000010110011010000 @
1$
#3976000
0'
#3980000
0$
#3985000
0"
b1101000100000101 .
b1101000100000101 <
b1101000100000101 G
b10111011111011 ,
b10111011111011 H
b10111011111011 J
1$
#3990000
0$
#3995000
1$
#4000000
0$
#4005000
1$
#4010000
0$
#4015000
1$
#4020000
0$
#4025000
1$
#4026000
1'
#4030000
0$
#4035000
b10111011 I
b10010111011 +
b10010111011 F
b1111011111111110100000 )
b1111011111111110100000 4
b1111011111111110100000 B
b11101000101 E
1"
b1101000100000101 !
b1101000100000101 *
b1101000100000101 >
b1111010001011000111000 -
b1111010001011000111000 6
b1111010001011000111000 @
1$
#4036000
0'
#4040000
0$
#4045000
0"
b1101101111001001 .
b1101101111001001 <
b1101101111001001 G
b10010000110111 ,
b10010000110111 H
b10010000110111 J
1$
#4050000
0$
#4055000
1$
#4060000
0$
#4065000
1$
#4070000
0$
#4075000
1$
#4080000
0$
#4085000
1$
#4086000
1'
#4090000
0$
#4095000
b10000001 I
b10010000001 +
b10010000001 F
b1111101110100100001000 )
b1111101110100100001000 4
b1111101110100100001000 B
b11101111111 E
1"
b1101101111001001 !
b1101101111001001 *
b1101101111001001 >
b1111011111111110100000 -
b1111011111111110100000 6
b1111011111111110100000 @
1$
#4096000
0'
#4100000
0$
#4105000
0"
b1110011011010110 .
b1110011011010110 <
b1110011011010110 G
b1100100101010 ,
b1100100101010 H
b1100100101010 J
1$
#4110000
0$
#4115000
1$
#4120000
0$
#4125000
1$
#4130000
0$
#4135000
1$
#4140000
0$
#4145000
1$
#4146000
1'
#4150000
0$
#4155000
b1000110 I
b10001000110 +
b10001000110 F
b1111111101001001110000 )
b1111111101001001110000 4
b1111111101001001110000 B
b11110111010 E
1"
b1110011011010110 !
b1110011011010110 *
b1110011011010110 >
b1111101110100100001000 -
b1111101110100100001000 6
b1111101110100100001000 @
1$
#4156000
0'
#4160000
0$
#4165000
0"
b1111001001001000 .
b1111001001001000 <
b1111001001001000 G
b110110111000 ,
b110110111000 H
b110110111000 J
1$
#4170000
0$
#4175000
1$
#4180000
0$
#4185000
1$
#4190000
0$
#4195000
1$
#4200000
0$
#4205000
1$
#4206000
1'
#4210000
0$
#4215000
b1100 I
b10000001100 +
b10000001100 F
b1011101111011000 )
b1011101111011000 4
b1011101111011000 B
1C
b11111110100 E
1"
b1111001001001000 !
b1111001001001000 *
b1111001001001000 >
b1111111101001001110000 -
b1111111101001001110000 6
b1111111101001001110000 @
1$
#4216000
0'
#4220000
0$
#4225000
0"
b1111110110100101 .
b1111110110100101 <
b1111110110100101 G
b1001011011 ,
b1001011011 H
b1001011011 J
1$
#4230000
0$
#4235000
1$
#4240000
0$
#4245000
1$
#4250000
0$
#4255000
1$
#4260000
0$
#4265000
1$
#4266000
1'
#4270000
0$
#4275000
b101110 I
b101110 +
b101110 F
b11010010101000000 )
b11010010101000000 4
b11010010101000000 B
0C
b101110 E
07
1"
b1111110110100101 !
b1111110110100101 *
b1111110110100101 >
b1011101111011000 -
b1011101111011000 6
b1011101111011000 @
1$
#4276000
0'
#4280000
0$
#4285000
0/
0"
b100100000110 .
b100100000110 <
b100100000110 G
b100100000110 ,
b100100000110 H
b100100000110 J
1$
#4290000
0$
#4295000
1$
#4300000
0$
#4305000
1$
#4310000
0$
#4315000
1$
#4320000
0$
#4325000
1$
#4326000
1'
#4330000
0$
#4335000
b1101001 I
b1101001 +
b1101001 F
b101000111010101000 )
b101000111010101000 4
b101000111010101000 B
b1101001 E
1"
b100100000110 !
b100100000110 *
b100100000110 >
b11010010101000000 -
b11010010101000000 6
b11010010101000000 @
1$
#4336000
0'
#4340000
0$
#4345000
0"
b1010010000111 .
b1010010000111 <
b1010010000111 G
b1010010000111 ,
b1010010000111 H
b1010010000111 J
1$
#4350000
0$
#4355000
1$
#4360000
0$
#4365000
1$
#4370000
0$
#4375000
1$
#4380000
0$
#4385000
1$
#4386000
1'
#4390000
0$
#4395000
b10100011 I
b10100011 +
b10100011 F
b110111100000010000 )
b110111100000010000 4
b110111100000010000 B
b10100011 E
1"
b1010010000111 !
b1010010000111 *
b1010010000111 >
b101000111010101000 -
b101000111010101000 6
b101000111010101000 @
1$
#4396000
0'
#4400000
0$
#4405000
0"
b1111110101100 .
b1111110101100 <
b1111110101100 G
b1111110101100 ,
b1111110101100 H
b1111110101100 J
1$
#4410000
0$
#4415000
1$
#4420000
0$
#4425000
1$
#4430000
0$
#4435000
1$
#4440000
0$
#4445000
1$
#4446000
1'
#4450000
0$
#4455000
b11011110 I
b11011110 +
b11011110 F
b1000110000101111000 )
b1000110000101111000 4
b1000110000101111000 B
b11011110 E
1"
b1111110101100 !
b1111110101100 *
b1111110101100 >
b110111100000010000 -
b110111100000010000 6
b110111100000010000 @
1$
#4456000
0'
#4460000
0$
#4465000
0"
b10101011000000 .
b10101011000000 <
b10101011000000 G
b10101011000000 ,
b10101011000000 H
b10101011000000 J
1$
#4470000
0$
#4475000
1$
#4480000
0$
#4485000
1$
#4490000
0$
#4495000
1$
#4500000
0$
#4505000
1$
#4506000
1'
#4510000
0$
#4515000
b100011000 I
b100011000 +
b100011000 F
b1010100101011100000 )
b1010100101011100000 4
b1010100101011100000 B
b100011000 E
1"
b10101011000000 !
b10101011000000 *
b10101011000000 >
b1000110000101111000 -
b1000110000101111000 6
b1000110000101111000 @
1$
#4516000
0'
#4520000
0$
#4525000
0"
b11010101001101 .
b11010101001101 <
b11010101001101 G
b11010101001101 ,
b11010101001101 H
b11010101001101 J
1$
#4530000
0$
#4535000
1$
#4540000
0$
#4545000
1$
#4550000
0$
#4555000
1$
#4560000
0$
#4565000
1$
#4566000
1'
#4570000
0$
#4575000
b101010010 I
b101010010 +
b101010010 F
b1100011010001001000 )
b1100011010001001000 4
b1100011010001001000 B
b101010010 E
1"
b11010101001101 !
b11010101001101 *
b11010101001101 >
b1010100101011100000 -
b1010100101011100000 6
b1010100101011100000 @
1$
#4576000
0'
#4580000
0$
#4585000
0"
b11111101101110 .
b11111101101110 <
b11111101101110 G
b11111101101110 ,
b11111101101110 H
b11111101101110 J
1$
#4590000
0$
#4595000
1$
#4600000
0$
#4605000
1$
#4610000
0$
#4615000
1$
#4620000
0$
#4625000
1$
#4626000
1'
#4630000
0$
#4635000
b110001101 I
b110001101 +
b110001101 F
b1110001110110110000 )
b1110001110110110000 4
b1110001110110110000 B
b110001101 E
1"
b11111101101110 !
b11111101101110 *
b11111101101110 >
b1100011010001001000 -
b1100011010001001000 6
b1100011010001001000 @
1$
#4636000
0'
#4640000
0$
#4645000
0"
b100100100111000 .
b100100100111000 <
b100100100111000 G
b100100100111000 ,
b100100100111000 H
b100100100111000 J
1$
#4650000
0$
#4655000
1$
#4660000
0$
#4665000
1$
#4670000
0$
#4675000
1$
#4680000
0$
#4685000
1$
#4686000
1'
#4690000
0$
#4695000
b111000111 I
b111000111 +
b111000111 F
b10000000011100011000 )
b10000000011100011000 4
b10000000011100011000 B
b111000111 E
1"
b100100100111000 !
b100100100111000 *
b100100100111000 >
b1110001110110110000 -
b1110001110110110000 6
b1110001110110110000 @
1$
#4696000
0'
#4700000
0$
#4705000
0"
b101001001000010 .
b101001001000010 <
b101001001000010 G
b101001001000010 ,
b101001001000010 H
b101001001000010 J
1$
#4710000
0$
#4715000
1$
#4720000
0$
#4725000
1$
#4730000
0$
#4735000
1$
#4740000
0$
#4745000
1$
#4746000
1'
#4750000
0$
#4755000
b1000000001 I
b1000000001 +
b1000000001 F
b10001111000010000000 )
b10001111000010000000 4
b10001111000010000000 B
b1000000001 E
1"
b101001001000010 !
b101001001000010 *
b101001001000010 >
b10000000011100011000 -
b10000000011100011000 6
b10000000011100011000 @
1$
#4756000
0'
#4760000
0$
#4765000
0"
b101101010100101 .
b101101010100101 <
b101101010100101 G
b101101010100101 ,
b101101010100101 H
b101101010100101 J
1$
#4770000
0$
#4775000
1$
#4780000
0$
#4785000
1$
#4790000
0$
#4795000
1$
#4800000
0$
#4805000
1$
#4806000
1'
#4810000
0$
#4815000
b1000111100 I
b1000111100 +
b1000111100 F
b10011101100111101000 )
b10011101100111101000 4
b10011101100111101000 B
b1000111100 E
1"
b101101010100101 !
b101101010100101 *
b101101010100101 >
b10001111000010000000 -
b10001111000010000000 6
b10001111000010000000 @
1$
#4816000
0'
#4820000
0$
#4825000
0"
b110001001110001 .
b110001001110001 <
b110001001110001 G
b110001001110001 ,
b110001001110001 H
b110001001110001 J
1$
#4830000
0$
#4835000
1$
#4840000
0$
#4845000
1$
#4850000
0$
#4855000
1$
#4860000
0$
#4865000
1$
#4866000
1'
#4870000
0$
#4875000
b1001110110 I
b1001110110 +
b1001110110 F
b10101100001101010000 )
b10101100001101010000 4
b10101100001101010000 B
b1001110110 E
1"
b110001001110001 !
b110001001110001 *
b110001001110001 >
b10011101100111101000 -
b10011101100111101000 6
b10011101100111101000 @
1$
#4876000
0'
#4880000
0$
#4885000
0"
b110100101010010 .
b110100101010010 <
b110100101010010 G
b110100101010010 ,
b110100101010010 H
b110100101010010 J
1$
#4890000
0$
#4895000
1$
#4900000
0$
#4905000
1$
#4910000
0$
#4915000
1$
#4920000
0$
#4925000
1$
#4926000
1'
#4930000
0$
#4935000
b1010110000 I
b1010110000 +
b1010110000 F
b10111010110010111000 )
b10111010110010111000 4
b10111010110010111000 B
b1010110000 E
1"
b110100101010010 !
b110100101010010 *
b110100101010010 >
b10101100001101010000 -
b10101100001101010000 6
b10101100001101010000 @
1$
#4936000
0'
#4940000
0$
#4945000
0"
b110111101011110 .
b110111101011110 <
b110111101011110 G
b110111101011110 ,
b110111101011110 H
b110111101011110 J
1$
#4950000
0$
#4955000
1$
#4960000
0$
#4965000
1$
#4970000
0$
#4975000
1$
#4980000
0$
#4985000
1$
#4986000
1'
#4990000
0$
#4995000
b1011101011 I
b1011101011 +
b1011101011 F
b11001001011000100000 )
b11001001011000100000 4
b11001001011000100000 B
b1011101011 E
1"
b110111101011110 !
b110111101011110 *
b110111101011110 >
b10111010110010111000 -
b10111010110010111000 6
b10111010110010111000 @
1$
#4996000
0'
#5000000
0$
#5005000
0"
b111010010011101 .
b111010010011101 <
b111010010011101 G
b111010010011101 ,
b111010010011101 H
b111010010011101 J
1$
#5010000
0$
#5015000
1$
#5020000
0$
#5025000
1$
#5030000
0$
#5035000
1$
#5040000
0$
#5045000
1$
#5046000
1'
#5050000
0$
#5055000
b1100100101 I
b1100100101 +
b1100100101 F
b11010111111110001000 )
b11010111111110001000 4
b11010111111110001000 B
b1100100101 E
1"
b111010010011101 !
b111010010011101 *
b111010010011101 >
b11001001011000100000 -
b11001001011000100000 6
b11001001011000100000 @
1$
#5056000
0'
#5060000
0$
#5065000
0"
b111100011010111 .
b111100011010111 <
b111100011010111 G
b111100011010111 ,
b111100011010111 H
b111100011010111 J
1$
#5070000
0$
#5075000
1$
#5080000
0$
#5085000
1$
#5090000
0$
#5095000
1$
#5100000
0$
#5105000
1$
#5106000
1'
#5110000
0$
#5115000
b1101011111 I
b1101011111 +
b1101011111 F
b11100110100011110000 )
b11100110100011110000 4
b11100110100011110000 B
b1101011111 E
1"
b111100011010111 !
b111100011010111 *
b111100011010111 >
b11010111111110001000 -
b11010111111110001000 6
b11010111111110001000 @
1$
#5116000
0'
#5120000
0$
#5125000
0"
b111110000011101 .
b111110000011101 <
b111110000011101 G
b111110000011101 ,
b111110000011101 H
b111110000011101 J
1$
#5130000
0$
#5135000
1$
#5140000
0$
#5145000
1$
#5150000
0$
#5155000
1$
#5160000
0$
#5165000
1$
#5166000
1'
#5170000
0$
#5175000
b1110011010 I
b1110011010 +
b1110011010 F
b11110101001001011000 )
b11110101001001011000 4
b11110101001001011000 B
b1110011010 E
1"
b111110000011101 !
b111110000011101 *
b111110000011101 >
b11100110100011110000 -
b11100110100011110000 6
b11100110100011110000 @
1$
#5176000
0'
#5180000
0$
#5185000
0"
b111111001101111 .
b111111001101111 <
b111111001101111 G
b111111001101111 ,
b111111001101111 H
b111111001101111 J
1$
#5190000
0$
#5195000
1$
#5200000
0$
#5205000
1$
#5210000
0$
#5215000
1$
#5220000
0$
#5225000
1$
#5226000
1'
#5230000
0$
#5235000
b1111010100 I
b1111010100 +
b1111010100 F
b100000011101111000000 )
b100000011101111000000 4
b100000011101111000000 B
b1111010100 E
1"
b111111001101111 !
b111111001101111 *
b111111001101111 >
b11110101001001011000 -
b11110101001001011000 6
b11110101001001011000 @
1$
#5236000
0'
#5240000
0$
#5245000
0"
b111111110110100 .
b111111110110100 <
b111111110110100 G
b111111110110100 ,
b111111110110100 H
b111111110110100 J
1$
#5250000
0$
#5255000
1$
#5260000
0$
#5265000
1$
#5270000
0$
#5275000
1$
#5280000
0$
#5285000
1$
#5286000
1'
#5290000
0$
#5295000
b1111110010 I
b11111110010 +
b11111110010 F
b100010010010100101000 )
b100010010010100101000 4
b100010010010100101000 B
b10000001110 E
1"
b111111110110100 !
b111111110110100 *
b111111110110100 >
b100000011101111000000 -
b100000011101111000000 6
b100000011101111000000 @
1$
#5296000
0'
#5300000
0$
#5305000
0"
b111111111110111 .
b111111111110111 <
b111111111110111 G
b111111111110111 ,
b111111111110111 H
b111111111110111 J
1$
#5310000
0$
#5315000
1$
#5320000
0$
#5325000
1$
#5330000
0$
#5335000
1$
#5340000
0$
#5345000
1$
#5346000
1'
#5350000
0$
#5355000
b1110110111 I
b11110110111 +
b11110110111 F
b100100000111010010000 )
b100100000111010010000 4
b100100000111010010000 B
b10001001001 E
1"
b111111111110111 !
b111111111110111 *
b111111111110111 >
b100010010010100101000 -
b100010010010100101000 6
b100010010010100101000 @
1$
#5356000
0'
#5360000
0$
#5365000
0"
b111111100110010 .
b111111100110010 <
b111111100110010 G
b111111100110010 ,
b111111100110010 H
b111111100110010 J
1$
#5370000
0$
#5375000
1$
#5380000
0$
#5385000
1$
#5390000
0$
#5395000
1$
#5400000
0$
#5405000
1$
#5406000
1'
#5410000
0$
#5415000
b1101111101 I
b11101111101 +
b11101111101 F
b100101111011111111000 )
b100101111011111111000 4
b100101111011111111000 B
b10010000011 E
1"
b111111100110010 !
b111111100110010 *
b111111100110010 >
b100100000111010010000 -
b100100000111010010000 6
b100100000111010010000 @
1$
#5416000
0'
#5420000
0$
#5425000
0"
b111110101101100 .
b111110101101100 <
b111110101101100 G
b111110101101100 ,
b111110101101100 H
b111110101101100 J
1$
#5430000
0$
#5435000
1$
#5440000
0$
#5445000
1$
#5450000
0$
#5455000
1$
#5460000
0$
#5465000
1$
#5466000
1'
#5470000
0$
#5475000
b1101000011 I
b11101000011 +
b11101000011 F
b100111110000101100000 )
b100111110000101100000 4
b100111110000101100000 B
b10010111101 E
1"
b111110101101100 !
b111110101101100 *
b111110101101100 >
b100101111011111111000 -
b100101111011111111000 6
b100101111011111111000 @
1$
#5476000
0'
#5480000
0$
#5485000
0"
b111101010101000 .
b111101010101000 <
b111101010101000 G
b111101010101000 ,
b111101010101000 H
b111101010101000 J
1$
#5490000
0$
#5495000
1$
#5500000
0$
#5505000
1$
#5510000
0$
#5515000
1$
#5520000
0$
#5525000
1$
#5526000
1'
#5530000
0$
#5535000
b1100001000 I
b11100001000 +
b11100001000 F
b101001100101011001000 )
b101001100101011001000 4
b101001100101011001000 B
b10011111000 E
1"
b111101010101000 !
b111101010101000 *
b111101010101000 >
b100111110000101100000 -
b100111110000101100000 6
b100111110000101100000 @
1$
#5536000
0'
#5540000
0$
#5545000
0"
b111011011011000 .
b111011011011000 <
b111011011011000 G
b111011011011000 ,
b111011011011000 H
b111011011011000 J
1$
#5550000
0$
#5555000
1$
#5560000
0$
#5565000
1$
#5570000
0$
#5575000
1$
#5580000
0$
#5585000
1$
#5586000
1'
#5590000
0$
#5595000
b1011001110 I
b11011001110 +
b11011001110 F
b101011011010000110000 )
b101011011010000110000 4
b101011011010000110000 B
b10100110010 E
1"
b111011011011000 !
b111011011011000 *
b111011011011000 >
b101001100101011001000 -
b101001100101011001000 6
b101001100101011001000 @
1$
#5596000
0'
#5600000
0$
#5605000
0"
b111001000100111 .
b111001000100111 <
b111001000100111 G
b111001000100111 ,
b111001000100111 H
b111001000100111 J
1$
#5610000
0$
#5615000
1$
#5620000
0$
#5625000
1$
#5630000
0$
#5635000
1$
#5640000
0$
#5645000
1$
#5646000
1'
#5650000
0$
#5655000
b1010010011 I
b11010010011 +
b11010010011 F
b101101001110110011000 )
b101101001110110011000 4
b101101001110110011000 B
b10101101101 E
1"
b111001000100111 !
b111001000100111 *
b111001000100111 >
b101011011010000110000 -
b101011011010000110000 6
b101011011010000110000 @
1$
#5656000
0'
#5660000
0$
#5665000
0"
b110110001110100 .
b110110001110100 <
b110110001110100 G
b110110001110100 ,
b110110001110100 H
b110110001110100 J
1$
#5670000
0$
#5675000
1$
#5680000
0$
#5685000
1$
#5690000
0$
#5695000
1$
#5700000
0$
#5705000
1$
#5706000
1'
#5710000
0$
#5715000
b1001011001 I
b11001011001 +
b11001011001 F
b101111000011100000000 )
b101111000011100000000 4
b101111000011100000000 B
b10110100111 E
1"
b110110001110100 !
b110110001110100 *
b110110001110100 >
b101101001110110011000 -
b101101001110110011000 6
b101101001110110011000 @
1$
#5716000
0'
#5720000
0$
#5725000
0"
b110010111111100 .
b110010111111100 <
b110010111111100 G
b110010111111100 ,
b110010111111100 H
b110010111111100 J
1$
#5730000
0$
#5735000
1$
#5740000
0$
#5745000
1$
#5750000
0$
#5755000
1$
#5760000
0$
#5765000
1$
#5766000
1'
#5770000
0$
#5775000
b1000011111 I
b11000011111 +
b11000011111 F
b110000111000001101000 )
b110000111000001101000 4
b110000111000001101000 B
b10111100001 E
1"
b110010111111100 !
b110010111111100 *
b110010111111100 >
b101111000011100000000 -
b101111000011100000000 6
b101111000011100000000 @
1$
#5776000
0'
#5780000
0$
#5785000
0"
b101111010110101 .
b101111010110101 <
b101111010110101 G
b101111010110101 ,
b101111010110101 H
b101111010110101 J
1$
#5790000
0$
#5795000
1$
#5800000
0$
#5805000
1$
#5810000
0$
#5815000
1$
#5820000
0$
#5825000
1$
#5826000
1'
#5830000
0$
#5835000
b111100100 I
b10111100100 +
b10111100100 F
b110010101100111010000 )
b110010101100111010000 4
b110010101100111010000 B
b11000011100 E
1"
b101111010110101 !
b101111010110101 *
b101111010110101 >
b110000111000001101000 -
b110000111000001101000 6
b110000111000001101000 @
1$
#5836000
0'
#5840000
0$
#5845000
0"
b101011010001010 .
b101011010001010 <
b101011010001010 G
b101011010001010 ,
b101011010001010 H
b101011010001010 J
1$
#5850000
0$
#5855000
1$
#5860000
0$
#5865000
1$
#5870000
0$
#5875000
1$
#5880000
0$
#5885000
1$
#5886000
1'
#5890000
0$
#5895000
b110101010 I
b10110101010 +
b10110101010 F
b110100100001100111000 )
b110100100001100111000 4
b110100100001100111000 B
b11001010110 E
1"
b101011010001010 !
b101011010001010 *
b101011010001010 >
b110010101100111010000 -
b110010101100111010000 6
b110010101100111010000 @
1$
#5896000
0'
#5900000
0$
#5905000
0"
b100110111010001 .
b100110111010001 <
b100110111010001 G
b100110111010001 ,
b100110111010001 H
b100110111010001 J
1$
#5910000
0$
#5915000
1$
#5920000
0$
#5925000
1$
#5930000
0$
#5935000
1$
#5940000
0$
#5945000
1$
#5946000
1'
#5950000
0$
#5955000
b101110000 I
b10101110000 +
b10101110000 F
b110110010110010100000 )
b110110010110010100000 4
b110110010110010100000 B
b11010010000 E
1"
b100110111010001 !
b100110111010001 *
b100110111010001 >
b110100100001100111000 -
b110100100001100111000 6
b110100100001100111000 @
1$
#5956000
0'
#5960000
0$
#5965000
0"
b100010001111010 .
b100010001111010 <
b100010001111010 G
b100010001111010 ,
b100010001111010 H
b100010001111010 J
1$
#5970000
0$
#5975000
1$
#5980000
0$
#5985000
1$
#5990000
0$
#5995000
1$
#6000000
0$
#6005000
1$
#6006000
1'
#6010000
0$
#6015000
b100110101 I
b10100110101 +
b10100110101 F
b111000001011000001000 )
b111000001011000001000 4
b111000001011000001000 B
b11011001011 E
1"
b100010001111010 !
b100010001111010 *
b100010001111010 >
b110110010110010100000 -
b110110010110010100000 6
b110110010110010100000 @
1$
#6016000
0'
#6020000
0$
#6025000
0"
b11101001101100 .
b11101001101100 <
b11101001101100 G
b11101001101100 ,
b11101001101100 H
b11101001101100 J
1$
#6026000
b111001011010011100100 )
b111001011010011100100 4
b111001011010011100100 B
b11000100001000100 %
b11000100001000100 (
b11000100001000100 ?
#6030000
0$
#6035000
1$
#6040000
0$
#6045000
1$
#6050000
0$
#6055000
1$
#6060000
0$
#6065000
1$
#6070000
0$
#6075000
1$
#6076000
1'
#6080000
0$
#6085000
b11010011 I
b10011010011 +
b10011010011 F
b111100011110100101000 )
b111100011110100101000 4
b111100011110100101000 B
b11100101101 E
b111001011010011100100 -
b111001011010011100100 6
b111001011010011100100 @
b11101001101100 !
b11101001101100 *
b11101001101100 >
1"
1$
#6086000
0'
#6090000
0$
#6095000
0"
b10100010110101 .
b10100010110101 <
b10100010110101 G
b10100010110101 ,
b10100010110101 H
b10100010110101 J
1$
#6100000
0$
#6105000
1$
#6110000
0$
#6115000
1$
#6120000
0$
#6125000
1$
#6130000
0$
#6135000
1$
#6136000
1'
#6140000
0$
#6145000
b1110001 I
b10001110001 +
b10001110001 F
b111111100010101101100 )
b111111100010101101100 4
b111111100010101101100 B
b11110001111 E
b111100011110100101000 -
b111100011110100101000 6
b111100011110100101000 @
b10100010110101 !
b10100010110101 *
b10100010110101 >
1"
1$
#6146000
0'
#6150000
0$
#6155000
0"
b1011000010011 .
b1011000010011 <
b1011000010011 G
b1011000010011 ,
b1011000010011 H
b1011000010011 J
1$
#6160000
0$
#6165000
1$
#6170000
0$
#6175000
1$
#6180000
0$
#6185000
1$
#6190000
0$
#6195000
1$
#6196000
1'
#6200000
0$
#6205000
b1111 I
b10000001111 +
b10000001111 F
b1000010100110110110000 )
b1000010100110110110000 4
b1000010100110110110000 B
b11111110001 E
b111111100010101101100 -
b111111100010101101100 6
b111111100010101101100 @
b1011000010011 !
b1011000010011 *
b1011000010011 >
1"
1$
#6206000
0'
#6210000
0$
#6215000
0"
b1011110010 .
b1011110010 <
b1011110010 G
b1011110010 ,
b1011110010 H
b1011110010 J
1$
#6220000
0$
#6225000
1$
#6230000
0$
#6235000
1$
#6240000
0$
#6245000
1$
#6250000
0$
#6255000
1$
#6256000
1'
#6260000
0$
#6265000
b1010011 I
b1010011 +
b1010011 F
b1000101101010111110100 )
b1000101101010111110100 4
b1000101101010111110100 B
b1010011 E
17
b1000010100110110110000 -
b1000010100110110110000 6
b1000010100110110110000 @
b1011110010 !
b1011110010 *
b1011110010 >
1"
1$
#6266000
0'
#6270000
0$
#6275000
0"
1/
b1110111110111111 .
b1110111110111111 <
b1110111110111111 G
b1000001000001 ,
b1000001000001 H
b1000001000001 J
1$
#6280000
0$
#6285000
1$
#6290000
0$
#6295000
1$
#6300000
0$
#6305000
1$
#6310000
0$
#6315000
1$
#6316000
1'
#6320000
0$
#6325000
b10110101 I
b10110101 +
b10110101 F
b1001000101111000111000 )
b1001000101111000111000 4
b1001000101111000111000 B
b10110101 E
b1000101101010111110100 -
b1000101101010111110100 6
b1000101101010111110100 @
b1110111110111111 !
b1110111110111111 *
b1110111110111111 >
1"
1$
#6326000
0'
#6330000
0$
#6335000
0"
b1101110011101011 .
b1101110011101011 <
b1101110011101011 G
b10001100010101 ,
b10001100010101 H
b10001100010101 J
1$
#6340000
0$
#6345000
1$
#6350000
0$
#6355000
1$
#6360000
0$
#6365000
1$
#6370000
0$
#6375000
1$
#6376000
1'
#6380000
0$
#6385000
b100010111 I
b100010111 +
b100010111 F
b1001011110011001111100 )
b1001011110011001111100 4
b1001011110011001111100 B
b100010111 E
b1001000101111000111000 -
b1001000101111000111000 6
b1001000101111000111000 @
b1101110011101011 !
b1101110011101011 *
b1101110011101011 >
1"
1$
#6386000
0'
#6390000
0$
#6395000
0"
b1100101011100001 .
b1100101011100001 <
b1100101011100001 G
b11010100011111 ,
b11010100011111 H
b11010100011111 J
1$
#6400000
0$
#6405000
1$
#6410000
0$
#6415000
1$
#6420000
0$
#6425000
1$
#6430000
0$
#6435000
1$
#6436000
1'
#6440000
0$
#6445000
b101111001 I
b101111001 +
b101111001 F
b1001110110111011000000 )
b1001110110111011000000 4
b1001110110111011000000 B
b101111001 E
b1001011110011001111100 -
b1001011110011001111100 6
b1001011110011001111100 @
b1100101011100001 !
b1100101011100001 *
b1100101011100001 >
1"
1$
#6446000
0'
#6450000
0$
#6455000
0"
b1011101000001001 .
b1011101000001001 <
b1011101000001001 G
b100010111110111 ,
b100010111110111 H
b100010111110111 J
1$
#6460000
0$
#6465000
1$
#6470000
0$
#6475000
1$
#6480000
0$
#6485000
1$
#6490000
0$
#6495000
1$
#6496000
1'
#6500000
0$
#6505000
b111011011 I
b111011011 +
b111011011 F
b1010001111011100000100 )
b1010001111011100000100 4
b1010001111011100000100 B
b111011011 E
b1001110110111011000000 -
b1001110110111011000000 6
b1001110110111011000000 @
b1011101000001001 !
b1011101000001001 *
b1011101000001001 >
1"
1$
#6506000
0'
#6510000
0$
#6515000
0"
b1010101011000110 .
b1010101011000110 <
b1010101011000110 G
b101010100111010 ,
b101010100111010 H
b101010100111010 J
1$
#6520000
0$
#6525000
1$
#6530000
0$
#6535000
1$
#6540000
0$
#6545000
1$
#6550000
0$
#6555000
1$
#6556000
1'
#6560000
0$
#6565000
b1000111101 I
b1000111101 +
b1000111101 F
b1010100111111101001000 )
b1010100111111101001000 4
b1010100111111101001000 B
b1000111101 E
b1010001111011100000100 -
b1010001111011100000100 6
b1010001111011100000100 @
b1010101011000110 !
b1010101011000110 *
b1010101011000110 >
1"
1$
#6566000
0'
#6570000
0$
#6575000
0"
b1001110101101111 .
b1001110101101111 <
b1001110101101111 G
b110001010010001 ,
b110001010010001 H
b110001010010001 J
1$
#6580000
0$
#6585000
1$
#6590000
0$
#6595000
1$
#6600000
0$
#6605000
1$
#6610000
0$
#6615000
1$
#6616000
1'
#6620000
0$
#6625000
b1010011111 I
b1010011111 +
b1010011111 F
b1011000000011110001100 )
b1011000000011110001100 4
b1011000000011110001100 B
b1010011111 E
b1010100111111101001000 -
b1010100111111101001000 6
b1010100111111101001000 @
b1001110101101111 !
b1001110101101111 *
b1001110101101111 >
1"
1$
#6626000
0'
#6630000
0$
#6635000
0"
b1001001001010001 .
b1001001001010001 <
b1001001001010001 G
b110110110101111 ,
b110110110101111 H
b110110110101111 J
1$
#6640000
0$
#6645000
1$
#6650000
0$
#6655000
1$
#6660000
0$
#6665000
1$
#6670000
0$
#6675000
1$
#6676000
1'
#6680000
0$
#6685000
b1100000001 I
b1100000001 +
b1100000001 F
b1011011000111111010000 )
b1011011000111111010000 4
b1011011000111111010000 B
b1100000001 E
b1011000000011110001100 -
b1011000000011110001100 6
b1011000000011110001100 @
b1001001001010001 !
b1001001001010001 *
b1001001001010001 >
1"
1$
#6686000
0'
#6690000
0$
#6695000
0"
b1000100110101100 .
b1000100110101100 <
b1000100110101100 G
b111011001010100 ,
b111011001010100 H
b111011001010100 J
1$
#6700000
0$
#6705000
1$
#6710000
0$
#6715000
1$
#6720000
0$
#6725000
1$
#6730000
0$
#6735000
1$
#6736000
1'
#6740000
0$
#6745000
b1101100011 I
b1101100011 +
b1101100011 F
b1011110001100000010100 )
b1011110001100000010100 4
b1011110001100000010100 B
b1101100011 E
b1011011000111111010000 -
b1011011000111111010000 6
b1011011000111111010000 @
b1000100110101100 !
b1000100110101100 *
b1000100110101100 >
1"
1$
#6746000
0'
#6750000
0$
#6755000
0"
b1000001110110011 .
b1000001110110011 <
b1000001110110011 G
b111110001001101 ,
b111110001001101 H
b111110001001101 J
1$
#6760000
0$
#6765000
1$
#6770000
0$
#6775000
1$
#6780000
0$
#6785000
1$
#6790000
0$
#6795000
1$
#6796000
1'
#6800000
0$
#6805000
b1111000110 I
b1111000110 +
b1111000110 F
b1100001010000001011000 )
b1100001010000001011000 4
b1100001010000001011000 B
b1111000110 E
b1011110001100000010100 -
b1011110001100000010100 6
b1011110001100000010100 @
b1000001110110011 !
b1000001110110011 *
b1000001110110011 >
1"
1$
#6806000
0'
#6810000
0$
#6815000
0"
b1000000010000011 .
b1000000010000011 <
b1000000010000011 G
b111111101111101 ,
b111111101111101 H
b111111101111101 J
1$
#6820000
0$
#6825000
1$
#6830000
0$
#6835000
1$
#6840000
0$
#6845000
1$
#6850000
0$
#6855000
1$
#6856000
1'
#6860000
0$
#6865000
b1111011000 I
b11111011000 +
b11111011000 F
b1100100010100010011100 )
b1100100010100010011100 4
b1100100010100010011100 B
b10000101000 E
b1100001010000001011000 -
b1100001010000001011000 6
b1100001010000001011000 @
b1000000010000011 !
b1000000010000011 *
b1000000010000011 >
1"
1$
#6866000
0'
#6870000
0$
#6875000
0"
b1000000000111111 .
b1000000000111111 <
b1000000000111111 G
b111111111000001 ,
b111111111000001 H
b111111111000001 J
1$
#6880000
0$
#6885000
1$
#6890000
0$
#6895000
1$
#6900000
0$
#6905000
1$
#6910000
0$
#6915000
1$
#6916000
1'
#6920000
0$
#6925000
b1101110110 I
b11101110110 +
b11101110110 F
b1100111011000011100000 )
b1100111011000011100000 4
b1100111011000011100000 B
b10010001010 E
b1100100010100010011100 -
b1100100010100010011100 6
b1100100010100010011100 @
b1000000000111111 !
b1000000000111111 *
b1000000000111111 >
1"
1$
#6926000
0'
#6930000
0$
#6935000
0"
b1000001011011100 .
b1000001011011100 <
b1000001011011100 G
b111110100100100 ,
b111110100100100 H
b111110100100100 J
1$
#6940000
0$
#6945000
1$
#6950000
0$
#6955000
1$
#6960000
0$
#6965000
1$
#6970000
0$
#6975000
1$
#6976000
1'
#6980000
0$
#6985000
b1100010100 I
b11100010100 +
b11100010100 F
b1101010011100100100100 )
b1101010011100100100100 4
b1101010011100100100100 B
b10011101100 E
b1100111011000011100000 -
b1100111011000011100000 6
b1100111011000011100000 @
b1000001011011100 !
b1000001011011100 *
b1000001011011100 >
1"
1$
#6986000
0'
#6990000
0$
#6995000
0"
b1000100001001101 .
b1000100001001101 <
b1000100001001101 G
b111011110110011 ,
b111011110110011 H
b111011110110011 J
1$
#7000000
0$
#7005000
1$
#7010000
0$
#7015000
1$
#7020000
0$
#7025000
1$
#7030000
0$
#7035000
1$
#7036000
1'
#7040000
0$
#7045000
b1010110010 I
b11010110010 +
b11010110010 F
b1101101100000101101000 )
b1101101100000101101000 4
b1101101100000101101000 B
b10101001110 E
b1101010011100100100100 -
b1101010011100100100100 6
b1101010011100100100100 @
b1000100001001101 !
b1000100001001101 *
b1000100001001101 >
1"
1$
#7046000
0'
#7050000
0$
#7055000
0"
b1001000001110000 .
b1001000001110000 <
b1001000001110000 G
b110111110010000 ,
b110111110010000 H
b110111110010000 J
1$
#7060000
0$
#7065000
1$
#7070000
0$
#7075000
1$
#7080000
0$
#7085000
1$
#7090000
0$
#7095000
1$
#7096000
1'
#7100000
0$
#7105000
b1001010000 I
b11001010000 +
b11001010000 F
b1110000100100110101100 )
b1110000100100110101100 4
b1110000100100110101100 B
b10110110000 E
b1101101100000101101000 -
b1101101100000101101000 6
b1101101100000101101000 @
b1001000001110000 !
b1001000001110000 *
b1001000001110000 >
1"
1$
#7106000
0'
#7110000
0$
#7115000
0"
b1001101100011000 .
b1001101100011000 <
b1001101100011000 G
b110010011101000 ,
b110010011101000 H
b110010011101000 J
1$
#7120000
0$
#7125000
1$
#7130000
0$
#7135000
1$
#7140000
0$
#7145000
1$
#7150000
0$
#7155000
1$
#7156000
1'
#7160000
0$
#7165000
b111101110 I
b10111101110 +
b10111101110 F
b1110011101000111110000 )
b1110011101000111110000 4
b1110011101000111110000 B
b11000010010 E
b1110000100100110101100 -
b1110000100100110101100 6
b1110000100100110101100 @
b1001101100011000 !
b1001101100011000 *
b1001101100011000 >
1"
1$
#7166000
0'
#7170000
0$
#7175000
0"
b1010100000000111 .
b1010100000000111 <
b1010100000000111 G
b101011111111001 ,
b101011111111001 H
b101011111111001 J
1$
#7180000
0$
#7185000
1$
#7190000
0$
#7195000
1$
#7200000
0$
#7205000
1$
#7210000
0$
#7215000
1$
#7216000
1'
#7220000
0$
#7225000
b110001100 I
b10110001100 +
b10110001100 F
b1110110101101000110100 )
b1110110101101000110100 4
b1110110101101000110100 B
b11001110100 E
b1110011101000111110000 -
b1110011101000111110000 6
b1110011101000111110000 @
b1010100000000111 !
b1010100000000111 *
b1010100000000111 >
1"
1$
#7226000
0'
#7230000
0$
#7235000
0"
b1011011011110001 .
b1011011011110001 <
b1011011011110001 G
b100100100001111 ,
b100100100001111 H
b100100100001111 J
1$
#7240000
0$
#7245000
1$
#7250000
0$
#7255000
1$
#7260000
0$
#7265000
1$
#7270000
0$
#7275000
1$
#7276000
1'
#7280000
0$
#7285000
b100101010 I
b10100101010 +
b10100101010 F
b1111001110001001111000 )
b1111001110001001111000 4
b1111001110001001111000 B
b11011010110 E
b1110110101101000110100 -
b1110110101101000110100 6
b1110110101101000110100 @
b1011011011110001 !
b1011011011110001 *
b1011011011110001 >
1"
1$
#7286000
0'
#7290000
0$
#7295000
0"
b1100011110000010 .
b1100011110000010 <
b1100011110000010 G
b11100001111110 ,
b11100001111110 H
b11100001111110 J
1$
#7300000
0$
#7305000
1$
#7310000
0$
#7315000
1$
#7320000
0$
#7325000
1$
#7330000
0$
#7335000
1$
#7336000
1'
#7340000
0$
#7345000
b11001000 I
b10011001000 +
b10011001000 F
b1111100110101010111100 )
b1111100110101010111100 4
b1111100110101010111100 B
b11100111000 E
b1111001110001001111000 -
b1111001110001001111000 6
b1111001110001001111000 @
b1100011110000010 !
b1100011110000010 *
b1100011110000010 >
1"
1$
#7346000
0'
#7350000
0$
#7355000
0"
b1101100101011000 .
b1101100101011000 <
b1101100101011000 G
b10011010101000 ,
b10011010101000 H
b10011010101000 J
1$
#7360000
0$
#7365000
1$
#7370000
0$
#7375000
1$
#7380000
0$
#7385000
1$
#7390000
0$
#7395000
1$
#7396000
1'
#7400000
0$
#7405000
b1100110 I
b10001100110 +
b10001100110 F
b1111111111001100000000 )
b1111111111001100000000 4
b1111111111001100000000 B
b11110011010 E
b1111100110101010111100 -
b1111100110101010111100 6
b1111100110101010111100 @
b1101100101011000 !
b1101100101011000 *
b1101100101011000 >
1"
1$
#7406000
0'
#7410000
0$
#7415000
0"
b1110110000001110 .
b1110110000001110 <
b1110110000001110 G
b1001111110010 ,
b1001111110010 H
b1001111110010 J
1$
#7420000
0$
#7425000
1$
#7430000
0$
#7435000
1$
#7440000
0$
#7445000
1$
#7450000
0$
#7455000
1$
#7456000
1'
#7460000
0$
#7465000
b100 I
b10000000100 +
b10000000100 F
b10111101101000100 )
b10111101101000100 4
b10111101101000100 B
1C
b11111111100 E
b1111111111001100000000 -
b1111111111001100000000 6
b1111111111001100000000 @
b1110110000001110 !
b1110110000001110 *
b1110110000001110 >
1"
1$
#7466000
0'
#7470000
0$
#7475000
0"
b1111111100110111 .
b1111111100110111 <
b1111111100110111 G
b11001001 ,
b11001001 H
b11001001 J
1$
#7480000
0$
#7485000
1$
#7490000
0$
#7495000
1$
#7500000
0$
#7505000
1$
#7510000
0$
#7515000
1$
#7516000
1'
#7520000
0$
#7525000
b1011110 I
b1011110 +
b1011110 F
b110000001110001000 )
b110000001110001000 4
b110000001110001000 B
0C
b1011110 E
07
b10111101101000100 -
b10111101101000100 6
b10111101101000100 @
b1111111100110111 !
b1111111100110111 *
b1111111100110111 >
1"
1$
#7526000
0'
#7530000
0$
#7535000
0"
0/
b1001001100100 .
b1001001100100 <
b1001001100100 G
b1001001100100 ,
b1001001100100 H
b1001001100100 J
1$
#7540000
0$
#7545000
1$
#7550000
0$
#7555000
1$
#7560000
0$
#7565000
1$
#7570000
0$
#7575000
1$
#7576000
1'
#7580000
0$
#7585000
b11000000 I
b11000000 +
b11000000 F
b1001000101111001100 )
b1001000101111001100 4
b1001000101111001100 B
b11000000 E
b110000001110001000 -
b110000001110001000 6
b110000001110001000 @
b1001001100100 !
b1001001100100 *
b1001001100100 >
1"
1$
#7586000
0'
#7590000
0$
#7595000
0"
b10010100101000 .
b10010100101000 <
b10010100101000 G
b10010100101000 ,
b10010100101000 H
b10010100101000 J
1$
#7600000
0$
#7605000
1$
#7610000
0$
#7615000
1$
#7620000
0$
#7625000
1$
#7630000
0$
#7635000
1$
#7636000
1'
#7640000
0$
#7645000
b100100010 I
b100100010 +
b100100010 F
b1100001010000010000 )
b1100001010000010000 4
b1100001010000010000 B
b100100010 E
b1001000101111001100 -
b1001000101111001100 6
b1001000101111001100 @
b10010100101000 !
b10010100101000 *
b10010100101000 >
1"
1$
#7646000
0'
#7650000
0$
#7655000
0"
b11011100010101 .
b11011100010101 <
b11011100010101 G
b11011100010101 ,
b11011100010101 H
b11011100010101 J
1$
#7660000
0$
#7665000
1$
#7670000
0$
#7675000
1$
#7680000
0$
#7685000
1$
#7690000
0$
#7695000
1$
#7696000
1'
#7700000
0$
#7705000
b110000101 I
b110000101 +
b110000101 F
b1111001110001010100 )
b1111001110001010100 4
b1111001110001010100 B
b110000101 E
b1100001010000010000 -
b1100001010000010000 6
b1100001010000010000 @
b11011100010101 !
b11011100010101 *
b11011100010101 >
1"
1$
#7706000
0'
#7710000
0$
#7715000
0"
b100011111101101 .
b100011111101101 <
b100011111101101 G
b100011111101101 ,
b100011111101101 H
b100011111101101 J
1$
#7720000
0$
#7725000
1$
#7730000
0$
#7735000
1$
#7740000
0$
#7745000
1$
#7750000
0$
#7755000
1$
#7756000
1'
#7760000
0$
#7765000
b111100111 I
b111100111 +
b111100111 F
b10010010010010011000 )
b10010010010010011000 4
b10010010010010011000 B
b111100111 E
b1111001110001010100 -
b1111001110001010100 6
b1111001110001010100 @
b100011111101101 !
b100011111101101 *
b100011111101101 >
1"
1$
#7766000
0'
#7770000
0$
#7775000
0"
b101011011111000 .
b101011011111000 <
b101011011111000 G
b101011011111000 ,
b101011011111000 H
b101011011111000 J
1$
#7780000
0$
#7785000
1$
#7790000
0$
#7795000
1$
#7800000
0$
#7805000
1$
#7810000
0$
#7815000
1$
#7816000
1'
#7820000
0$
#7825000
b1001001001 I
b1001001001 +
b1001001001 F
b10101010110011011100 )
b10101010110011011100 4
b10101010110011011100 B
b1001001001 E
b10010010010010011000 -
b10010010010010011000 6
b10010010010010011000 @
b101011011111000 !
b101011011111000 *
b101011011111000 >
1"
1$
#7826000
0'
#7830000
0$
#7835000
0"
b110010000001110 .
b110010000001110 <
b110010000001110 G
b110010000001110 ,
b110010000001110 H
b110010000001110 J
1$
#7840000
0$
#7845000
1$
#7850000
0$
#7855000
1$
#7860000
0$
#7865000
1$
#7870000
0$
#7875000
1$
#7876000
1'
#7880000
0$
#7885000
b1010101011 I
b1010101011 +
b1010101011 F
b11000011010100100000 )
b11000011010100100000 4
b11000011010100100000 B
b1010101011 E
b10101010110011011100 -
b10101010110011011100 6
b10101010110011011100 @
b110010000001110 !
b110010000001110 *
b110010000001110 >
1"
1$
#7886000
0'
#7890000
0$
#7895000
0"
b110111011100001 .
b110111011100001 <
b110111011100001 G
b110111011100001 ,
b110111011100001 H
b110111011100001 J
1$
#7900000
0$
#7905000
1$
#7910000
0$
#7915000
1$
#7920000
0$
#7925000
1$
#7930000
0$
#7935000
1$
#7936000
1'
#7940000
0$
#7945000
b1100001101 I
b1100001101 +
b1100001101 F
b11011011110101100100 )
b11011011110101100100 4
b11011011110101100100 B
b1100001101 E
b11000011010100100000 -
b11000011010100100000 6
b11000011010100100000 @
b110111011100001 !
b110111011100001 *
b110111011100001 >
1"
1$
#7946000
0'
#7950000
0$
#7955000
0"
b111011100110101 .
b111011100110101 <
b111011100110101 G
b111011100110101 ,
b111011100110101 H
b111011100110101 J
1$
#7960000
0$
#7965000
1$
#7970000
0$
#7975000
1$
#7980000
0$
#7985000
1$
#7990000
0$
#7995000
1$
#7996000
1'
#8000000
0$
#8005000
b1101101111 I
b1101101111 +
b1101101111 F
b11110100010110101000 )
b11110100010110101000 4
b11110100010110101000 B
b1101101111 E
b11011011110101100100 -
b11011011110101100100 6
b11011011110101100100 @
b111011100110101 !
b111011100110101 *
b111011100110101 >
1"
1$
#8006000
0'
#8010000
0$
#8015000
0"
b111110011011000 .
b111110011011000 <
b111110011011000 G
b111110011011000 ,
b111110011011000 H
b111110011011000 J
1$
#8020000
0$
#8025000
1$
#8030000
0$
#8035000
1$
#8040000
0$
#8045000
1$
#8050000
0$
#8055000
1$
#8056000
1'
#8060000
0$
#8065000
b1111010001 I
b1111010001 +
b1111010001 F
b100001100110111101100 )
b100001100110111101100 4
b100001100110111101100 B
b1111010001 E
b11110100010110101000 -
b11110100010110101000 6
b11110100010110101000 @
b111110011011000 !
b111110011011000 *
b111110011011000 >
1"
1$
#8066000
0'
#8070000
0$
#8075000
0"
b111111110101010 .
b111111110101010 <
b111111110101010 G
b111111110101010 ,
b111111110101010 H
b111111110101010 J
1$
#8080000
0$
#8085000
1$
#8090000
0$
#8095000
1$
#8100000
0$
#8105000
1$
#8110000
0$
#8115000
1$
#8116000
1'
#8120000
0$
#8125000
b1111001101 I
b11111001101 +
b11111001101 F
b100100101011000110000 )
b100100101011000110000 4
b100100101011000110000 B
b10000110011 E
b100001100110111101100 -
b100001100110111101100 6
b100001100110111101100 @
b111111110101010 !
b111111110101010 *
b111111110101010 >
1"
1$
#8126000
0'
#8130000
0$
#8135000
0"
b111111110011011 .
b111111110011011 <
b111111110011011 G
b111111110011011 ,
b111111110011011 H
b111111110011011 J
1$
#8140000
0$
#8145000
1$
#8150000
0$
#8155000
1$
#8160000
0$
#8165000
1$
#8170000
0$
#8175000
1$
#8176000
1'
#8180000
0$
#8185000
b1101101011 I
b11101101011 +
b11101101011 F
b100111101111001110100 )
b100111101111001110100 4
b100111101111001110100 B
b10010010101 E
b100100101011000110000 -
b100100101011000110000 6
b100100101011000110000 @
b111111110011011 !
b111111110011011 *
b111111110011011 >
1"
1$
#8186000
0'
#8190000
0$
#8195000
0"
b111110010101011 .
b111110010101011 <
b111110010101011 G
b111110010101011 ,
b111110010101011 H
b111110010101011 J
1$
#8200000
0$
#8205000
1$
#8210000
0$
#8215000
1$
#8220000
0$
#8225000
1$
#8230000
0$
#8235000
1$
#8236000
1'
#8240000
0$
#8245000
b1100001001 I
b11100001001 +
b11100001001 F
b101010110011010111000 )
b101010110011010111000 4
b101010110011010111000 B
b10011110111 E
b100111101111001110100 -
b100111101111001110100 6
b100111101111001110100 @
b111110010101011 !
b111110010101011 *
b111110010101011 >
1"
1$
#8246000
0'
#8250000
0$
#8255000
0"
b111011011101011 .
b111011011101011 <
b111011011101011 G
b111011011101011 ,
b111011011101011 H
b111011011101011 J
1$
#8260000
0$
#8265000
1$
#8270000
0$
#8275000
1$
#8280000
0$
#8285000
1$
#8290000
0$
#8295000
1$
#8296000
1'
#8300000
0$
#8305000
b1010100111 I
b11010100111 +
b11010100111 F
b101101110111011111100 )
b101101110111011111100 4
b101101110111011111100 B
b10101011001 E
b101010110011010111000 -
b101010110011010111000 6
b101010110011010111000 @
b111011011101011 !
b111011011101011 *
b111011011101011 >
1"
1$
#8306000
0'
#8310000
0$
#8315000
0"
b110111001111100 .
b110111001111100 <
b110111001111100 G
b110111001111100 ,
b110111001111100 H
b110111001111100 J
1$
#8320000
0$
#8325000
1$
#8330000
0$
#8335000
1$
#8340000
0$
#8345000
1$
#8350000
0$
#8355000
1$
#8356000
1'
#8360000
0$
#8365000
b1001000101 I
b11001000101 +
b11001000101 F
b110000111011101000000 )
b110000111011101000000 4
b110000111011101000000 B
b10110111011 E
b101101110111011111100 -
b101101110111011111100 6
b101101110111011111100 @
b110111001111100 !
b110111001111100 *
b110111001111100 >
1"
1$
#8366000
0'
#8370000
0$
#8375000
0"
b110001110010000 .
b110001110010000 <
b110001110010000 G
b110001110010000 ,
b110001110010000 H
b110001110010000 J
1$
#8380000
0$
#8385000
1$
#8390000
0$
#8395000
1$
#8400000
0$
#8405000
1$
#8410000
0$
#8415000
1$
#8416000
1'
#8420000
0$
#8425000
b111100011 I
b10111100011 +
b10111100011 F
b110011111111110000100 )
b110011111111110000100 4
b110011111111110000100 B
b11000011101 E
b110000111011101000000 -
b110000111011101000000 6
b110000111011101000000 @
b110001110010000 !
b110001110010000 *
b110001110010000 >
1"
1$
#8426000
0'
#8430000
0$
#8435000
0"
b101011001100100 .
b101011001100100 <
b101011001100100 G
b101011001100100 ,
b101011001100100 H
b101011001100100 J
1$
#8440000
0$
#8445000
1$
#8450000
0$
#8455000
1$
#8460000
0$
#8465000
1$
#8470000
0$
#8475000
1$
#8476000
1'
#8480000
0$
#8485000
b110000001 I
b10110000001 +
b10110000001 F
b110111000011111001000 )
b110111000011111001000 4
b110111000011111001000 B
b11001111111 E
b110011111111110000100 -
b110011111111110000100 6
b110011111111110000100 @
b101011001100100 !
b101011001100100 *
b101011001100100 >
1"
1$
#8486000
0'
#8490000
0$
#8495000
0"
b100011101000110 .
b100011101000110 <
b100011101000110 G
b100011101000110 ,
b100011101000110 H
b100011101000110 J
1$
#8500000
0$
#8505000
1$
#8510000
0$
#8515000
1$
#8520000
0$
#8525000
1$
#8530000
0$
#8535000
1$
#8536000
1'
#8540000
0$
#8545000
b100011111 I
b10100011111 +
b10100011111 F
b111010001000000001100 )
b111010001000000001100 4
b111010001000000001100 B
b11011100001 E
b110111000011111001000 -
b110111000011111001000 6
b110111000011111001000 @
b100011101000110 !
b100011101000110 *
b100011101000110 >
1"
1$
#8546000
0'
#8550000
0$
#8555000
0"
b11011010001100 .
b11011010001100 <
b11011010001100 G
b11011010001100 ,
b11011010001100 H
b11011010001100 J
1$
#8560000
0$
#8565000
1$
#8570000
0$
#8575000
1$
#8580000
0$
#8585000
1$
#8590000
0$
#8595000
1$
#8596000
1'
#8600000
0$
#8605000
b10111100 I
b10010111100 +
b10010111100 F
b111101001100001010000 )
b111101001100001010000 4
b111101001100001010000 B
b11101000100 E
b111010001000000001100 -
b111010001000000001100 6
b111010001000000001100 @
b11011010001100 !
b11011010001100 *
b11011010001100 >
1"
1$
#8606000
0'
#8610000
0$
#8615000
0"
b10010001100111 .
b10010001100111 <
b10010001100111 G
b10010001100111 ,
b10010001100111 H
b10010001100111 J
1$
#8620000
0$
#8625000
1$
#8630000
0$
#8635000
1$
#8640000
0$
#8645000
1$
#8650000
0$
#8655000
1$
#8656000
1'
#8660000
0$
#8665000
b1011010 I
b10001011010 +
b10001011010 F
b1000000010000010010100 )
b1000000010000010010100 4
b1000000010000010010100 B
b11110100110 E
b111101001100001010000 -
b111101001100001010000 6
b111101001100001010000 @
b10010001100111 !
b10010001100111 *
b10010001100111 >
1"
1$
#8666000
0'
#8670000
0$
#8675000
0"
b1000110011101 .
b1000110011101 <
b1000110011101 G
b1000110011101 ,
b1000110011101 H
b1000110011101 J
1$
#8680000
0$
#8685000
1$
#8690000
0$
#8695000
1$
#8700000
0$
#8705000
1$
#8710000
0$
#8715000
1$
#8716000
1'
#8720000
0$
#8725000
b1000 I
b1000 +
b1000 F
b1000011010100011011000 )
b1000011010100011011000 4
b1000011010100011011000 B
b1000 E
17
b1000000010000010010100 -
b1000000010000010010100 6
b1000000010000010010100 @
b1000110011101 !
b1000110011101 *
b1000110011101 >
1"
1$
#8726000
0'
#8730000
0$
#8735000
0"
1/
b1111111001101110 .
b1111111001101110 <
b1111111001101110 G
b110010010 ,
b110010010 H
b110010010 J
1$
#8740000
0$
#8745000
1$
#8750000
0$
#8755000
1$
#8760000
0$
#8765000
1$
#8770000
0$
#8775000
1$
#8776000
1'
#8780000
0$
#8785000
b1101010 I
b1101010 +
b1101010 F
b1000110011000100011100 )
b1000110011000100011100 4
b1000110011000100011100 B
b1101010 E
b1000011010100011011000 -
b1000011010100011011000 6
b1000011010100011011000 @
b1111111001101110 !
b1111111001101110 *
b1111111001101110 >
1"
1$
#8786000
0'
#8790000
0$
#8795000
0"
b1110101101000111 .
b1110101101000111 <
b1110101101000111 G
b1010010111001 ,
b1010010111001 H
b1010010111001 J
1$
#8800000
0$
#8805000
1$
#8810000
0$
#8815000
1$
#8820000
0$
#8825000
1$
#8830000
0$
#8835000
1$
#8836000
1'
#8840000
0$
#8845000
b11001100 I
b11001100 +
b11001100 F
b1001001011100101100000 )
b1001001011100101100000 4
b1001001011100101100000 B
b11001100 E
b1000110011000100011100 -
b1000110011000100011100 6
b1000110011000100011100 @
b1110101101000111 !
b1110101101000111 *
b1110101101000111 >
1"
1$
#8846000
0'
#8850000
0$
#8855000
0"
b1101100010011001 .
b1101100010011001 <
b1101100010011001 G
b10011101100111 ,
b10011101100111 H
b10011101100111 J
1$
#8860000
0$
#8865000
1$
#8870000
0$
#8875000
1$
#8880000
0$
#8885000
1$
#8890000
0$
#8895000
1$
#8896000
1'
#8900000
0$
#8905000
b100101110 I
b100101110 +
b100101110 F
b1001100100000110100100 )
b1001100100000110100100 4
b1001100100000110100100 B
b100101110 E
b1001001011100101100000 -
b1001001011100101100000 6
b1001001011100101100000 @
b1101100010011001 !
b1101100010011001 *
b1101100010011001 >
1"
1$
#8906000
0'
#8910000
0$
#8915000
0"
b1100011011001101 .
b1100011011001101 <
b1100011011001101 G
b11100100110011 ,
b11100100110011 H
b11100100110011 J
1$
#8920000
0$
#8925000
1$
#8930000
0$
#8935000
1$
#8940000
0$
#8945000
1$
#8950000
0$
#8955000
1$
#8956000
1'
#8960000
0$
#8965000
b110010000 I
b110010000 +
b110010000 F
b1001111100100111101000 )
b1001111100100111101000 4
b1001111100100111101000 B
b110010000 E
b1001100100000110100100 -
b1001100100000110100100 6
b1001100100000110100100 @
b1100011011001101 !
b1100011011001101 *
b1100011011001101 >
1"
1$
#8966000
0'
#8970000
0$
#8975000
0"
b1011011001001100 .
b1011011001001100 <
b1011011001001100 G
b100100110110100 ,
b100100110110100 H
b100100110110100 J
1$
#8980000
0$
#8985000
1$
#8990000
0$
#8995000
1$
#9000000
0$
#9005000
1$
#9010000
0$
#9015000
1$
#9016000
1'
#9020000
0$
#9025000
b111110010 I
b111110010 +
b111110010 F
b1010010101001000101100 )
b1010010101001000101100 4
b1010010101001000101100 B
b111110010 E
b1001111100100111101000 -
b1001111100100111101000 6
b1001111100100111101000 @
b1011011001001100 !
b1011011001001100 *
b1011011001001100 >
1"
1$
#9026000
0'
#9030000
0$
#9035000
0"
b1010011101110101 .
b1010011101110101 <
b1010011101110101 G
b101100010001011 ,
b101100010001011 H
b101100010001011 J
1$
#9040000
0$
#9045000
1$
#9050000
0$
#9055000
1$
#9060000
0$
#9065000
1$
#9070000
0$
#9075000
1$
#9076000
1'
#9080000
0$
#9085000
b1001010100 I
b1001010100 +
b1001010100 F
b1010101101101001110000 )
b1010101101101001110000 4
b1010101101101001110000 B
b1001010100 E
b1010010101001000101100 -
b1010010101001000101100 6
b1010010101001000101100 @
b1010011101110101 !
b1010011101110101 *
b1010011101110101 >
1"
1$
#9086000
0'
#9090000
0$
#9095000
0"
b1001101010011101 .
b1001101010011101 <
b1001101010011101 G
b110010101100011 ,
b110010101100011 H
b110010101100011 J
1$
#9100000
0$
#9105000
1$
#9110000
0$
#9115000
1$
#9120000
0$
#9125000
1$
#9130000
0$
#9135000
1$
#9136000
1'
#9140000
0$
#9145000
b1010110110 I
b1010110110 +
b1010110110 F
b1011000110001010110100 )
b1011000110001010110100 4
b1011000110001010110100 B
b1010110110 E
b1010101101101001110000 -
b1010101101101001110000 6
b1010101101101001110000 @
b1001101010011101 !
b1001101010011101 *
b1001101010011101 >
1"
1$
#9146000
0'
#9150000
0$
#9155000
0"
b1001000000001110 .
b1001000000001110 <
b1001000000001110 G
b110111111110010 ,
b110111111110010 H
b110111111110010 J
1$
#9160000
0$
#9165000
1$
#9170000
0$
#9175000
1$
#9180000
0$
#9185000
1$
#9190000
0$
#9195000
1$
#9196000
1'
#9200000
0$
#9205000
b1100011000 I
b1100011000 +
b1100011000 F
b1011011110101011111000 )
b1011011110101011111000 4
b1011011110101011111000 B
b1100011000 E
b1011000110001010110100 -
b1011000110001010110100 6
b1011000110001010110100 @
b1001000000001110 !
b1001000000001110 *
b1001000000001110 >
1"
1$
#9206000
0'
#9210000
0$
#9215000
0"
b1000100000000110 .
b1000100000000110 <
b1000100000000110 G
b111011111111010 ,
b111011111111010 H
b111011111111010 J
1$
#9220000
0$
#9225000
1$
#9230000
0$
#9235000
1$
#9240000
0$
#9245000
1$
#9250000
0$
#9255000
1$
#9256000
1'
#9260000
0$
#9265000
b1101111010 I
b1101111010 +
b1101111010 F
b1011110111001100111100 )
b1011110111001100111100 4
b1011110111001100111100 B
b1101111010 E
b1011011110101011111000 -
b1011011110101011111000 6
b1011011110101011111000 @
b1000100000000110 !
b1000100000000110 *
b1000100000000110 >
1"
1$
#9266000
0'
#9270000
0$
#9275000
0"
b1000001010110011 .
b1000001010110011 <
b1000001010110011 G
b111110101001101 ,
b111110101001101 H
b111110101001101 J
1$
#9280000
0$
#9285000
1$
#9290000
0$
#9295000
1$
#9300000
0$
#9305000
1$
#9310000
0$
#9315000
1$
#9316000
1'
#9320000
0$
#9325000
b1111011100 I
b1111011100 +
b1111011100 F
b1100001111101110000000 )
b1100001111101110000000 4
b1100001111101110000000 B
b1111011100 E
b1011110111001100111100 -
b1011110111001100111100 6
b1011110111001100111100 @
b1000001010110011 !
b1000001010110011 *
b1000001010110011 >
1"
1$
#9326000
0'
#9330000
0$
#9335000
0"
b1000000000110011 .
b1000000000110011 <
b1000000000110011 G
b111111111001101 ,
b111111111001101 H
b111111111001101 J
1$
#9340000
0$
#9345000
1$
#9350000
0$
#9355000
1$
#9360000
0$
#9365000
1$
#9370000
0$
#9375000
1$
#9376000
1'
#9380000
0$
#9385000
b1111000010 I
b11111000010 +
b11111000010 F
b1100101000001111000100 )
b1100101000001111000100 4
b1100101000001111000100 B
b10000111110 E
b1100001111101110000000 -
b1100001111101110000000 6
b1100001111101110000000 @
b1000000000110011 !
b1000000000110011 *
b1000000000110011 >
1"
1$
#9386000
0'
#9390000
0$
#9395000
0"
b1000000010010101 .
b1000000010010101 <
b1000000010010101 G
b111111101101011 ,
b111111101101011 H
b111111101101011 J
1$
#9400000
0$
#9405000
1$
#9410000
0$
#9415000
1$
#9420000
0$
#9425000
1$
#9430000
0$
#9435000
1$
#9436000
1'
#9440000
0$
#9445000
b1101100000 I
b11101100000 +
b11101100000 F
b1101000000110000001000 )
b1101000000110000001000 4
b1101000000110000001000 B
b10010100000 E
b1100101000001111000100 -
b1100101000001111000100 6
b1100101000001111000100 @
b1000000010010101 !
b1000000010010101 *
b1000000010010101 >
1"
1$
#9446000
0'
#9450000
0$
#9455000
0"
b1000001111010111 .
b1000001111010111 <
b1000001111010111 G
b111110000101001 ,
b111110000101001 H
b111110000101001 J
1$
#9460000
0$
#9465000
1$
#9470000
0$
#9475000
1$
#9480000
0$
#9485000
1$
#9490000
0$
#9495000
1$
#9496000
1'
#9500000
0$
#9505000
b1011111101 I
b11011111101 +
b11011111101 F
b1101011001010001001100 )
b1101011001010001001100 4
b1101011001010001001100 B
b10100000011 E
b1101000000110000001000 -
b1101000000110000001000 6
b1101000000110000001000 @
b1000001111010111 !
b1000001111010111 *
b1000001111010111 >
1"
1$
#9506000
0'
#9510000
0$
#9515000
0"
b1000100111111001 .
b1000100111111001 <
b1000100111111001 G
b111011000000111 ,
b111011000000111 H
b111011000000111 J
1$
#9520000
0$
#9525000
1$
#9530000
0$
#9535000
1$
#9540000
0$
#9545000
1$
#9550000
0$
#9555000
1$
#9556000
1'
#9560000
0$
#9565000
b1010011011 I
b11010011011 +
b11010011011 F
b1101110001110010010000 )
b1101110001110010010000 4
b1101110001110010010000 B
b10101100101 E
b1101011001010001001100 -
b1101011001010001001100 6
b1101011001010001001100 @
b1000100111111001 !
b1000100111111001 *
b1000100111111001 >
1"
1$
#9566000
0'
#9570000
0$
#9575000
0"
b1001001010111001 .
b1001001010111001 <
b1001001010111001 G
b110110101000111 ,
b110110101000111 H
b110110101000111 J
1$
#9580000
0$
#9585000
1$
#9590000
0$
#9595000
1$
#9600000
0$
#9605000
1$
#9610000
0$
#9615000
1$
#9616000
1'
#9620000
0$
#9625000
b1000111001 I
b11000111001 +
b11000111001 F
b1110001010010011010100 )
b1110001010010011010100 4
b1110001010010011010100 B
b10111000111 E
b1101110001110010010000 -
b1101110001110010010000 6
b1101110001110010010000 @
b1001001010111001 !
b1001001010111001 *
b1001001010111001 >
1"
1$
#9626000
0'
#9630000
0$
#9635000
0"
b1001110111101111 .
b1001110111101111 <
b1001110111101111 G
b110001000010001 ,
b110001000010001 H
b110001000010001 J
1$
#9640000
0$
#9645000
1$
#9650000
0$
#9655000
1$
#9660000
0$
#9665000
1$
#9670000
0$
#9675000
1$
#9676000
1'
#9680000
0$
#9685000
b111010111 I
b10111010111 +
b10111010111 F
b1110100010110100011000 )
b1110100010110100011000 4
b1110100010110100011000 B
b11000101001 E
b1110001010010011010100 -
b1110001010010011010100 6
b1110001010010011010100 @
b1001110111101111 !
b1001110111101111 *
b1001110111101111 >
1"
1$
#9686000
0'
#9690000
0$
#9695000
0"
b1010101101011100 .
b1010101101011100 <
b1010101101011100 G
b101010010100100 ,
b101010010100100 H
b101010010100100 J
1$
#9700000
0$
#9705000
1$
#9710000
0$
#9715000
1$
#9720000
0$
#9725000
1$
#9730000
0$
#9735000
1$
#9736000
1'
#9740000
0$
#9745000
b101110101 I
b10101110101 +
b10101110101 F
b1110111011010101011100 )
b1110111011010101011100 4
b1110111011010101011100 B
b11010001011 E
b1110100010110100011000 -
b1110100010110100011000 6
b1110100010110100011000 @
b1010101101011100 !
b1010101101011100 *
b1010101101011100 >
1"
1$
#9746000
0'
#9750000
0$
#9755000
0"
b1011101010110010 .
b1011101010110010 <
b1011101010110010 G
b100010101001110 ,
b100010101001110 H
b100010101001110 J
1$
#9760000
0$
#9765000
1$
#9770000
0$
#9775000
1$
#9780000
0$
#9785000
1$
#9790000
0$
#9795000
1$
#9796000
1'
#9800000
0$
#9805000
b100010011 I
b10100010011 +
b10100010011 F
b1111010011110110100000 )
b1111010011110110100000 4
b1111010011110110100000 B
b11011101101 E
b1110111011010101011100 -
b1110111011010101011100 6
b1110111011010101011100 @
b1011101010110010 !
b1011101010110010 *
b1011101010110010 >
1"
1$
#9806000
0'
#9810000
0$
#9815000
0"
b1100101110011000 .
b1100101110011000 <
b1100101110011000 G
b11010001101000 ,
b11010001101000 H
b11010001101000 J
1$
#9820000
0$
#9825000
1$
#9830000
0$
#9835000
1$
#9840000
0$
#9845000
1$
#9850000
0$
#9855000
1$
#9856000
1'
#9860000
0$
#9865000
b10110001 I
b10010110001 +
b10010110001 F
b1111101100010111100100 )
b1111101100010111100100 4
b1111101100010111100100 B
b11101001111 E
b1111010011110110100000 -
b1111010011110110100000 6
b1111010011110110100000 @
b1100101110011000 !
b1100101110011000 *
b1100101110011000 >
1"
1$
#9866000
0'
#9870000
0$
#9875000
0"
b1101110110101100 .
b1101110110101100 <
b1101110110101100 G
b10001001010100 ,
b10001001010100 H
b10001001010100 J
1$
#9880000
0$
#9885000
1$
#9890000
0$
#9895000
1$
#9900000
0$
#9905000
1$
#9910000
0$
#9915000
1$
#9916000
1'
#9920000
0$
#9925000
b1001111 I
b10001001111 +
b10001001111 F
b100111000101000 )
b100111000101000 4
b100111000101000 B
1C
b11110110001 E
b1111101100010111100100 -
b1111101100010111100100 6
b1111101100010111100100 @
b1101110110101100 !
b1101110110101100 *
b1101110110101100 >
1"
1$
#9926000
0'
#9930000
0$
#9935000
0"
b1111000010000111 .
b1111000010000111 <
b1111000010000111 G
b111101111001 ,
b111101111001 H
b111101111001 J
1$
#9940000
0$
#9945000
1$
#9950000
0$
#9955000
1$
#9960000
0$
#9965000
1$
#9970000
0$
#9975000
1$
#9976000
1'
#9980000
0$
#9985000
b10011 I
b10011 +
b10011 F
b11101011001101100 )
b11101011001101100 4
b11101011001101100 B
0C
b10011 E
07
b100111000101000 -
b100111000101000 6
b100111000101000 @
b1111000010000111 !
b1111000010000111 *
b1111000010000111 >
1"
1$
#9986000
0'
#9990000
0$
#9995000
0"
0/
b1110111011 .
b1110111011 <
b1110111011 G
b1110111011 ,
b1110111011 H
b1110111011 J
1$
#10000000
0$
#10005000
1$
#10010000
0$
#10015000
1$
#10020000
0$
#10025000
1$
#10030000
0$
#10035000
1$
#10036000
1'
#10040000
0$
#10045000
b1110101 I
b1110101 +
b1110101 F
b110101111010110000 )
b110101111010110000 4
b110101111010110000 B
b1110101 E
b11101011001101100 -
b11101011001101100 6
b11101011001101100 @
b1110111011 !
b1110111011 *
b1110111011 >
1"
1$
#10046000
0'
#10050000
0$
#10055000
0"
b1011011011001 .
b1011011011001 <
b1011011011001 G
b1011011011001 ,
b1011011011001 H
b1011011011001 J
1$
#10060000
0$
#10065000
1$
#10070000
0$
#10075000
1$
#10080000
0$
#10085000
1$
#10090000
0$
#10095000
1$
#10096000
1'
#10100000
0$
#10105000
b11010111 I
b11010111 +
b11010111 F
b1001110011011110100 )
b1001110011011110100 4
b1001110011011110100 B
b11010111 E
b110101111010110000 -
b110101111010110000 6
b110101111010110000 @
b1011011011001 !
b1011011011001 *
b1011011011001 >
1"
1$
#10106000
0'
#10110000
0$
#10115000
0"
b10100101110100 .
b10100101110100 <
b10100101110100 G
b10100101110100 ,
b10100101110100 H
b10100101110100 J
1$
#10120000
0$
#10125000
1$
#10130000
0$
#10135000
1$
#10140000
0$
#10145000
1$
#10150000
0$
#10155000
1$
#10156000
1'
#10160000
0$
#10165000
b100111001 I
b100111001 +
b100111001 F
b1100110111100111000 )
b1100110111100111000 4
b1100110111100111000 B
b100111001 E
b1001110011011110100 -
b1001110011011110100 6
b1001110011011110100 @
b10100101110100 !
b10100101110100 *
b10100101110100 >
1"
1$
#10166000
0'
#10170000
0$
#10175000
0"
b11101100011111 .
b11101100011111 <
b11101100011111 G
b11101100011111 ,
b11101100011111 H
b11101100011111 J
1$
#10180000
0$
#10185000
1$
#10190000
0$
#10195000
1$
#10200000
0$
#10205000
1$
#10210000
0$
#10215000
1$
#10216000
1'
#10220000
0$
#10225000
b110011011 I
b110011011 +
b110011011 F
b1111111011101111100 )
b1111111011101111100 4
b1111111011101111100 B
b110011011 E
b1100110111100111000 -
b1100110111100111000 6
b1100110111100111000 @
b11101100011111 !
b11101100011111 *
b11101100011111 >
1"
1$
#10226000
0'
#10230000
0$
#10235000
0"
b100101101110101 .
b100101101110101 <
b100101101110101 G
b100101101110101 ,
b100101101110101 H
b100101101110101 J
1$
#10240000
0$
#10245000
1$
#10250000
0$
#10255000
1$
#10260000
0$
#10265000
1$
#10270000
0$
#10275000
1$
#10276000
1'
#10280000
0$
#10285000
b111111101 I
b111111101 +
b111111101 F
b10010111111111000000 )
b10010111111111000000 4
b10010111111111000000 B
b111111101 E
b1111111011101111100 -
b1111111011101111100 6
b1111111011101111100 @
b100101101110101 !
b100101101110101 *
b100101101110101 >
1"
1$
#10286000
0'
#10290000
0$
#10295000
0"
b101101000010111 .
b101101000010111 <
b101101000010111 G
b101101000010111 ,
b101101000010111 H
b101101000010111 J
1$
#10300000
0$
#10305000
1$
#10310000
0$
#10315000
1$
#10320000
0$
#10325000
1$
#10330000
0$
#10335000
1$
#10336000
1'
#10340000
0$
#10345000
b1001011111 I
b1001011111 +
b1001011111 F
b10110000100000000100 )
b10110000100000000100 4
b10110000100000000100 B
b1001011111 E
b10010111111111000000 -
b10010111111111000000 6
b10010111111111000000 @
b101101000010111 !
b101101000010111 *
b101101000010111 >
1"
1$
#10346000
0'
#10350000
0$
#10355000
0"
b110011010110001 .
b110011010110001 <
b110011010110001 G
b110011010110001 ,
b110011010110001 H
b110011010110001 J
1$
#10360000
0$
#10365000
1$
#10370000
0$
#10375000
1$
#10380000
0$
#10385000
1$
#10390000
0$
#10395000
1$
#10396000
1'
#10400000
0$
#10405000
b1011000010 I
b1011000010 +
b1011000010 F
b11001001000001001000 )
b11001001000001001000 4
b11001001000001001000 B
b1011000010 E
b10110000100000000100 -
b10110000100000000100 6
b10110000100000000100 @
b110011010110001 !
b110011010110001 *
b110011010110001 >
1"
1$
#10406000
0'
#10410000
0$
#10415000
0"
b111000100010001 .
b111000100010001 <
b111000100010001 G
b111000100010001 ,
b111000100010001 H
b111000100010001 J
1$
#10420000
0$
#10425000
1$
#10430000
0$
#10435000
1$
#10440000
0$
#10445000
1$
#10450000
0$
#10455000
1$
#10456000
1'
#10460000
0$
#10465000
b1100100100 I
b1100100100 +
b1100100100 F
b11100001100010001100 )
b11100001100010001100 4
b11100001100010001100 B
b1100100100 E
b11001001000001001000 -
b11001001000001001000 6
b11001001000001001000 @
b111000100010001 !
b111000100010001 *
b111000100010001 >
1"
1$
#10466000
0'
#10470000
0$
#10475000
0"
b111100011000111 .
b111100011000111 <
b111100011000111 G
b111100011000111 ,
b111100011000111 H
b111100011000111 J
1$
#10480000
0$
#10485000
1$
#10490000
0$
#10495000
1$
#10500000
0$
#10505000
1$
#10510000
0$
#10515000
1$
#10516000
1'
#10520000
0$
#10525000
b1110000110 I
b1110000110 +
b1110000110 F
b11111010000011010000 )
b11111010000011010000 4
b11111010000011010000 B
b1110000110 E
b11100001100010001100 -
b11100001100010001100 6
b11100001100010001100 @
b111100011000111 !
b111100011000111 *
b111100011000111 >
1"
1$
#10526000
0'
#10530000
0$
#10535000
0"
b111110111000011 .
b111110111000011 <
b111110111000011 G
b111110111000011 ,
b111110111000011 H
b111110111000011 J
1$
#10540000
0$
#10545000
1$
#10550000
0$
#10555000
1$
#10560000
0$
#10565000
1$
#10570000
0$
#10575000
1$
#10576000
1'
#10580000
0$
#10585000
b1111101000 I
b1111101000 +
b1111101000 F
b100010010100100010100 )
b100010010100100010100 4
b100010010100100010100 B
b1111101000 E
b11111010000011010000 -
b11111010000011010000 6
b11111010000011010000 @
b111110111000011 !
b111110111000011 *
b111110111000011 >
1"
1$
#10586000
0'
#10590000
0$
#10595000
0"
b111111111101001 .
b111111111101001 <
b111111111101001 G
b111111111101001 ,
b111111111101001 H
b111111111101001 J
1$
#10600000
0$
#10605000
1$
#10610000
0$
#10615000
1$
#10620000
0$
#10625000
1$
#10630000
0$
#10635000
1$
#10636000
1'
#10640000
0$
#10645000
b1110110110 I
b11110110110 +
b11110110110 F
b100101011000101011000 )
b100101011000101011000 4
b100101011000101011000 B
b10001001010 E
b100010010100100010100 -
b100010010100100010100 6
b100010010100100010100 @
b111111111101001 !
b111111111101001 *
b111111111101001 >
1"
1$
#10646000
0'
#10650000
0$
#10655000
0"
b111111100101100 .
b111111100101100 <
b111111100101100 G
b111111100101100 ,
b111111100101100 H
b111111100101100 J
1$
#10660000
0$
#10665000
1$
#10670000
0$
#10675000
1$
#10680000
0$
#10685000
1$
#10690000
0$
#10695000
1$
#10696000
1'
#10700000
0$
#10705000
b1101010100 I
b11101010100 +
b11101010100 F
b101000011100110011100 )
b101000011100110011100 4
b101000011100110011100 B
b10010101100 E
b100101011000101011000 -
b100101011000101011000 6
b100101011000101011000 @
b111111100101100 !
b111111100101100 *
b111111100101100 >
1"
1$
#10706000
0'
#10710000
0$
#10715000
0"
b111101110010001 .
b111101110010001 <
b111101110010001 G
b111101110010001 ,
b111101110010001 H
b111101110010001 J
1$
#10720000
0$
#10725000
1$
#10730000
0$
#10735000
1$
#10740000
0$
#10745000
1$
#10750000
0$
#10755000
1$
#10756000
1'
#10760000
0$
#10765000
b1011110010 I
b11011110010 +
b11011110010 F
b101011100000111100000 )
b101011100000111100000 4
b101011100000111100000 B
b10100001110 E
b101000011100110011100 -
b101000011100110011100 6
b101000011100110011100 @
b111101110010001 !
b111101110010001 *
b111101110010001 >
1"
1$
#10766000
0'
#10770000
0$
#10775000
0"
b111010100101101 .
b111010100101101 <
b111010100101101 G
b111010100101101 ,
b111010100101101 H
b111010100101101 J
1$
#10780000
0$
#10785000
1$
#10790000
0$
#10795000
1$
#10800000
0$
#10805000
1$
#10810000
0$
#10815000
1$
#10816000
1'
#10820000
0$
#10825000
b1010010000 I
b11010010000 +
b11010010000 F
b101110100101000100100 )
b101110100101000100100 4
b101110100101000100100 B
b10101110000 E
b101011100000111100000 -
b101011100000111100000 6
b101011100000111100000 @
b111010100101101 !
b111010100101101 *
b111010100101101 >
1"
1$
#10826000
0'
#10830000
0$
#10835000
0"
b110110000100011 .
b110110000100011 <
b110110000100011 G
b110110000100011 ,
b110110000100011 H
b110110000100011 J
1$
#10840000
0$
#10845000
1$
#10850000
0$
#10855000
1$
#10860000
0$
#10865000
1$
#10870000
0$
#10875000
1$
#10876000
1'
#10880000
0$
#10885000
b1000101110 I
b11000101110 +
b11000101110 F
b110001101001001101000 )
b110001101001001101000 4
b110001101001001101000 B
b10111010010 E
b101110100101000100100 -
b101110100101000100100 6
b101110100101000100100 @
b110110000100011 !
b110110000100011 *
b110110000100011 >
1"
1$
#10886000
0'
#10890000
0$
#10895000
0"
b110000010101010 .
b110000010101010 <
b110000010101010 G
b110000010101010 ,
b110000010101010 H
b110000010101010 J
1$
#10900000
0$
#10905000
1$
#10910000
0$
#10915000
1$
#10920000
0$
#10925000
1$
#10930000
0$
#10935000
1$
#10936000
1'
#10940000
0$
#10945000
b111001100 I
b10111001100 +
b10111001100 F
b110100101101010101100 )
b110100101101010101100 4
b110100101101010101100 B
b11000110100 E
b110001101001001101000 -
b110001101001001101000 6
b110001101001001101000 @
b110000010101010 !
b110000010101010 *
b110000010101010 >
1"
1$
#10946000
0'
#10950000
0$
#10955000
0"
b101001100000010 .
b101001100000010 <
b101001100000010 G
b101001100000010 ,
b101001100000010 H
b101001100000010 J
1$
#10960000
0$
#10965000
1$
#10970000
0$
#10975000
1$
#10980000
0$
#10985000
1$
#10990000
0$
#10995000
1$
#10996000
1'
#11000000
0$
#11005000
b101101010 I
b10101101010 +
b10101101010 F
b110111110001011110000 )
b110111110001011110000 4
b110111110001011110000 B
b11010010110 E
b110100101101010101100 -
b110100101101010101100 6
b110100101101010101100 @
b101001100000010 !
b101001100000010 *
b101001100000010 >
1"
1$
#11006000
0'
#11010000
0$
#11015000
0"
b100001101111011 .
b100001101111011 <
b100001101111011 G
b100001101111011 ,
b100001101111011 H
b100001101111011 J
1$
#11020000
0$
#11025000
1$
#11030000
0$
#11035000
1$
#11040000
0$
#11045000
1$
#11050000
0$
#11055000
1$
#11056000
1'
#11060000
0$
#11065000
b100001000 I
b10100001000 +
b10100001000 F
b111010110101100110100 )
b111010110101100110100 4
b111010110101100110100 B
b11011111000 E
b110111110001011110000 -
b110111110001011110000 6
b110111110001011110000 @
b100001101111011 !
b100001101111011 *
b100001101111011 >
1"
1$
#11066000
0'
#11070000
0$
#11075000
0"
b11001001101110 .
b11001001101110 <
b11001001101110 G
b11001001101110 ,
b11001001101110 H
b11001001101110 J
1$
#11080000
0$
#11085000
1$
#11090000
0$
#11095000
1$
#11100000
0$
#11105000
1$
#11110000
0$
#11115000
1$
#11116000
1'
#11120000
0$
#11125000
b10100110 I
b10010100110 +
b10010100110 F
b111101111001101111000 )
b111101111001101111000 4
b111101111001101111000 B
b11101011010 E
b111010110101100110100 -
b111010110101100110100 6
b111010110101100110100 @
b11001001101110 !
b11001001101110 *
b11001001101110 >
1"
1$
#11126000
0'
#11130000
0$
#11135000
0"
b10000000111110 .
b10000000111110 <
b10000000111110 G
b10000000111110 ,
b10000000111110 H
b10000000111110 J
1$
#11140000
0$
#11145000
1$
#11150000
0$
#11155000
1$
#11160000
0$
#11165000
1$
#11170000
0$
#11175000
1$
#11176000
1'
#11180000
0$
#11185000
b1000100 I
b10001000100 +
b10001000100 F
b1000000111101110111100 )
b1000000111101110111100 4
b1000000111101110111100 B
b11110111100 E
b111101111001101111000 -
b111101111001101111000 6
b111101111001101111000 @
b10000000111110 !
b10000000111110 *
b10000000111110 >
1"
1$
#11186000
0'
#11190000
0$
#11195000
0"
b110101010100 .
b110101010100 <
b110101010100 G
b110101010100 ,
b110101010100 H
b110101010100 J
1$
#11200000
0$
#11205000
1$
#11210000
0$
#11215000
1$
#11220000
0$
#11225000
1$
#11230000
0$
#11235000
1$
#11236000
1'
#11240000
0$
#11245000
b11110 I
b11110 +
b11110 F
b1000100000010000000000 )
b1000100000010000000000 4
b1000100000010000000000 B
b11110 E
17
b1000000111101110111100 -
b1000000111101110111100 6
b1000000111101110111100 @
b110101010100 !
b110101010100 *
b110101010100 >
1"
1$
#11246000
0'
#11250000
0$
#11255000
0"
1/
b1111101000011101 .
b1111101000011101 <
b1111101000011101 G
b10111100011 ,
b10111100011 H
b10111100011 J
1$
#11260000
0$
#11265000
1$
#11270000
0$
#11275000
1$
#11280000
0$
#11285000
1$
#11290000
0$
#11295000
1$
#11296000
1'
#11300000
0$
#11305000
b10000001 I
b10000001 +
b10000001 F
b1000111000110001000100 )
b1000111000110001000100 4
b1000111000110001000100 B
b10000001 E
b1000100000010000000000 -
b1000100000010000000000 6
b1000100000010000000000 @
b1111101000011101 !
b1111101000011101 *
b1111101000011101 >
1"
1$
#11306000
0'
#11310000
0$
#11315000
0"
b1110011011010110 .
b1110011011010110 <
b1110011011010110 G
b1100100101010 ,
b1100100101010 H
b1100100101010 J
1$
#11320000
0$
#11325000
1$
#11330000
0$
#11335000
1$
#11340000
0$
#11345000
1$
#11350000
0$
#11355000
1$
#11356000
1'
#11360000
0$
#11365000
b11100011 I
b11100011 +
b11100011 F
b1001010001010010001000 )
b1001010001010010001000 4
b1001010001010010001000 B
b11100011 E
b1000111000110001000100 -
b1000111000110001000100 6
b1000111000110001000100 @
b1110011011010110 !
b1110011011010110 *
b1110011011010110 >
1"
1$
#11366000
0'
#11370000
0$
#11375000
0"
b1101010001010011 .
b1101010001010011 <
b1101010001010011 G
b10101110101101 ,
b10101110101101 H
b10101110101101 J
1$
#11380000
0$
#11385000
1$
#11390000
0$
#11395000
1$
#11400000
0$
#11405000
1$
#11410000
0$
#11415000
1$
#11416000
1'
#11420000
0$
#11425000
b101000101 I
b101000101 +
b101000101 F
b1001101001110011001100 )
b1001101001110011001100 4
b1001101001110011001100 B
b101000101 E
b1001010001010010001000 -
b1001010001010010001000 6
b1001010001010010001000 @
b1101010001010011 !
b1101010001010011 *
b1101010001010011 >
1"
1$
#11426000
0'
#11430000
0$
#11435000
0"
b1100001011001101 .
b1100001011001101 <
b1100001011001101 G
b11110100110011 ,
b11110100110011 H
b11110100110011 J
1$
#11440000
0$
#11445000
1$
#11450000
0$
#11455000
1$
#11460000
0$
#11465000
1$
#11470000
0$
#11475000
1$
#11476000
1'
#11480000
0$
#11485000
b110100111 I
b110100111 +
b110100111 F
b1010000010010100010000 )
b1010000010010100010000 4
b1010000010010100010000 B
b110100111 E
b1001101001110011001100 -
b1001101001110011001100 6
b1001101001110011001100 @
b1100001011001101 !
b1100001011001101 *
b1100001011001101 >
1"
1$
#11486000
0'
#11490000
0$
#11495000
0"
b1011001010100111 .
b1011001010100111 <
b1011001010100111 G
b100110101011001 ,
b100110101011001 H
b100110101011001 J
1$
#11500000
0$
#11505000
1$
#11510000
0$
#11515000
1$
#11520000
0$
#11525000
1$
#11530000
0$
#11535000
1$
#11536000
1'
#11540000
0$
#11545000
b1000001001 I
b1000001001 +
b1000001001 F
b1010011010110101010100 )
b1010011010110101010100 4
b1010011010110101010100 B
b1000001001 E
b1010000010010100010000 -
b1010000010010100010000 6
b1010000010010100010000 @
b1011001010100111 !
b1011001010100111 *
b1011001010100111 >
1"
1$
#11546000
0'
#11550000
0$
#11555000
0"
b1010010001000001 .
b1010010001000001 <
b1010010001000001 G
b101101110111111 ,
b101101110111111 H
b101101110111111 J
1$
#11560000
0$
#11565000
1$
#11570000
0$
#11575000
1$
#11580000
0$
#11585000
1$
#11590000
0$
#11595000
1$
#11596000
1'
#11600000
0$
#11605000
b1001101011 I
b1001101011 +
b1001101011 F
b1010110011010110011000 )
b1010110011010110011000 4
b1010110011010110011000 B
b1001101011 E
b1010011010110101010100 -
b1010011010110101010100 6
b1010011010110101010100 @
b1010010001000001 !
b1010010001000001 *
b1010010001000001 >
1"
1$
#11606000
0'
#11610000
0$
#11615000
0"
b1001011111101100 .
b1001011111101100 <
b1001011111101100 G
b110100000010100 ,
b110100000010100 H
b110100000010100 J
1$
#11620000
0$
#11625000
1$
#11630000
0$
#11635000
1$
#11640000
0$
#11645000
1$
#11650000
0$
#11655000
1$
#11656000
1'
#11660000
0$
#11665000
b1011001101 I
b1011001101 +
b1011001101 F
b1011001011110111011100 )
b1011001011110111011100 4
b1011001011110111011100 B
b1011001101 E
b1010110011010110011000 -
b1010110011010110011000 6
b1010110011010110011000 @
b1001011111101100 !
b1001011111101100 *
b1001011111101100 >
1"
1$
#11666000
0'
#11670000
0$
#11675000
0"
b1000110111110000 .
b1000110111110000 <
b1000110111110000 G
b111001000010000 ,
b111001000010000 H
b111001000010000 J
1$
#11680000
0$
#11685000
1$
#11690000
0$
#11695000
1$
#11700000
0$
#11705000
1$
#11710000
0$
#11715000
1$
#11716000
1'
#11720000
0$
#11725000
b1100101111 I
b1100101111 +
b1100101111 F
b1011100100011000100000 )
b1011100100011000100000 4
b1011100100011000100000 B
b1100101111 E
b1011001011110111011100 -
b1011001011110111011100 6
b1011001011110111011100 @
b1000110111110000 !
b1000110111110000 *
b1000110111110000 >
1"
1$
#11726000
0'
#11730000
0$
#11735000
0"
b1000011010000111 .
b1000011010000111 <
b1000011010000111 G
b111100101111001 ,
b111100101111001 H
b111100101111001 J
1$
#11740000
0$
#11745000
1$
#11750000
0$
#11755000
1$
#11760000
0$
#11765000
1$
#11770000
0$
#11775000
1$
#11776000
1'
#11780000
0$
#11785000
b1110010001 I
b1110010001 +
b1110010001 F
b1011111100111001100100 )
b1011111100111001100100 4
b1011111100111001100100 B
b1110010001 E
b1011100100011000100000 -
b1011100100011000100000 6
b1011100100011000100000 @
b1000011010000111 !
b1000011010000111 *
b1000011010000111 >
1"
1$
#11786000
0'
#11790000
0$
#11795000
0"
b1000000111011011 .
b1000000111011011 <
b1000000111011011 G
b111111000100101 ,
b111111000100101 H
b111111000100101 J
1$
#11800000
0$
#11805000
1$
#11810000
0$
#11815000
1$
#11820000
0$
#11825000
1$
#11830000
0$
#11835000
1$
#11836000
1'
#11840000
0$
#11845000
b1111110011 I
b1111110011 +
b1111110011 F
b1100010101011010101000 )
b1100010101011010101000 4
b1100010101011010101000 B
b1111110011 E
b1011111100111001100100 -
b1011111100111001100100 6
b1011111100111001100100 @
b1000000111011011 !
b1000000111011011 *
b1000000111011011 >
1"
1$
#11846000
0'
#11850000
0$
#11855000
0"
b1000000000001000 .
b1000000000001000 <
b1000000000001000 G
b111111111111000 ,
b111111111111000 H
b111111111111000 J
1$
#11860000
0$
#11865000
1$
#11870000
0$
#11875000
1$
#11880000
0$
#11885000
1$
#11890000
0$
#11895000
1$
#11896000
1'
#11900000
0$
#11905000
b1110101011 I
b11110101011 +
b11110101011 F
b1100101101111011101100 )
b1100101101111011101100 4
b1100101101111011101100 B
b10001010101 E
b1100010101011010101000 -
b1100010101011010101000 6
b1100010101011010101000 @
b1000000000001000 !
b1000000000001000 *
b1000000000001000 >
1"
1$
#11906000
0'
#11910000
0$
#11915000
0"
b1000000100010111 .
b1000000100010111 <
b1000000100010111 G
b111111011101001 ,
b111111011101001 H
b111111011101001 J
1$
#11920000
0$
#11925000
1$
#11930000
0$
#11935000
1$
#11940000
0$
#11945000
1$
#11950000
0$
#11955000
1$
#11956000
1'
#11960000
0$
#11965000
b1101001001 I
b11101001001 +
b11101001001 F
b1101000110011100110000 )
b1101000110011100110000 4
b1101000110011100110000 B
b10010110111 E
b1100101101111011101100 -
b1100101101111011101100 6
b1100101101111011101100 @
b1000000100010111 !
b1000000100010111 *
b1000000100010111 >
1"
1$
#11966000
0'
#11970000
0$
#11975000
0"
b1000010100000100 .
b1000010100000100 <
b1000010100000100 G
b111101011111100 ,
b111101011111100 H
b111101011111100 J
1$
#11980000
0$
#11985000
1$
#11990000
0$
#11995000
1$
#12000000
0$
#12005000
1$
#12010000
0$
#12015000
1$
#12016000
1'
#12020000
0$
#12025000
b1011100111 I
b11011100111 +
b11011100111 F
b1101011110111101110100 )
b1101011110111101110100 4
b1101011110111101110100 B
b10100011001 E
b1101000110011100110000 -
b1101000110011100110000 6
b1101000110011100110000 @
b1000010100000100 !
b1000010100000100 *
b1000010100000100 >
1"
1$
#12026000
0'
#12030000
0$
#12035000
0"
b1000101110110110 .
b1000101110110110 <
b1000101110110110 G
b111010001001010 ,
b111010001001010 H
b111010001001010 J
1$
#12040000
0$
#12045000
1$
#12050000
0$
#12055000
1$
#12060000
0$
#12065000
1$
#12070000
0$
#12075000
1$
#12076000
1'
#12080000
0$
#12085000
b1010000101 I
b11010000101 +
b11010000101 F
b1101110111011110111000 )
b1101110111011110111000 4
b1101110111011110111000 B
b10101111011 E
b1101011110111101110100 -
b1101011110111101110100 6
b1101011110111101110100 @
b1000101110110110 !
b1000101110110110 *
b1000101110110110 >
1"
1$
#12086000
0'
#12090000
0$
#12095000
0"
b1001010100001000 .
b1001010100001000 <
b1001010100001000 G
b110101011111000 ,
b110101011111000 H
b110101011111000 J
1$
#12100000
0$
#12105000
1$
#12110000
0$
#12115000
1$
#12120000
0$
#12125000
1$
#12130000
0$
#12135000
1$
#12136000
1'
#12140000
0$
#12145000
b1000100011 I
b11000100011 +
b11000100011 F
b1110001111111111111100 )
b1110001111111111111100 4
b1110001111111111111100 B
b10111011101 E
b1101110111011110111000 -
b1101110111011110111000 6
b1101110111011110111000 @
b1001010100001000 !
b1001010100001000 *
b1001010100001000 >
1"
1$
#12146000
0'
#12150000
0$
#12155000
0"
b1010000011000100 .
b1010000011000100 <
b1010000011000100 G
b101111100111100 ,
b101111100111100 H
b101111100111100 J
1$
#12160000
0$
#12165000
1$
#12170000
0$
#12175000
1$
#12180000
0$
#12185000
1$
#12190000
0$
#12195000
1$
#12196000
1'
#12200000
0$
#12205000
b111000001 I
b10111000001 +
b10111000001 F
b1110101000100001000000 )
b1110101000100001000000 4
b1110101000100001000000 B
b11000111111 E
b1110001111111111111100 -
b1110001111111111111100 6
b1110001111111111111100 @
b1010000011000100 !
b1010000011000100 *
b1010000011000100 >
1"
1$
#12206000
0'
#12210000
0$
#12215000
0"
b1010111010100110 .
b1010111010100110 <
b1010111010100110 G
b101000101011010 ,
b101000101011010 H
b101000101011010 J
1$
#12220000
0$
#12225000
1$
#12230000
0$
#12235000
1$
#12240000
0$
#12245000
1$
#12250000
0$
#12255000
1$
#12256000
1'
#12260000
0$
#12265000
b101011110 I
b10101011110 +
b10101011110 F
b1111000001000010000100 )
b1111000001000010000100 4
b1111000001000010000100 B
b11010100010 E
b1110101000100001000000 -
b1110101000100001000000 6
b1110101000100001000000 @
b1010111010100110 !
b1010111010100110 *
b1010111010100110 >
1"
1$
#12266000
0'
#12270000
0$
#12275000
0"
b1011111010001001 .
b1011111010001001 <
b1011111010001001 G
b100000101110111 ,
b100000101110111 H
b100000101110111 J
1$
#12280000
0$
#12285000
1$
#12290000
0$
#12295000
1$
#12300000
0$
#12305000
1$
#12310000
0$
#12315000
1$
#12316000
1'
#12320000
0$
#12325000
b11111100 I
b10011111100 +
b10011111100 F
b1111011001100011001000 )
b1111011001100011001000 4
b1111011001100011001000 B
b11100000100 E
b1111000001000010000100 -
b1111000001000010000100 6
b1111000001000010000100 @
b1011111010001001 !
b1011111010001001 *
b1011111010001001 >
1"
1$
#12326000
0'
#12330000
0$
#12335000
0"
b1100111110111111 .
b1100111110111111 <
b1100111110111111 G
b11000001000001 ,
b11000001000001 H
b11000001000001 J
1$
#12340000
0$
#12345000
1$
#12350000
0$
#12355000
1$
#12360000
0$
#12365000
1$
#12370000
0$
#12375000
1$
#12376000
1'
#12380000
0$
#12385000
b10011010 I
b10010011010 +
b10010011010 F
b1111110010000100001100 )
b1111110010000100001100 4
b1111110010000100001100 B
b11101100110 E
b1111011001100011001000 -
b1111011001100011001000 6
b1111011001100011001000 @
b1100111110111111 !
b1100111110111111 *
b1100111110111111 >
1"
1$
#12386000
0'
#12390000
0$
#12395000
0"
b1110001000001011 .
b1110001000001011 <
b1110001000001011 G
b1110111110101 ,
b1110111110101 H
b1110111110101 J
1$
#12400000
0$
#12405000
1$
#12410000
0$
#12415000
1$
#12420000
0$
#12425000
1$
#12430000
0$
#12435000
1$
#12436000
1'
#12440000
0$
#12445000
b111000 I
b10000111000 +
b10000111000 F
b1010100101010000 )
b1010100101010000 4
b1010100101010000 B
1C
b11111001000 E
b1111110010000100001100 -
b1111110010000100001100 6
b1111110010000100001100 @
b1110001000001011 !
b1110001000001011 *
b1110001000001011 >
1"
1$
#12446000
0'
#12450000
0$
#12455000
0"
b1111010100000101 .
b1111010100000101 <
b1111010100000101 G
b101011111011 ,
b101011111011 H
b101011111011 J
1$
#12460000
0$
#12465000
1$
#12470000
0$
#12475000
1$
#12480000
0$
#12485000
1$
#12490000
0$
#12495000
1$
#12496000
1'
#12500000
0$
#12505000
b101010 I
b101010 +
b101010 F
b100011000110010100 )
b100011000110010100 4
b100011000110010100 B
0C
b101010 E
07
b1010100101010000 -
b1010100101010000 6
b1010100101010000 @
b1111010100000101 !
b1111010100000101 *
b1111010100000101 >
1"
1$
#12506000
0'
#12510000
0$
#12515000
0"
0/
b100000111110 .
b100000111110 <
b100000111110 G
b100000111110 ,
b100000111110 H
b100000111110 J
1$
#12516000
b10010000110010100 )
b10010000110010100 4
b10010000110010100 B
b111100001000100 %
b111100001000100 (
b111100001000100 ?
#12520000
0$
#12525000
1$
#12530000
0$
#12535000
1$
#12540000
0$
#12545000
1$
#12550000
0$
#12555000
1$
#12560000
0$
#12565000
1$
#12566000
1'
#12570000
0$
#12575000
b1001000 I
b1001000 +
b1001000 F
b11001100111011000 )
b11001100111011000 4
b11001100111011000 B
b1001000 E
1"
b100000111110 !
b100000111110 *
b100000111110 >
b10010000110010100 -
b10010000110010100 6
b10010000110010100 @
1$
#12576000
0'
#12580000
0$
#12585000
0"
b111000011100 .
b111000011100 <
b111000011100 G
b111000011100 ,
b111000011100 H
b111000011100 J
1$
#12590000
0$
#12595000
1$
#12600000
0$
#12605000
1$
#12610000
0$
#12615000
1$
#12620000
0$
#12625000
1$
#12626000
1'
#12630000
0$
#12635000
b1100110 I
b1100110 +
b1100110 F
b100001001000011100 )
b100001001000011100 4
b100001001000011100 B
b1100110 E
1"
b111000011100 !
b111000011100 *
b111000011100 >
b11001100111011000 -
b11001100111011000 6
b11001100111011000 @
1$
#12636000
0'
#12640000
0$
#12645000
0"
b1001111110010 .
b1001111110010 <
b1001111110010 G
b1001111110010 ,
b1001111110010 H
b1001111110010 J
1$
#12650000
0$
#12655000
1$
#12660000
0$
#12665000
1$
#12670000
0$
#12675000
1$
#12680000
0$
#12685000
1$
#12686000
1'
#12690000
0$
#12695000
b10000100 I
b10000100 +
b10000100 F
b101000101001100000 )
b101000101001100000 4
b101000101001100000 B
b10000100 E
1"
b1001111110010 !
b1001111110010 *
b1001111110010 >
b100001001000011100 -
b100001001000011100 6
b100001001000011100 @
1$
#12696000
0'
#12700000
0$
#12705000
0"
b1100110111110 .
b1100110111110 <
b1100110111110 G
b1100110111110 ,
b1100110111110 H
b1100110111110 J
1$
#12710000
0$
#12715000
1$
#12720000
0$
#12725000
1$
#12730000
0$
#12735000
1$
#12740000
0$
#12745000
1$
#12746000
1'
#12750000
0$
#12755000
b10100010 I
b10100010 +
b10100010 F
b110000001010100100 )
b110000001010100100 4
b110000001010100100 B
b10100010 E
1"
b1100110111110 !
b1100110111110 *
b1100110111110 >
b101000101001100000 -
b101000101001100000 6
b101000101001100000 @
1$
#12756000
0'
#12760000
0$
#12765000
0"
b1111101111011 .
b1111101111011 <
b1111101111011 G
b1111101111011 ,
b1111101111011 H
b1111101111011 J
1$
#12770000
0$
#12775000
1$
#12780000
0$
#12785000
1$
#12790000
0$
#12795000
1$
#12800000
0$
#12805000
1$
#12806000
1'
#12810000
0$
#12815000
b11000000 I
b11000000 +
b11000000 F
b110111101011101000 )
b110111101011101000 4
b110111101011101000 B
b11000000 E
1"
b1111101111011 !
b1111101111011 *
b1111101111011 >
b110000001010100100 -
b110000001010100100 6
b110000001010100100 @
1$
#12816000
0'
#12820000
0$
#12825000
0"
b10010100101000 .
b10010100101000 <
b10010100101000 G
b10010100101000 ,
b10010100101000 H
b10010100101000 J
1$
#12830000
0$
#12835000
1$
#12840000
0$
#12845000
1$
#12850000
0$
#12855000
1$
#12860000
0$
#12865000
1$
#12866000
1'
#12870000
0$
#12875000
b11011110 I
b11011110 +
b11011110 F
b111111001100101100 )
b111111001100101100 4
b111111001100101100 B
b11011110 E
1"
b10010100101000 !
b10010100101000 *
b10010100101000 >
b110111101011101000 -
b110111101011101000 6
b110111101011101000 @
1$
#12876000
0'
#12880000
0$
#12885000
0"
b10101011000000 .
b10101011000000 <
b10101011000000 G
b10101011000000 ,
b10101011000000 H
b10101011000000 J
1$
#12890000
0$
#12895000
1$
#12900000
0$
#12905000
1$
#12910000
0$
#12915000
1$
#12920000
0$
#12925000
1$
#12926000
1'
#12930000
0$
#12935000
b11111100 I
b11111100 +
b11111100 F
b1000110101101110000 )
b1000110101101110000 4
b1000110101101110000 B
b11111100 E
1"
b10101011000000 !
b10101011000000 *
b10101011000000 >
b111111001100101100 -
b111111001100101100 6
b111111001100101100 @
1$
#12936000
0'
#12940000
0$
#12945000
0"
b11000001000001 .
b11000001000001 <
b11000001000001 G
b11000001000001 ,
b11000001000001 H
b11000001000001 J
1$
#12950000
0$
#12955000
1$
#12960000
0$
#12965000
1$
#12970000
0$
#12975000
1$
#12980000
0$
#12985000
1$
#12986000
1'
#12990000
0$
#12995000
b100011010 I
b100011010 +
b100011010 F
b1001110001110110100 )
b1001110001110110100 4
b1001110001110110100 B
b100011010 E
1"
b11000001000001 !
b11000001000001 *
b11000001000001 >
b1000110101101110000 -
b1000110101101110000 6
b1000110101101110000 @
1$
#12996000
0'
#13000000
0$
#13005000
0"
b11010110101000 .
b11010110101000 <
b11010110101000 G
b11010110101000 ,
b11010110101000 H
b11010110101000 J
1$
#13010000
0$
#13015000
1$
#13020000
0$
#13025000
1$
#13030000
0$
#13035000
1$
#13040000
0$
#13045000
1$
#13046000
1'
#13050000
0$
#13055000
b100111000 I
b100111000 +
b100111000 F
b1010101101111111000 )
b1010101101111111000 4
b1010101101111111000 B
b100111000 E
1"
b11010110101000 !
b11010110101000 *
b11010110101000 >
b1001110001110110100 -
b1001110001110110100 6
b1001110001110110100 @
1$
#13056000
0'
#13060000
0$
#13065000
0"
b11101011110010 .
b11101011110010 <
b11101011110010 G
b11101011110010 ,
b11101011110010 H
b11101011110010 J
1$
#13070000
0$
#13075000
1$
#13080000
0$
#13085000
1$
#13090000
0$
#13095000
1$
#13100000
0$
#13105000
1$
#13106000
1'
#13110000
0$
#13115000
b101010110 I
b101010110 +
b101010110 F
b1011101010000111100 )
b1011101010000111100 4
b1011101010000111100 B
b101010110 E
1"
b11101011110010 !
b11101011110010 *
b11101011110010 >
b1010101101111111000 -
b1010101101111111000 6
b1010101101111111000 @
1$
#13116000
0'
#13120000
0$
#13125000
0"
b100000000011101 .
b100000000011101 <
b100000000011101 G
b100000000011101 ,
b100000000011101 H
b100000000011101 J
1$
#13130000
0$
#13135000
1$
#13140000
0$
#13145000
1$
#13150000
0$
#13155000
1$
#13160000
0$
#13165000
1$
#13166000
1'
#13170000
0$
#13175000
b101110101 I
b101110101 +
b101110101 F
b1100100110010000000 )
b1100100110010000000 4
b1100100110010000000 B
b101110101 E
1"
b100000000011101 !
b100000000011101 *
b100000000011101 >
b1011101010000111100 -
b1011101010000111100 6
b1011101010000111100 @
1$
#13176000
0'
#13180000
0$
#13185000
0"
b100010101001110 .
b100010101001110 <
b100010101001110 G
b100010101001110 ,
b100010101001110 H
b100010101001110 J
1$
#13190000
0$
#13195000
1$
#13200000
0$
#13205000
1$
#13210000
0$
#13215000
1$
#13220000
0$
#13225000
1$
#13226000
1'
#13230000
0$
#13235000
b110010011 I
b110010011 +
b110010011 F
b1101100010011000100 )
b1101100010011000100 4
b1101100010011000100 B
b110010011 E
1"
b100010101001110 !
b100010101001110 *
b100010101001110 >
b1100100110010000000 -
b1100100110010000000 6
b1100100110010000000 @
1$
#13236000
0'
#13240000
0$
#13245000
0"
b100101000101111 .
b100101000101111 <
b100101000101111 G
b100101000101111 ,
b100101000101111 H
b100101000101111 J
1$
#13250000
0$
#13255000
1$
#13260000
0$
#13265000
1$
#13270000
0$
#13275000
1$
#13280000
0$
#13285000
1$
#13286000
1'
#13290000
0$
#13295000
b110110001 I
b110110001 +
b110110001 F
b1110011110100001000 )
b1110011110100001000 4
b1110011110100001000 B
b110110001 E
1"
b100101000101111 !
b100101000101111 *
b100101000101111 >
b1101100010011000100 -
b1101100010011000100 6
b1101100010011000100 @
1$
#13296000
0'
#13300000
0$
#13305000
0"
b100111011100111 .
b100111011100111 <
b100111011100111 G
b100111011100111 ,
b100111011100111 H
b100111011100111 J
1$
#13310000
0$
#13315000
1$
#13320000
0$
#13325000
1$
#13330000
0$
#13335000
1$
#13340000
0$
#13345000
1$
#13346000
1'
#13350000
0$
#13355000
b111001111 I
b111001111 +
b111001111 F
b1111011010101001100 )
b1111011010101001100 4
b1111011010101001100 B
b111001111 E
1"
b100111011100111 !
b100111011100111 *
b100111011100111 >
b1110011110100001000 -
b1110011110100001000 6
b1110011110100001000 @
1$
#13356000
0'
#13360000
0$
#13365000
0"
b101001101110100 .
b101001101110100 <
b101001101110100 G
b101001101110100 ,
b101001101110100 H
b101001101110100 J
1$
#13370000
0$
#13375000
1$
#13380000
0$
#13385000
1$
#13390000
0$
#13395000
1$
#13400000
0$
#13405000
1$
#13406000
1'
#13410000
0$
#13415000
b111101101 I
b111101101 +
b111101101 F
b10000010110110010000 )
b10000010110110010000 4
b10000010110110010000 B
b111101101 E
1"
b101001101110100 !
b101001101110100 *
b101001101110100 >
b1111011010101001100 -
b1111011010101001100 6
b1111011010101001100 @
1$
#13416000
0'
#13420000
0$
#13425000
0"
b101011111010101 .
b101011111010101 <
b101011111010101 G
b101011111010101 ,
b101011111010101 H
b101011111010101 J
1$
#13430000
0$
#13435000
1$
#13440000
0$
#13445000
1$
#13450000
0$
#13455000
1$
#13460000
0$
#13465000
1$
#13466000
1'
#13470000
0$
#13475000
b1000001011 I
b1000001011 +
b1000001011 F
b10001010010111010100 )
b10001010010111010100 4
b10001010010111010100 B
b1000001011 E
1"
b101011111010101 !
b101011111010101 *
b101011111010101 >
b10000010110110010000 -
b10000010110110010000 6
b10000010110110010000 @
1$
#13476000
0'
#13480000
0$
#13485000
0"
b101110000000101 .
b101110000000101 <
b101110000000101 G
b101110000000101 ,
b101110000000101 H
b101110000000101 J
1$
#13490000
0$
#13495000
1$
#13500000
0$
#13505000
1$
#13510000
0$
#13515000
1$
#13520000
0$
#13525000
1$
#13526000
1'
#13530000
0$
#13535000
b1000101001 I
b1000101001 +
b1000101001 F
b10010001111000011000 )
b10010001111000011000 4
b10010001111000011000 B
b1000101001 E
1"
b101110000000101 !
b101110000000101 *
b101110000000101 >
b10001010010111010100 -
b10001010010111010100 6
b10001010010111010100 @
1$
#13536000
0'
#13540000
0$
#13545000
0"
b110000000000100 .
b110000000000100 <
b110000000000100 G
b110000000000100 ,
b110000000000100 H
b110000000000100 J
1$
#13550000
0$
#13555000
1$
#13560000
0$
#13565000
1$
#13570000
0$
#13575000
1$
#13580000
0$
#13585000
1$
#13586000
1'
#13590000
0$
#13595000
b1001000111 I
b1001000111 +
b1001000111 F
b10011001011001011100 )
b10011001011001011100 4
b10011001011001011100 B
b1001000111 E
1"
b110000000000100 !
b110000000000100 *
b110000000000100 >
b10010001111000011000 -
b10010001111000011000 6
b10010001111000011000 @
1$
#13596000
0'
#13600000
0$
#13605000
0"
b110001111001111 .
b110001111001111 <
b110001111001111 G
b110001111001111 ,
b110001111001111 H
b110001111001111 J
1$
#13610000
0$
#13615000
1$
#13620000
0$
#13625000
1$
#13630000
0$
#13635000
1$
#13640000
0$
#13645000
1$
#13646000
1'
#13650000
0$
#13655000
b1001100101 I
b1001100101 +
b1001100101 F
b10100000111010100000 )
b10100000111010100000 4
b10100000111010100000 B
b1001100101 E
1"
b110001111001111 !
b110001111001111 *
b110001111001111 >
b10011001011001011100 -
b10011001011001011100 6
b10011001011001011100 @
1$
#13656000
0'
#13660000
0$
#13665000
0"
b110011101100100 .
b110011101100100 <
b110011101100100 G
b110011101100100 ,
b110011101100100 H
b110011101100100 J
1$
#13670000
0$
#13675000
1$
#13680000
0$
#13685000
1$
#13690000
0$
#13695000
1$
#13700000
0$
#13705000
1$
#13706000
1'
#13710000
0$
#13715000
b1010000011 I
b1010000011 +
b1010000011 F
b10101000011011100100 )
b10101000011011100100 4
b10101000011011100100 B
b1010000011 E
1"
b110011101100100 !
b110011101100100 *
b110011101100100 >
b10100000111010100000 -
b10100000111010100000 6
b10100000111010100000 @
1$
#13716000
0'
#13720000
0$
#13725000
0"
b110101011000000 .
b110101011000000 <
b110101011000000 G
b110101011000000 ,
b110101011000000 H
b110101011000000 J
1$
#13730000
0$
#13735000
1$
#13740000
0$
#13745000
1$
#13750000
0$
#13755000
1$
#13760000
0$
#13765000
1$
#13766000
1'
#13770000
0$
#13775000
b1010100001 I
b1010100001 +
b1010100001 F
b10101111111100101000 )
b10101111111100101000 4
b10101111111100101000 B
b1010100001 E
1"
b110101011000000 !
b110101011000000 *
b110101011000000 >
b10101000011011100100 -
b10101000011011100100 6
b10101000011011100100 @
1$
#13776000
0'
#13780000
0$
#13785000
0"
b110110111100011 .
b110110111100011 <
b110110111100011 G
b110110111100011 ,
b110110111100011 H
b110110111100011 J
1$
#13790000
0$
#13795000
1$
#13800000
0$
#13805000
1$
#13810000
0$
#13815000
1$
#13820000
0$
#13825000
1$
#13826000
1'
#13830000
0$
#13835000
b1010111111 I
b1010111111 +
b1010111111 F
b10110111011101101100 )
b10110111011101101100 4
b10110111011101101100 B
b1010111111 E
1"
b110110111100011 !
b110110111100011 *
b110110111100011 >
b10101111111100101000 -
b10101111111100101000 6
b10101111111100101000 @
1$
#13836000
0'
#13840000
0$
#13845000
0"
b111000011001010 .
b111000011001010 <
b111000011001010 G
b111000011001010 ,
b111000011001010 H
b111000011001010 J
1$
#13850000
0$
#13855000
1$
#13860000
0$
#13865000
1$
#13870000
0$
#13875000
1$
#13880000
0$
#13885000
1$
#13886000
1'
#13890000
0$
#13895000
b1011011101 I
b1011011101 +
b1011011101 F
b10111110111110110000 )
b10111110111110110000 4
b10111110111110110000 B
b1011011101 E
1"
b111000011001010 !
b111000011001010 *
b111000011001010 >
b10110111011101101100 -
b10110111011101101100 6
b10110111011101101100 @
1$
#13896000
0'
#13900000
0$
#13905000
0"
b111001101110100 .
b111001101110100 <
b111001101110100 G
b111001101110100 ,
b111001101110100 H
b111001101110100 J
1$
#13910000
0$
#13915000
1$
#13920000
0$
#13925000
1$
#13930000
0$
#13935000
1$
#13940000
0$
#13945000
1$
#13946000
1'
#13950000
0$
#13955000
b1011111011 I
b1011111011 +
b1011111011 F
b11000110011111110100 )
b11000110011111110100 4
b11000110011111110100 B
b1011111011 E
1"
b111001101110100 !
b111001101110100 *
b111001101110100 >
b10111110111110110000 -
b10111110111110110000 6
b10111110111110110000 @
1$
#13956000
0'
#13960000
0$
#13965000
0"
b111010111100000 .
b111010111100000 <
b111010111100000 G
b111010111100000 ,
b111010111100000 H
b111010111100000 J
1$
#13970000
0$
#13975000
1$
#13980000
0$
#13985000
1$
#13990000
0$
#13995000
1$
#14000000
0$
#14005000
1$
#14006000
1'
#14010000
0$
#14015000
b1100011001 I
b1100011001 +
b1100011001 F
b11001110000000111000 )
b11001110000000111000 4
b11001110000000111000 B
b1100011001 E
1"
b111010111100000 !
b111010111100000 *
b111010111100000 >
b11000110011111110100 -
b11000110011111110100 6
b11000110011111110100 @
1$
#14016000
0'
#14020000
0$
#14025000
0"
b111100000001011 .
b111100000001011 <
b111100000001011 G
b111100000001011 ,
b111100000001011 H
b111100000001011 J
1$
#14030000
0$
#14035000
1$
#14040000
0$
#14045000
1$
#14050000
0$
#14055000
1$
#14060000
0$
#14065000
1$
#14066000
1'
#14070000
0$
#14075000
b1100111000 I
b1100111000 +
b1100111000 F
b11010101100001111100 )
b11010101100001111100 4
b11010101100001111100 B
b1100111000 E
1"
b111100000001011 !
b111100000001011 *
b111100000001011 >
b11001110000000111000 -
b11001110000000111000 6
b11001110000000111000 @
1$
#14076000
0'
#14080000
0$
#14085000
0"
b111101000000101 .
b111101000000101 <
b111101000000101 G
b111101000000101 ,
b111101000000101 H
b111101000000101 J
1$
#14090000
0$
#14095000
1$
#14100000
0$
#14105000
1$
#14110000
0$
#14115000
1$
#14120000
0$
#14125000
1$
#14126000
1'
#14130000
0$
#14135000
b1101010110 I
b1101010110 +
b1101010110 F
b11011101000011000000 )
b11011101000011000000 4
b11011101000011000000 B
b1101010110 E
1"
b111101000000101 !
b111101000000101 *
b111101000000101 >
b11010101100001111100 -
b11010101100001111100 6
b11010101100001111100 @
1$
#14136000
0'
#14140000
0$
#14145000
0"
b111101110101011 .
b111101110101011 <
b111101110101011 G
b111101110101011 ,
b111101110101011 H
b111101110101011 J
1$
#14150000
0$
#14155000
1$
#14160000
0$
#14165000
1$
#14170000
0$
#14175000
1$
#14180000
0$
#14185000
1$
#14186000
1'
#14190000
0$
#14195000
b1101110100 I
b1101110100 +
b1101110100 F
b11100100100100000100 )
b11100100100100000100 4
b11100100100100000100 B
b1101110100 E
1"
b111101110101011 !
b111101110101011 *
b111101110101011 >
b11011101000011000000 -
b11011101000011000000 6
b11011101000011000000 @
1$
#14196000
0'
#14200000
0$
#14205000
0"
b111110100001110 .
b111110100001110 <
b111110100001110 G
b111110100001110 ,
b111110100001110 H
b111110100001110 J
1$
#14210000
0$
#14215000
1$
#14220000
0$
#14225000
1$
#14230000
0$
#14235000
1$
#14240000
0$
#14245000
1$
#14246000
1'
#14250000
0$
#14255000
b1110010010 I
b1110010010 +
b1110010010 F
b11101100000101001000 )
b11101100000101001000 4
b11101100000101001000 B
b1110010010 E
1"
b111110100001110 !
b111110100001110 *
b111110100001110 >
b11100100100100000100 -
b11100100100100000100 6
b11100100100100000100 @
1$
#14256000
0'
#14260000
0$
#14265000
0"
b111111000101110 .
b111111000101110 <
b111111000101110 G
b111111000101110 ,
b111111000101110 H
b111111000101110 J
1$
#14270000
0$
#14275000
1$
#14280000
0$
#14285000
1$
#14290000
0$
#14295000
1$
#14300000
0$
#14305000
1$
#14306000
1'
#14310000
0$
#14315000
b1110110000 I
b1110110000 +
b1110110000 F
b11110011100110001100 )
b11110011100110001100 4
b11110011100110001100 B
b1110110000 E
1"
b111111000101110 !
b111111000101110 *
b111111000101110 >
b11101100000101001000 -
b11101100000101001000 6
b11101100000101001000 @
1$
#14316000
0'
#14320000
0$
#14325000
0"
b111111100001001 .
b111111100001001 <
b111111100001001 G
b111111100001001 ,
b111111100001001 H
b111111100001001 J
1$
#14330000
0$
#14335000
1$
#14340000
0$
#14345000
1$
#14350000
0$
#14355000
1$
#14360000
0$
#14365000
1$
#14366000
1'
#14370000
0$
#14375000
b1111001110 I
b1111001110 +
b1111001110 F
b11111011000111010000 )
b11111011000111010000 4
b11111011000111010000 B
b1111001110 E
1"
b111111100001001 !
b111111100001001 *
b111111100001001 >
b11110011100110001100 -
b11110011100110001100 6
b11110011100110001100 @
1$
#14376000
0'
#14380000
0$
#14385000
0"
b111111110011111 .
b111111110011111 <
b111111110011111 G
b111111110011111 ,
b111111110011111 H
b111111110011111 J
1$
#14390000
0$
#14395000
1$
#14400000
0$
#14405000
1$
#14410000
0$
#14415000
1$
#14420000
0$
#14425000
1$
#14426000
1'
#14430000
0$
#14435000
b1111101100 I
b1111101100 +
b1111101100 F
b100000010101000010100 )
b100000010101000010100 4
b100000010101000010100 B
b1111101100 E
1"
b111111110011111 !
b111111110011111 *
b111111110011111 >
b11111011000111010000 -
b11111011000111010000 6
b11111011000111010000 @
1$
#14436000
0'
#14440000
0$
#14445000
0"
b111111111110000 .
b111111111110000 <
b111111111110000 G
b111111111110000 ,
b111111111110000 H
b111111111110000 J
1$
#14450000
0$
#14455000
1$
#14460000
0$
#14465000
1$
#14470000
0$
#14475000
1$
#14480000
0$
#14485000
1$
#14486000
1'
#14490000
0$
#14495000
b1111110110 I
b11111110110 +
b11111110110 F
b100001010001001011000 )
b100001010001001011000 4
b100001010001001011000 B
b10000001010 E
1"
b111111111110000 !
b111111111110000 *
b111111111110000 >
b100000010101000010100 -
b100000010101000010100 6
b100000010101000010100 @
1$
#14496000
0'
#14500000
0$
#14505000
0"
b111111111111011 .
b111111111111011 <
b111111111111011 G
b111111111111011 ,
b111111111111011 H
b111111111111011 J
1$
#14510000
0$
#14515000
1$
#14520000
0$
#14525000
1$
#14530000
0$
#14535000
1$
#14540000
0$
#14545000
1$
#14546000
1'
#14550000
0$
#14555000
b1111011000 I
b11111011000 +
b11111011000 F
b100010001101010011100 )
b100010001101010011100 4
b100010001101010011100 B
b10000101000 E
1"
b111111111111011 !
b111111111111011 *
b111111111111011 >
b100001010001001011000 -
b100001010001001011000 6
b100001010001001011000 @
1$
#14556000
0'
#14560000
0$
#14565000
0"
b111111111000001 .
b111111111000001 <
b111111111000001 G
b111111111000001 ,
b111111111000001 H
b111111111000001 J
1$
#14570000
0$
#14575000
1$
#14580000
0$
#14585000
1$
#14590000
0$
#14595000
1$
#14600000
0$
#14605000
1$
#14606000
1'
#14610000
0$
#14615000
b1110111010 I
b11110111010 +
b11110111010 F
b100011001001011100000 )
b100011001001011100000 4
b100011001001011100000 B
b10001000110 E
1"
b111111111000001 !
b111111111000001 *
b111111111000001 >
b100010001101010011100 -
b100010001101010011100 6
b100010001101010011100 @
1$
#14616000
0'
#14620000
0$
#14625000
0"
b111111101000010 .
b111111101000010 <
b111111101000010 G
b111111101000010 ,
b111111101000010 H
b111111101000010 J
1$
#14630000
0$
#14635000
1$
#14640000
0$
#14645000
1$
#14650000
0$
#14655000
1$
#14660000
0$
#14665000
1$
#14666000
1'
#14670000
0$
#14675000
b1110011100 I
b11110011100 +
b11110011100 F
b100100000101100100100 )
b100100000101100100100 4
b100100000101100100100 B
b10001100100 E
1"
b111111101000010 !
b111111101000010 *
b111111101000010 >
b100011001001011100000 -
b100011001001011100000 6
b100011001001011100000 @
1$
#14676000
0'
#14680000
0$
#14685000
0"
b111111001111110 .
b111111001111110 <
b111111001111110 G
b111111001111110 ,
b111111001111110 H
b111111001111110 J
1$
#14690000
0$
#14695000
1$
#14700000
0$
#14705000
1$
#14710000
0$
#14715000
1$
#14720000
0$
#14725000
1$
#14726000
1'
#14730000
0$
#14735000
b1101111110 I
b11101111110 +
b11101111110 F
b100101000001101101000 )
b100101000001101101000 4
b100101000001101101000 B
b10010000010 E
1"
b111111001111110 !
b111111001111110 *
b111111001111110 >
b100100000101100100100 -
b100100000101100100100 6
b100100000101100100100 @
1$
#14736000
0'
#14740000
0$
#14745000
0"
b111110101110110 .
b111110101110110 <
b111110101110110 G
b111110101110110 ,
b111110101110110 H
b111110101110110 J
1$
#14750000
0$
#14755000
1$
#14760000
0$
#14765000
1$
#14770000
0$
#14775000
1$
#14780000
0$
#14785000
1$
#14786000
1'
#14790000
0$
#14795000
b1101100000 I
b11101100000 +
b11101100000 F
b100101111101110101100 )
b100101111101110101100 4
b100101111101110101100 B
b10010100000 E
1"
b111110101110110 !
b111110101110110 *
b111110101110110 >
b100101000001101101000 -
b100101000001101101000 6
b100101000001101101000 @
1$
#14796000
0'
#14800000
0$
#14805000
0"
b111110000101001 .
b111110000101001 <
b111110000101001 G
b111110000101001 ,
b111110000101001 H
b111110000101001 J
1$
#14810000
0$
#14815000
1$
#14820000
0$
#14825000
1$
#14830000
0$
#14835000
1$
#14840000
0$
#14845000
1$
#14846000
1'
#14850000
0$
#14855000
b1101000010 I
b11101000010 +
b11101000010 F
b100110111001111110000 )
b100110111001111110000 4
b100110111001111110000 B
b10010111110 E
1"
b111110000101001 !
b111110000101001 *
b111110000101001 >
b100101111101110101100 -
b100101111101110101100 6
b100101111101110101100 @
1$
#14856000
0'
#14860000
0$
#14865000
0"
b111101010011001 .
b111101010011001 <
b111101010011001 G
b111101010011001 ,
b111101010011001 H
b111101010011001 J
1$
#14870000
0$
#14875000
1$
#14880000
0$
#14885000
1$
#14890000
0$
#14895000
1$
#14900000
0$
#14905000
1$
#14906000
1'
#14910000
0$
#14915000
b1100100100 I
b11100100100 +
b11100100100 F
b100111110110000110100 )
b100111110110000110100 4
b100111110110000110100 B
b10011011100 E
1"
b111101010011001 !
b111101010011001 *
b111101010011001 >
b100110111001111110000 -
b100110111001111110000 6
b100110111001111110000 @
1$
#14916000
0'
#14920000
0$
#14925000
0"
b111100011000111 .
b111100011000111 <
b111100011000111 G
b111100011000111 ,
b111100011000111 H
b111100011000111 J
1$
#14930000
0$
#14935000
1$
#14940000
0$
#14945000
1$
#14950000
0$
#14955000
1$
#14960000
0$
#14965000
1$
#14966000
1'
#14970000
0$
#14975000
b1100000101 I
b11100000101 +
b11100000101 F
b101000110010001111000 )
b101000110010001111000 4
b101000110010001111000 B
b10011111011 E
1"
b111100011000111 !
b111100011000111 *
b111100011000111 >
b100111110110000110100 -
b100111110110000110100 6
b100111110110000110100 @
1$
#14976000
0'
#14980000
0$
#14985000
0"
b111011010100000 .
b111011010100000 <
b111011010100000 G
b111011010100000 ,
b111011010100000 H
b111011010100000 J
1$
#14990000
0$
#14995000
1$
#15000000
0$
#15005000
1$
#15010000
0$
#15015000
1$
#15020000
0$
#15025000
1$
#15026000
1'
#15030000
0$
#15035000
b1011100111 I
b11011100111 +
b11011100111 F
b101001101110010111100 )
b101001101110010111100 4
b101001101110010111100 B
b10100011001 E
1"
b111011010100000 !
b111011010100000 *
b111011010100000 >
b101000110010001111000 -
b101000110010001111000 6
b101000110010001111000 @
1$
#15036000
0'
#15040000
0$
#15045000
0"
b111010001001010 .
b111010001001010 <
b111010001001010 G
b111010001001010 ,
b111010001001010 H
b111010001001010 J
1$
#15050000
0$
#15055000
1$
#15060000
0$
#15065000
1$
#15070000
0$
#15075000
1$
#15080000
0$
#15085000
1$
#15086000
1'
#15090000
0$
#15095000
b1011001001 I
b11011001001 +
b11011001001 F
b101010101010100000000 )
b101010101010100000000 4
b101010101010100000000 B
b10100110111 E
1"
b111010001001010 !
b111010001001010 *
b111010001001010 >
b101001101110010111100 -
b101001101110010111100 6
b101001101110010111100 @
1$
#15096000
0'
#15100000
0$
#15105000
0"
b111000110110100 .
b111000110110100 <
b111000110110100 G
b111000110110100 ,
b111000110110100 H
b111000110110100 J
1$
#15110000
0$
#15115000
1$
#15120000
0$
#15125000
1$
#15130000
0$
#15135000
1$
#15140000
0$
#15145000
1$
#15146000
1'
#15150000
0$
#15155000
b1010101011 I
b11010101011 +
b11010101011 F
b101011100110101000100 )
b101011100110101000100 4
b101011100110101000100 B
b10101010101 E
1"
b111000110110100 !
b111000110110100 *
b111000110110100 >
b101010101010100000000 -
b101010101010100000000 6
b101010101010100000000 @
1$
#15156000
0'
#15160000
0$
#15165000
0"
b110111011100001 .
b110111011100001 <
b110111011100001 G
b110111011100001 ,
b110111011100001 H
b110111011100001 J
1$
#15170000
0$
#15175000
1$
#15180000
0$
#15185000
1$
#15190000
0$
#15195000
1$
#15200000
0$
#15205000
1$
#15206000
1'
#15210000
0$
#15215000
b1010001101 I
b11010001101 +
b11010001101 F
b101100100010110001000 )
b101100100010110001000 4
b101100100010110001000 B
b10101110011 E
1"
b110111011100001 !
b110111011100001 *
b110111011100001 >
b101011100110101000100 -
b101011100110101000100 6
b101011100110101000100 @
1$
#15216000
0'
#15220000
0$
#15225000
0"
b110101111010010 .
b110101111010010 <
b110101111010010 G
b110101111010010 ,
b110101111010010 H
b110101111010010 J
1$
#15230000
0$
#15235000
1$
#15240000
0$
#15245000
1$
#15250000
0$
#15255000
1$
#15260000
0$
#15265000
1$
#15266000
1'
#15270000
0$
#15275000
b1001101111 I
b11001101111 +
b11001101111 F
b101101011110111001100 )
b101101011110111001100 4
b101101011110111001100 B
b10110010001 E
1"
b110101111010010 !
b110101111010010 *
b110101111010010 >
b101100100010110001000 -
b101100100010110001000 6
b101100100010110001000 @
1$
#15276000
0'
#15280000
0$
#15285000
0"
b110100010001001 .
b110100010001001 <
b110100010001001 G
b110100010001001 ,
b110100010001001 H
b110100010001001 J
1$
#15290000
0$
#15295000
1$
#15300000
0$
#15305000
1$
#15310000
0$
#15315000
1$
#15320000
0$
#15325000
1$
#15326000
1'
#15330000
0$
#15335000
b1001010001 I
b11001010001 +
b11001010001 F
b101110011011000010000 )
b101110011011000010000 4
b101110011011000010000 B
b10110101111 E
1"
b110100010001001 !
b110100010001001 *
b110100010001001 >
b101101011110111001100 -
b101101011110111001100 6
b101101011110111001100 @
1$
#15336000
0'
#15340000
0$
#15345000
0"
b110010100000111 .
b110010100000111 <
b110010100000111 G
b110010100000111 ,
b110010100000111 H
b110010100000111 J
1$
#15350000
0$
#15355000
1$
#15360000
0$
#15365000
1$
#15370000
0$
#15375000
1$
#15380000
0$
#15385000
1$
#15386000
1'
#15390000
0$
#15395000
b1000110011 I
b11000110011 +
b11000110011 F
b101111010111001010100 )
b101111010111001010100 4
b101111010111001010100 B
b10111001101 E
1"
b110010100000111 !
b110010100000111 *
b110010100000111 >
b101110011011000010000 -
b101110011011000010000 6
b101110011011000010000 @
1$
#15396000
0'
#15400000
0$
#15405000
0"
b110000101001110 .
b110000101001110 <
b110000101001110 G
b110000101001110 ,
b110000101001110 H
b110000101001110 J
1$
#15410000
0$
#15415000
1$
#15420000
0$
#15425000
1$
#15430000
0$
#15435000
1$
#15440000
0$
#15445000
1$
#15446000
1'
#15450000
0$
#15455000
b1000010101 I
b11000010101 +
b11000010101 F
b110000010011010011000 )
b110000010011010011000 4
b110000010011010011000 B
b10111101011 E
1"
b110000101001110 !
b110000101001110 *
b110000101001110 >
b101111010111001010100 -
b101111010111001010100 6
b101111010111001010100 @
1$
#15456000
0'
#15460000
0$
#15465000
0"
b101110101100000 .
b101110101100000 <
b101110101100000 G
b101110101100000 ,
b101110101100000 H
b101110101100000 J
1$
#15470000
0$
#15475000
1$
#15480000
0$
#15485000
1$
#15490000
0$
#15495000
1$
#15500000
0$
#15505000
1$
#15506000
1'
#15510000
0$
#15515000
b111110111 I
b10111110111 +
b10111110111 F
b110001001111011011100 )
b110001001111011011100 4
b110001001111011011100 B
b11000001001 E
1"
b101110101100000 !
b101110101100000 *
b101110101100000 >
b110000010011010011000 -
b110000010011010011000 6
b110000010011010011000 @
1$
#15516000
0'
#15520000
0$
#15525000
0"
b101100101000000 .
b101100101000000 <
b101100101000000 G
b101100101000000 ,
b101100101000000 H
b101100101000000 J
1$
#15530000
0$
#15535000
1$
#15540000
0$
#15545000
1$
#15550000
0$
#15555000
1$
#15560000
0$
#15565000
1$
#15566000
1'
#15570000
0$
#15575000
b111011001 I
b10111011001 +
b10111011001 F
b110010001011100100000 )
b110010001011100100000 4
b110010001011100100000 B
b11000100111 E
1"
b101100101000000 !
b101100101000000 *
b101100101000000 >
b110001001111011011100 -
b110001001111011011100 6
b110001001111011011100 @
1$
#15576000
0'
#15580000
0$
#15585000
0"
b101010011101111 .
b101010011101111 <
b101010011101111 G
b101010011101111 ,
b101010011101111 H
b101010011101111 J
1$
#15590000
0$
#15595000
1$
#15600000
0$
#15605000
1$
#15610000
0$
#15615000
1$
#15620000
0$
#15625000
1$
#15626000
1'
#15630000
0$
#15635000
b110111011 I
b10110111011 +
b10110111011 F
b110011000111101100100 )
b110011000111101100100 4
b110011000111101100100 B
b11001000101 E
1"
b101010011101111 !
b101010011101111 *
b101010011101111 >
b110010001011100100000 -
b110010001011100100000 6
b110010001011100100000 @
1$
#15636000
0'
#15640000
0$
#15645000
0"
b101000001110000 .
b101000001110000 <
b101000001110000 G
b101000001110000 ,
b101000001110000 H
b101000001110000 J
1$
#15650000
0$
#15655000
1$
#15660000
0$
#15665000
1$
#15670000
0$
#15675000
1$
#15680000
0$
#15685000
1$
#15686000
1'
#15690000
0$
#15695000
b110011101 I
b10110011101 +
b10110011101 F
b110100000011110101000 )
b110100000011110101000 4
b110100000011110101000 B
b11001100011 E
1"
b101000001110000 !
b101000001110000 *
b101000001110000 >
b110011000111101100100 -
b110011000111101100100 6
b110011000111101100100 @
1$
#15696000
0'
#15700000
0$
#15705000
0"
b100101111000110 .
b100101111000110 <
b100101111000110 G
b100101111000110 ,
b100101111000110 H
b100101111000110 J
1$
#15710000
0$
#15715000
1$
#15720000
0$
#15725000
1$
#15730000
0$
#15735000
1$
#15740000
0$
#15745000
1$
#15746000
1'
#15750000
0$
#15755000
b101111111 I
b10101111111 +
b10101111111 F
b110100111111111101100 )
b110100111111111101100 4
b110100111111111101100 B
b11010000001 E
1"
b100101111000110 !
b100101111000110 *
b100101111000110 >
b110100000011110101000 -
b110100000011110101000 6
b110100000011110101000 @
1$
#15756000
0'
#15760000
0$
#15765000
0"
b100011011110011 .
b100011011110011 <
b100011011110011 G
b100011011110011 ,
b100011011110011 H
b100011011110011 J
1$
#15770000
0$
#15775000
1$
#15780000
0$
#15785000
1$
#15790000
0$
#15795000
1$
#15800000
0$
#15805000
1$
#15806000
1'
#15810000
0$
#15815000
b101100001 I
b10101100001 +
b10101100001 F
b110101111100000110000 )
b110101111100000110000 4
b110101111100000110000 B
b11010011111 E
1"
b100011011110011 !
b100011011110011 *
b100011011110011 >
b110100111111111101100 -
b110100111111111101100 6
b110100111111111101100 @
1$
#15816000
0'
#15820000
0$
#15825000
0"
b100000111111001 .
b100000111111001 <
b100000111111001 G
b100000111111001 ,
b100000111111001 H
b100000111111001 J
1$
#15830000
0$
#15835000
1$
#15840000
0$
#15845000
1$
#15850000
0$
#15855000
1$
#15860000
0$
#15865000
1$
#15866000
1'
#15870000
0$
#15875000
b101000010 I
b10101000010 +
b10101000010 F
b110110111000001110100 )
b110110111000001110100 4
b110110111000001110100 B
b11010111110 E
1"
b100000111111001 !
b100000111111001 *
b100000111111001 >
b110101111100000110000 -
b110101111100000110000 6
b110101111100000110000 @
1$
#15876000
0'
#15880000
0$
#15885000
0"
b11110010101111 .
b11110010101111 <
b11110010101111 G
b11110010101111 ,
b11110010101111 H
b11110010101111 J
1$
#15890000
0$
#15895000
1$
#15900000
0$
#15905000
1$
#15910000
0$
#15915000
1$
#15920000
0$
#15925000
1$
#15926000
1'
#15930000
0$
#15935000
b100100100 I
b10100100100 +
b10100100100 F
b110111110100010111000 )
b110111110100010111000 4
b110111110100010111000 B
b11011011100 E
1"
b11110010101111 !
b11110010101111 *
b11110010101111 >
b110110111000001110100 -
b110110111000001110100 6
b110110111000001110100 @
1$
#15936000
0'
#15940000
0$
#15945000
0"
b11011101101111 .
b11011101101111 <
b11011101101111 G
b11011101101111 ,
b11011101101111 H
b11011101101111 J
1$
#15950000
0$
#15955000
1$
#15960000
0$
#15965000
1$
#15970000
0$
#15975000
1$
#15980000
0$
#15985000
1$
#15986000
1'
#15990000
0$
#15995000
b100000110 I
b10100000110 +
b10100000110 F
b111000110000011111100 )
b111000110000011111100 4
b111000110000011111100 B
b11011111010 E
1"
b11011101101111 !
b11011101101111 *
b11011101101111 >
b110111110100010111000 -
b110111110100010111000 6
b110111110100010111000 @
1$
#15996000
0'
#16000000
0$
#16005000
0"
b11001000010001 .
b11001000010001 <
b11001000010001 G
b11001000010001 ,
b11001000010001 H
b11001000010001 J
1$
#16010000
0$
#16015000
1$
#16020000
0$
#16025000
1$
#16030000
0$
#16035000
1$
#16040000
0$
#16045000
1$
#16046000
1'
#16050000
0$
#16055000
b11101000 I
b10011101000 +
b10011101000 F
b111001101100101000000 )
b111001101100101000000 4
b111001101100101000000 B
b11100011000 E
1"
b11001000010001 !
b11001000010001 *
b11001000010001 >
b111000110000011111100 -
b111000110000011111100 6
b111000110000011111100 @
1$
#16056000
0'
#16060000
0$
#16065000
0"
b10110010011001 .
b10110010011001 <
b10110010011001 G
b10110010011001 ,
b10110010011001 H
b10110010011001 J
1$
#16070000
0$
#16075000
1$
#16080000
0$
#16085000
1$
#16090000
0$
#16095000
1$
#16100000
0$
#16105000
1$
#16106000
1'
#16110000
0$
#16115000
b11001010 I
b10011001010 +
b10011001010 F
b111010101000110000100 )
b111010101000110000100 4
b111010101000110000100 B
b11100110110 E
1"
b10110010011001 !
b10110010011001 *
b10110010011001 >
b111001101100101000000 -
b111001101100101000000 6
b111001101100101000000 @
1$
#16116000
0'
#16120000
0$
#16125000
0"
b10011100001000 .
b10011100001000 <
b10011100001000 G
b10011100001000 ,
b10011100001000 H
b10011100001000 J
1$
#16130000
0$
#16135000
1$
#16140000
0$
#16145000
1$
#16150000
0$
#16155000
1$
#16160000
0$
#16165000
1$
#16166000
1'
#16170000
0$
#16175000
b10101100 I
b10010101100 +
b10010101100 F
b111011100100111001000 )
b111011100100111001000 4
b111011100100111001000 B
b11101010100 E
1"
b10011100001000 !
b10011100001000 *
b10011100001000 >
b111010101000110000100 -
b111010101000110000100 6
b111010101000110000100 @
1$
#16176000
0'
#16180000
0$
#16185000
0"
b10000101100001 .
b10000101100001 <
b10000101100001 G
b10000101100001 ,
b10000101100001 H
b10000101100001 J
1$
#16190000
0$
#16195000
1$
#16200000
0$
#16205000
1$
#16210000
0$
#16215000
1$
#16220000
0$
#16225000
1$
#16226000
1'
#16230000
0$
#16235000
b10001110 I
b10010001110 +
b10010001110 F
b111100100001000001100 )
b111100100001000001100 4
b111100100001000001100 B
b11101110010 E
1"
b10000101100001 !
b10000101100001 *
b10000101100001 >
b111011100100111001000 -
b111011100100111001000 6
b111011100100111001000 @
1$
#16236000
0'
#16240000
0$
#16245000
0"
b1101110101001 .
b1101110101001 <
b1101110101001 G
b1101110101001 ,
b1101110101001 H
b1101110101001 J
1$
#16250000
0$
#16255000
1$
#16260000
0$
#16265000
1$
#16270000
0$
#16275000
1$
#16280000
0$
#16285000
1$
#16286000
1'
#16290000
0$
#16295000
b1110000 I
b10001110000 +
b10001110000 F
b111101011101001010000 )
b111101011101001010000 4
b111101011101001010000 B
b11110010000 E
1"
b1101110101001 !
b1101110101001 *
b1101110101001 >
b111100100001000001100 -
b111100100001000001100 6
b111100100001000001100 @
1$
#16296000
0'
#16300000
0$
#16305000
0"
b1010111100010 .
b1010111100010 <
b1010111100010 G
b1010111100010 ,
b1010111100010 H
b1010111100010 J
1$
#16310000
0$
#16315000
1$
#16320000
0$
#16325000
1$
#16330000
0$
#16335000
1$
#16340000
0$
#16345000
1$
#16346000
1'
#16350000
0$
#16355000
b1010010 I
b10001010010 +
b10001010010 F
b111110011001010010100 )
b111110011001010010100 4
b111110011001010010100 B
b11110101110 E
1"
b1010111100010 !
b1010111100010 *
b1010111100010 >
b111101011101001010000 -
b111101011101001010000 6
b111101011101001010000 @
1$
#16356000
0'
#16360000
0$
#16365000
0"
b1000000001111 .
b1000000001111 <
b1000000001111 G
b1000000001111 ,
b1000000001111 H
b1000000001111 J
1$
#16370000
0$
#16375000
1$
#16380000
0$
#16385000
1$
#16390000
0$
#16395000
1$
#16400000
0$
#16405000
1$
#16406000
1'
#16410000
0$
#16415000
b110100 I
b10000110100 +
b10000110100 F
b111111010101011011000 )
b111111010101011011000 4
b111111010101011011000 B
b11111001100 E
1"
b1000000001111 !
b1000000001111 *
b1000000001111 >
b111110011001010010100 -
b111110011001010010100 6
b111110011001010010100 @
1$
#16416000
0'
#16420000
0$
#16425000
0"
b101000110011 .
b101000110011 <
b101000110011 G
b101000110011 ,
b101000110011 H
b101000110011 J
1$
#16430000
0$
#16435000
1$
#16440000
0$
#16445000
1$
#16450000
0$
#16455000
1$
#16460000
0$
#16465000
1$
#16466000
1'
#16470000
0$
#16475000
b10110 I
b10000010110 +
b10000010110 F
b1000000010001100011100 )
b1000000010001100011100 4
b1000000010001100011100 B
b11111101010 E
1"
b101000110011 !
b101000110011 *
b101000110011 >
b111111010101011011000 -
b111111010101011011000 6
b111111010101011011000 @
1$
#16476000
0'
#16480000
0$
#16485000
0"
b10001010010 .
b10001010010 <
b10001010010 G
b10001010010 ,
b10001010010 H
b10001010010 J
1$
#16490000
0$
#16495000
1$
#16500000
0$
#16505000
1$
#16510000
0$
#16515000
1$
#16520000
0$
#16525000
1$
#16526000
1'
#16530000
0$
#16535000
b1000 I
b1000 +
b1000 F
b1000001001101101100000 )
b1000001001101101100000 4
b1000001001101101100000 B
b1000 E
17
1"
b10001010010 !
b10001010010 *
b10001010010 >
b1000000010001100011100 -
b1000000010001100011100 6
b1000000010001100011100 @
1$
#16536000
0'
#16540000
0$
#16545000
1/
0"
b1111111001101110 .
b1111111001101110 <
b1111111001101110 G
b110010010 ,
b110010010 H
b110010010 J
1$
#16550000
0$
#16555000
1$
#16560000
0$
#16565000
1$
#16570000
0$
#16575000
1$
#16580000
0$
#16585000
1$
#16586000
1'
#16590000
0$
#16595000
b100110 I
b100110 +
b100110 F
b1000010001001110100100 )
b1000010001001110100100 4
b1000010001001110100100 B
b100110 E
1"
b1111111001101110 !
b1111111001101110 *
b1111111001101110 >
b1000001001101101100000 -
b1000001001101101100000 6
b1000001001101101100000 @
1$
#16596000
0'
#16600000
0$
#16605000
0"
b1111100010001011 .
b1111100010001011 <
b1111100010001011 G
b11101110101 ,
b11101110101 H
b11101110101 J
1$
#16610000
0$
#16615000
1$
#16620000
0$
#16625000
1$
#16630000
0$
#16635000
1$
#16640000
0$
#16645000
1$
#16646000
1'
#16650000
0$
#16655000
b1000100 I
b1000100 +
b1000100 F
b1000011000101111101000 )
b1000011000101111101000 4
b1000011000101111101000 B
b1000100 E
1"
b1111100010001011 !
b1111100010001011 *
b1111100010001011 >
b1000010001001110100100 -
b1000010001001110100100 6
b1000010001001110100100 @
1$
#16656000
0'
#16660000
0$
#16665000
0"
b1111001010101100 .
b1111001010101100 <
b1111001010101100 G
b110101010100 ,
b110101010100 H
b110101010100 J
1$
#16670000
0$
#16675000
1$
#16680000
0$
#16685000
1$
#16690000
0$
#16695000
1$
#16700000
0$
#16705000
1$
#16706000
1'
#16710000
0$
#16715000
b1100010 I
b1100010 +
b1100010 F
b1000100000010000101100 )
b1000100000010000101100 4
b1000100000010000101100 B
b1100010 E
1"
b1111001010101100 !
b1111001010101100 *
b1111001010101100 >
b1000011000101111101000 -
b1000011000101111101000 6
b1000011000101111101000 @
1$
#16716000
0'
#16720000
0$
#16725000
0"
b1110110011010101 .
b1110110011010101 <
b1110110011010101 G
b1001100101011 ,
b1001100101011 H
b1001100101011 J
1$
#16730000
0$
#16735000
1$
#16740000
0$
#16745000
1$
#16750000
0$
#16755000
1$
#16760000
0$
#16765000
1$
#16766000
1'
#16770000
0$
#16775000
b10000001 I
b10000001 +
b10000001 F
b1000100111110001110000 )
b1000100111110001110000 4
b1000100111110001110000 B
b10000001 E
1"
b1110110011010101 !
b1110110011010101 *
b1110110011010101 >
b1000100000010000101100 -
b1000100000010000101100 6
b1000100000010000101100 @
1$
#16776000
0'
#16780000
0$
#16785000
0"
b1110011011010110 .
b1110011011010110 <
b1110011011010110 G
b1100100101010 ,
b1100100101010 H
b1100100101010 J
1$
#16790000
0$
#16795000
1$
#16800000
0$
#16805000
1$
#16810000
0$
#16815000
1$
#16820000
0$
#16825000
1$
#16826000
1'
#16830000
0$
#16835000
b10011111 I
b10011111 +
b10011111 F
b1000101111010010110100 )
b1000101111010010110100 4
b1000101111010010110100 B
b10011111 E
1"
b1110011011010110 !
b1110011011010110 *
b1110011011010110 >
b1000100111110001110000 -
b1000100111110001110000 6
b1000100111110001110000 @
1$
#16836000
0'
#16840000
0$
#16845000
0"
b1110000100010111 .
b1110000100010111 <
b1110000100010111 G
b1111011101001 ,
b1111011101001 H
b1111011101001 J
1$
#16850000
0$
#16855000
1$
#16860000
0$
#16865000
1$
#16870000
0$
#16875000
1$
#16880000
0$
#16885000
1$
#16886000
1'
#16890000
0$
#16895000
b10111101 I
b10111101 +
b10111101 F
b1000110110110011111000 )
b1000110110110011111000 4
b1000110110110011111000 B
b10111101 E
1"
b1110000100010111 !
b1110000100010111 *
b1110000100010111 >
b1000101111010010110100 -
b1000101111010010110100 6
b1000101111010010110100 @
1$
#16896000
0'
#16900000
0$
#16905000
0"
b1101101101101001 .
b1101101101101001 <
b1101101101101001 G
b10010010010111 ,
b10010010010111 H
b10010010010111 J
1$
#16910000
0$
#16915000
1$
#16920000
0$
#16925000
1$
#16930000
0$
#16935000
1$
#16940000
0$
#16945000
1$
#16946000
1'
#16950000
0$
#16955000
b11011011 I
b11011011 +
b11011011 F
b1000111110010100111100 )
b1000111110010100111100 4
b1000111110010100111100 B
b11011011 E
1"
b1101101101101001 !
b1101101101101001 *
b1101101101101001 >
b1000110110110011111000 -
b1000110110110011111000 6
b1000110110110011111000 @
1$
#16956000
0'
#16960000
0$
#16965000
0"
b1101010111001110 .
b1101010111001110 <
b1101010111001110 G
b10101000110010 ,
b10101000110010 H
b10101000110010 J
1$
#16970000
0$
#16975000
1$
#16980000
0$
#16985000
1$
#16990000
0$
#16995000
1$
#17000000
0$
#17005000
1$
#17006000
1'
#17010000
0$
#17015000
b11111001 I
b11111001 +
b11111001 F
b1001000101110110000000 )
b1001000101110110000000 4
b1001000101110110000000 B
b11111001 E
1"
b1101010111001110 !
b1101010111001110 *
b1101010111001110 >
b1000111110010100111100 -
b1000111110010100111100 6
b1000111110010100111100 @
1$
#17016000
0'
#17020000
0$
#17025000
0"
b1101000001001010 .
b1101000001001010 <
b1101000001001010 G
b10111110110110 ,
b10111110110110 H
b10111110110110 J
1$
#17030000
0$
#17035000
1$
#17040000
0$
#17045000
1$
#17050000
0$
#17055000
1$
#17060000
0$
#17065000
1$
#17066000
1'
#17070000
0$
#17075000
b100010111 I
b100010111 +
b100010111 F
b1001001101010111000100 )
b1001001101010111000100 4
b1001001101010111000100 B
b100010111 E
1"
b1101000001001010 !
b1101000001001010 *
b1101000001001010 >
b1001000101110110000000 -
b1001000101110110000000 6
b1001000101110110000000 @
1$
#17076000
0'
#17080000
0$
#17085000
0"
b1100101011100001 .
b1100101011100001 <
b1100101011100001 G
b11010100011111 ,
b11010100011111 H
b11010100011111 J
1$
#17090000
0$
#17095000
1$
#17100000
0$
#17105000
1$
#17110000
0$
#17115000
1$
#17120000
0$
#17125000
1$
#17126000
1'
#17130000
0$
#17135000
b100110101 I
b100110101 +
b100110101 F
b1001010100111000001000 )
b1001010100111000001000 4
b1001010100111000001000 B
b100110101 E
1"
b1100101011100001 !
b1100101011100001 *
b1100101011100001 >
b1001001101010111000100 -
b1001001101010111000100 6
b1001001101010111000100 @
1$
#17136000
0'
#17140000
0$
#17145000
0"
b1100010110010100 .
b1100010110010100 <
b1100010110010100 G
b11101001101100 ,
b11101001101100 H
b11101001101100 J
1$
#17150000
0$
#17155000
1$
#17160000
0$
#17165000
1$
#17170000
0$
#17175000
1$
#17180000
0$
#17185000
1$
#17186000
1'
#17190000
0$
#17195000
b101010011 I
b101010011 +
b101010011 F
b1001011100011001001100 )
b1001011100011001001100 4
b1001011100011001001100 B
b101010011 E
1"
b1100010110010100 !
b1100010110010100 *
b1100010110010100 >
b1001010100111000001000 -
b1001010100111000001000 6
b1001010100111000001000 @
1$
#17196000
0'
#17200000
0$
#17205000
0"
b1100000001100110 .
b1100000001100110 <
b1100000001100110 G
b11111110011010 ,
b11111110011010 H
b11111110011010 J
1$
#17210000
0$
#17215000
1$
#17220000
0$
#17225000
1$
#17230000
0$
#17235000
1$
#17240000
0$
#17245000
1$
#17246000
1'
#17250000
0$
#17255000
b101110001 I
b101110001 +
b101110001 F
b1001100011111010010000 )
b1001100011111010010000 4
b1001100011111010010000 B
b101110001 E
1"
b1100000001100110 !
b1100000001100110 *
b1100000001100110 >
b1001011100011001001100 -
b1001011100011001001100 6
b1001011100011001001100 @
1$
#17256000
0'
#17260000
0$
#17265000
0"
b1011101101011011 .
b1011101101011011 <
b1011101101011011 G
b100010010100101 ,
b100010010100101 H
b100010010100101 J
1$
#17270000
0$
#17275000
1$
#17280000
0$
#17285000
1$
#17290000
0$
#17295000
1$
#17300000
0$
#17305000
1$
#17306000
1'
#17310000
0$
#17315000
b110001111 I
b110001111 +
b110001111 F
b1001101011011011010100 )
b1001101011011011010100 4
b1001101011011011010100 B
b110001111 E
1"
b1011101101011011 !
b1011101101011011 *
b1011101101011011 >
b1001100011111010010000 -
b1001100011111010010000 6
b1001100011111010010000 @
1$
#17316000
0'
#17320000
0$
#17325000
0"
b1011011001110110 .
b1011011001110110 <
b1011011001110110 G
b100100110001010 ,
b100100110001010 H
b100100110001010 J
1$
#17330000
0$
#17335000
1$
#17340000
0$
#17345000
1$
#17350000
0$
#17355000
1$
#17360000
0$
#17365000
1$
#17366000
1'
#17370000
0$
#17375000
b110101101 I
b110101101 +
b110101101 F
b1001110010111100011000 )
b1001110010111100011000 4
b1001110010111100011000 B
b110101101 E
1"
b1011011001110110 !
b1011011001110110 *
b1011011001110110 >
b1001101011011011010100 -
b1001101011011011010100 6
b1001101011011011010100 @
1$
#17376000
0'
#17380000
0$
#17385000
0"
b1011000110111000 .
b1011000110111000 <
b1011000110111000 G
b100111001001000 ,
b100111001001000 H
b100111001001000 J
1$
#17390000
0$
#17395000
1$
#17400000
0$
#17405000
1$
#17410000
0$
#17415000
1$
#17420000
0$
#17425000
1$
#17426000
1'
#17430000
0$
#17435000
b111001011 I
b111001011 +
b111001011 F
b1001111010011101011100 )
b1001111010011101011100 4
b1001111010011101011100 B
b111001011 E
1"
b1011000110111000 !
b1011000110111000 *
b1011000110111000 >
b1001110010111100011000 -
b1001110010111100011000 6
b1001110010111100011000 @
1$
#17436000
0'
#17440000
0$
#17445000
0"
b1010110100100100 .
b1010110100100100 <
b1010110100100100 G
b101001011011100 ,
b101001011011100 H
b101001011011100 J
1$
#17450000
0$
#17455000
1$
#17460000
0$
#17465000
1$
#17470000
0$
#17475000
1$
#17480000
0$
#17485000
1$
#17486000
1'
#17490000
0$
#17495000
b111101001 I
b111101001 +
b111101001 F
b1010000001111110100000 )
b1010000001111110100000 4
b1010000001111110100000 B
b111101001 E
1"
b1010110100100100 !
b1010110100100100 *
b1010110100100100 >
b1001111010011101011100 -
b1001111010011101011100 6
b1001111010011101011100 @
1$
#17496000
0'
#17500000
0$
#17505000
0"
b1010100010111110 .
b1010100010111110 <
b1010100010111110 G
b101011101000010 ,
b101011101000010 H
b101011101000010 J
1$
#17510000
0$
#17515000
1$
#17520000
0$
#17525000
1$
#17530000
0$
#17535000
1$
#17540000
0$
#17545000
1$
#17546000
1'
#17550000
0$
#17555000
b1000000111 I
b1000000111 +
b1000000111 F
b1010001001011111100100 )
b1010001001011111100100 4
b1010001001011111100100 B
b1000000111 E
1"
b1010100010111110 !
b1010100010111110 *
b1010100010111110 >
b1010000001111110100000 -
b1010000001111110100000 6
b1010000001111110100000 @
1$
#17556000
0'
#17560000
0$
#17565000
0"
b1010010010000111 .
b1010010010000111 <
b1010010010000111 G
b101101101111001 ,
b101101101111001 H
b101101101111001 J
1$
#17570000
0$
#17575000
1$
#17580000
0$
#17585000
1$
#17590000
0$
#17595000
1$
#17600000
0$
#17605000
1$
#17606000
1'
#17610000
0$
#17615000
b1000100101 I
b1000100101 +
b1000100101 F
b1010010001000000101000 )
b1010010001000000101000 4
b1010010001000000101000 B
b1000100101 E
1"
b1010010010000111 !
b1010010010000111 *
b1010010010000111 >
b1010001001011111100100 -
b1010001001011111100100 6
b1010001001011111100100 @
1$
#17616000
0'
#17620000
0$
#17625000
0"
b1010000010000001 .
b1010000010000001 <
b1010000010000001 G
b101111101111111 ,
b101111101111111 H
b101111101111111 J
1$
#17630000
0$
#17635000
1$
#17640000
0$
#17645000
1$
#17650000
0$
#17655000
1$
#17660000
0$
#17665000
1$
#17666000
1'
#17670000
0$
#17675000
b1001000100 I
b1001000100 +
b1001000100 F
b1010011000100001101100 )
b1010011000100001101100 4
b1010011000100001101100 B
b1001000100 E
1"
b1010000010000001 !
b1010000010000001 *
b1010000010000001 >
b1010010001000000101000 -
b1010010001000000101000 6
b1010010001000000101000 @
1$
#17676000
0'
#17680000
0$
#17685000
0"
b1001110010010000 .
b1001110010010000 <
b1001110010010000 G
b110001101110000 ,
b110001101110000 H
b110001101110000 J
1$
#17690000
0$
#17695000
1$
#17700000
0$
#17705000
1$
#17710000
0$
#17715000
1$
#17720000
0$
#17725000
1$
#17726000
1'
#17730000
0$
#17735000
b1001100010 I
b1001100010 +
b1001100010 F
b1010100000000010110000 )
b1010100000000010110000 4
b1010100000000010110000 B
b1001100010 E
1"
b1001110010010000 !
b1001110010010000 *
b1001110010010000 >
b1010011000100001101100 -
b1010011000100001101100 6
b1010011000100001101100 @
1$
#17736000
0'
#17740000
0$
#17745000
0"
b1001100011110110 .
b1001100011110110 <
b1001100011110110 G
b110011100001010 ,
b110011100001010 H
b110011100001010 J
1$
#17750000
0$
#17755000
1$
#17760000
0$
#17765000
1$
#17770000
0$
#17775000
1$
#17780000
0$
#17785000
1$
#17786000
1'
#17790000
0$
#17795000
b1010000000 I
b1010000000 +
b1010000000 F
b1010100111100011110100 )
b1010100111100011110100 4
b1010100111100011110100 B
b1010000000 E
1"
b1001100011110110 !
b1001100011110110 *
b1001100011110110 >
b1010100000000010110000 -
b1010100000000010110000 6
b1010100000000010110000 @
1$
#17796000
0'
#17800000
0$
#17805000
0"
b1001010110010011 .
b1001010110010011 <
b1001010110010011 G
b110101001101101 ,
b110101001101101 H
b110101001101101 J
1$
#17810000
0$
#17815000
1$
#17820000
0$
#17825000
1$
#17830000
0$
#17835000
1$
#17840000
0$
#17845000
1$
#17846000
1'
#17850000
0$
#17855000
b1010011110 I
b1010011110 +
b1010011110 F
b1010101111000100111000 )
b1010101111000100111000 4
b1010101111000100111000 B
b1010011110 E
1"
b1001010110010011 !
b1001010110010011 *
b1001010110010011 >
b1010100111100011110100 -
b1010100111100011110100 6
b1010100111100011110100 @
1$
#17856000
0'
#17860000
0$
#17865000
0"
b1001001001101011 .
b1001001001101011 <
b1001001001101011 G
b110110110010101 ,
b110110110010101 H
b110110110010101 J
1$
#17870000
0$
#17875000
1$
#17880000
0$
#17885000
1$
#17890000
0$
#17895000
1$
#17900000
0$
#17905000
1$
#17906000
1'
#17910000
0$
#17915000
b1010111100 I
b1010111100 +
b1010111100 F
b1010110110100101111100 )
b1010110110100101111100 4
b1010110110100101111100 B
b1010111100 E
1"
b1001001001101011 !
b1001001001101011 *
b1001001001101011 >
b1010101111000100111000 -
b1010101111000100111000 6
b1010101111000100111000 @
1$
#17916000
0'
#17920000
0$
#17925000
0"
b1000111101111101 .
b1000111101111101 <
b1000111101111101 G
b111000010000011 ,
b111000010000011 H
b111000010000011 J
1$
#17930000
0$
#17935000
1$
#17940000
0$
#17945000
1$
#17950000
0$
#17955000
1$
#17960000
0$
#17965000
1$
#17966000
1'
#17970000
0$
#17975000
b1011011010 I
b1011011010 +
b1011011010 F
b1010111110000111000000 )
b1010111110000111000000 4
b1010111110000111000000 B
b1011011010 E
1"
b1000111101111101 !
b1000111101111101 *
b1000111101111101 >
b1010110110100101111100 -
b1010110110100101111100 6
b1010110110100101111100 @
1$
#17976000
0'
#17980000
0$
#17985000
0"
b1000110011001101 .
b1000110011001101 <
b1000110011001101 G
b111001100110011 ,
b111001100110011 H
b111001100110011 J
1$
#17990000
0$
#17995000
1$
#18000000
0$
#18005000
1$
#18010000
0$
#18015000
1$
#18020000
0$
#18025000
1$
#18026000
1'
#18030000
0$
#18035000
b1011111000 I
b1011111000 +
b1011111000 F
b1011000101101000000100 )
b1011000101101000000100 4
b1011000101101000000100 B
b1011111000 E
1"
b1000110011001101 !
b1000110011001101 *
b1000110011001101 >
b1010111110000111000000 -
b1010111110000111000000 6
b1010111110000111000000 @
1$
#18036000
0'
#18040000
0$
#18045000
0"
b1000101001011011 .
b1000101001011011 <
b1000101001011011 G
b111010110100101 ,
b111010110100101 H
b111010110100101 J
1$
#18050000
0$
#18055000
1$
#18060000
0$
#18065000
1$
#18070000
0$
#18075000
1$
#18080000
0$
#18085000
1$
#18086000
1'
#18090000
0$
#18095000
b1100010110 I
b1100010110 +
b1100010110 F
b1011001101001001001000 )
b1011001101001001001000 4
b1011001101001001001000 B
b1100010110 E
1"
b1000101001011011 !
b1000101001011011 *
b1000101001011011 >
b1011000101101000000100 -
b1011000101101000000100 6
b1011000101101000000100 @
1$
#18096000
0'
#18100000
0$
#18105000
0"
b1000100000101001 .
b1000100000101001 <
b1000100000101001 G
b111011111010111 ,
b111011111010111 H
b111011111010111 J
1$
#18110000
0$
#18115000
1$
#18120000
0$
#18125000
1$
#18130000
0$
#18135000
1$
#18140000
0$
#18145000
1$
#18146000
1'
#18150000
0$
#18155000
b1100110100 I
b1100110100 +
b1100110100 F
b1011010100101010001100 )
b1011010100101010001100 4
b1011010100101010001100 B
b1100110100 E
1"
b1000100000101001 !
b1000100000101001 *
b1000100000101001 >
b1011001101001001001000 -
b1011001101001001001000 6
b1011001101001001001000 @
1$
#18156000
0'
#18160000
0$
#18165000
0"
b1000011000111000 .
b1000011000111000 <
b1000011000111000 G
b111100111001000 ,
b111100111001000 H
b111100111001000 J
1$
#18170000
0$
#18175000
1$
#18180000
0$
#18185000
1$
#18190000
0$
#18195000
1$
#18200000
0$
#18205000
1$
#18206000
1'
#18210000
0$
#18215000
b1101010010 I
b1101010010 +
b1101010010 F
b1011011100001011010000 )
b1011011100001011010000 4
b1011011100001011010000 B
b1101010010 E
1"
b1000011000111000 !
b1000011000111000 *
b1000011000111000 >
b1011010100101010001100 -
b1011010100101010001100 6
b1011010100101010001100 @
1$
#18216000
0'
#18220000
0$
#18225000
0"
b1000010010001001 .
b1000010010001001 <
b1000010010001001 G
b111101101110111 ,
b111101101110111 H
b111101101110111 J
1$
#18230000
0$
#18235000
1$
#18240000
0$
#18245000
1$
#18250000
0$
#18255000
1$
#18260000
0$
#18265000
1$
#18266000
1'
#18270000
0$
#18275000
b1101110000 I
b1101110000 +
b1101110000 F
b1011100011101100010100 )
b1011100011101100010100 4
b1011100011101100010100 B
b1101110000 E
1"
b1000010010001001 !
b1000010010001001 *
b1000010010001001 >
b1011011100001011010000 -
b1011011100001011010000 6
b1011011100001011010000 @
1$
#18276000
0'
#18280000
0$
#18285000
0"
b1000001100011101 .
b1000001100011101 <
b1000001100011101 G
b111110011100011 ,
b111110011100011 H
b111110011100011 J
1$
#18290000
0$
#18295000
1$
#18300000
0$
#18305000
1$
#18310000
0$
#18315000
1$
#18320000
0$
#18325000
1$
#18326000
1'
#18330000
0$
#18335000
b1110001110 I
b1110001110 +
b1110001110 F
b1011101011001101011000 )
b1011101011001101011000 4
b1011101011001101011000 B
b1110001110 E
1"
b1000001100011101 !
b1000001100011101 *
b1000001100011101 >
b1011100011101100010100 -
b1011100011101100010100 6
b1011100011101100010100 @
1$
#18336000
0'
#18340000
0$
#18345000
0"
b1000000111110101 .
b1000000111110101 <
b1000000111110101 G
b111111000001011 ,
b111111000001011 H
b111111000001011 J
1$
#18350000
0$
#18355000
1$
#18360000
0$
#18365000
1$
#18370000
0$
#18375000
1$
#18380000
0$
#18385000
1$
#18386000
1'
#18390000
0$
#18395000
b1110101100 I
b1110101100 +
b1110101100 F
b1011110010101110011100 )
b1011110010101110011100 4
b1011110010101110011100 B
b1110101100 E
1"
b1000000111110101 !
b1000000111110101 *
b1000000111110101 >
b1011101011001101011000 -
b1011101011001101011000 6
b1011101011001101011000 @
1$
#18396000
0'
#18400000
0$
#18405000
0"
b1000000100010001 .
b1000000100010001 <
b1000000100010001 G
b111111011101111 ,
b111111011101111 H
b111111011101111 J
1$
#18410000
0$
#18415000
1$
#18420000
0$
#18425000
1$
#18430000
0$
#18435000
1$
#18440000
0$
#18445000
1$
#18446000
1'
#18450000
0$
#18455000
b1111001010 I
b1111001010 +
b1111001010 F
b1011111010001111100000 )
b1011111010001111100000 4
b1011111010001111100000 B
b1111001010 E
1"
b1000000100010001 !
b1000000100010001 *
b1000000100010001 >
b1011110010101110011100 -
b1011110010101110011100 6
b1011110010101110011100 @
1$
#18456000
0'
#18460000
0$
#18465000
0"
b1000000001110001 .
b1000000001110001 <
b1000000001110001 G
b111111110001111 ,
b111111110001111 H
b111111110001111 J
1$
#18470000
0$
#18475000
1$
#18480000
0$
#18485000
1$
#18490000
0$
#18495000
1$
#18500000
0$
#18505000
1$
#18506000
1'
#18510000
0$
#18515000
b1111101000 I
b1111101000 +
b1111101000 F
b1100000001110000100100 )
b1100000001110000100100 4
b1100000001110000100100 B
b1111101000 E
1"
b1000000001110001 !
b1000000001110001 *
b1000000001110001 >
b1011111010001111100000 -
b1011111010001111100000 6
b1011111010001111100000 @
1$
#18516000
0'
#18520000
0$
#18525000
0"
b1000000000010111 .
b1000000000010111 <
b1000000000010111 G
b111111111101001 ,
b111111111101001 H
b111111111101001 J
1$
#18530000
0$
#18535000
1$
#18540000
0$
#18545000
1$
#18550000
0$
#18555000
1$
#18560000
0$
#18565000
1$
#18566000
1'
#18570000
0$
#18575000
b1111111001 I
b11111111001 +
b11111111001 F
b1100001001010001101000 )
b1100001001010001101000 4
b1100001001010001101000 B
b10000000111 E
1"
b1000000000010111 !
b1000000000010111 *
b1000000000010111 >
b1100000001110000100100 -
b1100000001110000100100 6
b1100000001110000100100 @
1$
#18576000
0'
#18580000
0$
#18585000
0"
b1000000000000011 .
b1000000000000011 <
b1000000000000011 G
b111111111111101 ,
b111111111111101 H
b111111111111101 J
1$
#18590000
0$
#18595000
1$
#18600000
0$
#18605000
1$
#18610000
0$
#18615000
1$
#18620000
0$
#18625000
1$
#18626000
1'
#18630000
0$
#18635000
b1111011011 I
b11111011011 +
b11111011011 F
b1100010000110010101100 )
b1100010000110010101100 4
b1100010000110010101100 B
b10000100101 E
1"
b1000000000000011 !
b1000000000000011 *
b1000000000000011 >
b1100001001010001101000 -
b1100001001010001101000 6
b1100001001010001101000 @
1$
#18636000
0'
#18640000
0$
#18645000
0"
b1000000000110110 .
b1000000000110110 <
b1000000000110110 G
b111111111001010 ,
b111111111001010 H
b111111111001010 J
1$
#18650000
0$
#18655000
1$
#18660000
0$
#18665000
1$
#18670000
0$
#18675000
1$
#18680000
0$
#18685000
1$
#18686000
1'
#18690000
0$
#18695000
b1110111101 I
b11110111101 +
b11110111101 F
b1100011000010011110000 )
b1100011000010011110000 4
b1100011000010011110000 B
b10001000011 E
1"
b1000000000110110 !
b1000000000110110 *
b1000000000110110 >
b1100010000110010101100 -
b1100010000110010101100 6
b1100010000110010101100 @
1$
#18696000
0'
#18700000
0$
#18705000
0"
b1000000010101110 .
b1000000010101110 <
b1000000010101110 G
b111111101010010 ,
b111111101010010 H
b111111101010010 J
1$
#18710000
0$
#18715000
1$
#18720000
0$
#18725000
1$
#18730000
0$
#18735000
1$
#18740000
0$
#18745000
1$
#18746000
1'
#18750000
0$
#18755000
b1110011111 I
b11110011111 +
b11110011111 F
b1100011111110100110100 )
b1100011111110100110100 4
b1100011111110100110100 B
b10001100001 E
1"
b1000000010101110 !
b1000000010101110 *
b1000000010101110 >
b1100011000010011110000 -
b1100011000010011110000 6
b1100011000010011110000 @
1$
#18756000
0'
#18760000
0$
#18765000
0"
b1000000101101011 .
b1000000101101011 <
b1000000101101011 G
b111111010010101 ,
b111111010010101 H
b111111010010101 J
1$
#18770000
0$
#18775000
1$
#18780000
0$
#18785000
1$
#18790000
0$
#18795000
1$
#18800000
0$
#18805000
1$
#18806000
1'
#18810000
0$
#18815000
b1110000001 I
b11110000001 +
b11110000001 F
b1100100111010101111000 )
b1100100111010101111000 4
b1100100111010101111000 B
b10001111111 E
1"
b1000000101101011 !
b1000000101101011 *
b1000000101101011 >
b1100011111110100110100 -
b1100011111110100110100 6
b1100011111110100110100 @
1$
#18816000
0'
#18820000
0$
#18825000
0"
b1000001001101101 .
b1000001001101101 <
b1000001001101101 G
b111110110010011 ,
b111110110010011 H
b111110110010011 J
1$
#18830000
0$
#18835000
1$
#18840000
0$
#18845000
1$
#18850000
0$
#18855000
1$
#18860000
0$
#18865000
1$
#18866000
1'
#18870000
0$
#18875000
b1101100011 I
b11101100011 +
b11101100011 F
b1100101110110110111100 )
b1100101110110110111100 4
b1100101110110110111100 B
b10010011101 E
1"
b1000001001101101 !
b1000001001101101 *
b1000001001101101 >
b1100100111010101111000 -
b1100100111010101111000 6
b1100100111010101111000 @
1$
#18876000
0'
#18880000
0$
#18885000
0"
b1000001110110011 .
b1000001110110011 <
b1000001110110011 G
b111110001001101 ,
b111110001001101 H
b111110001001101 J
1$
#18890000
0$
#18895000
1$
#18900000
0$
#18905000
1$
#18910000
0$
#18915000
1$
#18920000
0$
#18925000
1$
#18926000
1'
#18930000
0$
#18935000
b1101000101 I
b11101000101 +
b11101000101 F
b1100110110011000000000 )
b1100110110011000000000 4
b1100110110011000000000 B
b10010111011 E
1"
b1000001110110011 !
b1000001110110011 *
b1000001110110011 >
b1100101110110110111100 -
b1100101110110110111100 6
b1100101110110110111100 @
1$
#18936000
0'
#18940000
0$
#18945000
0"
b1000010100111100 .
b1000010100111100 <
b1000010100111100 G
b111101011000100 ,
b111101011000100 H
b111101011000100 J
1$
#18950000
0$
#18955000
1$
#18960000
0$
#18965000
1$
#18970000
0$
#18975000
1$
#18980000
0$
#18985000
1$
#18986000
1'
#18990000
0$
#18995000
b1100100111 I
b11100100111 +
b11100100111 F
b1100111101111001000100 )
b1100111101111001000100 4
b1100111101111001000100 B
b10011011001 E
1"
b1000010100111100 !
b1000010100111100 *
b1000010100111100 >
b1100110110011000000000 -
b1100110110011000000000 6
b1100110110011000000000 @
1$
#18996000
0'
#19000000
0$
#19005000
0"
b1000011100001000 .
b1000011100001000 <
b1000011100001000 G
b111100011111000 ,
b111100011111000 H
b111100011111000 J
1$
#19010000
0$
#19015000
1$
#19020000
0$
#19025000
1$
#19030000
0$
#19035000
1$
#19040000
0$
#19045000
1$
#19046000
1'
#19050000
0$
#19055000
b1100001001 I
b11100001001 +
b11100001001 F
b1101000101011010001000 )
b1101000101011010001000 4
b1101000101011010001000 B
b10011110111 E
1"
b1000011100001000 !
b1000011100001000 *
b1000011100001000 >
b1100111101111001000100 -
b1100111101111001000100 6
b1100111101111001000100 @
1$
#19056000
0'
#19060000
0$
#19065000
0"
b1000100100010101 .
b1000100100010101 <
b1000100100010101 G
b111011011101011 ,
b111011011101011 H
b111011011101011 J
1$
#19070000
0$
#19075000
1$
#19080000
0$
#19085000
1$
#19090000
0$
#19095000
1$
#19100000
0$
#19105000
1$
#19106000
1'
#19110000
0$
#19115000
b1011101011 I
b11011101011 +
b11011101011 F
b1101001100111011001100 )
b1101001100111011001100 4
b1101001100111011001100 B
b10100010101 E
1"
b1000100100010101 !
b1000100100010101 *
b1000100100010101 >
b1101000101011010001000 -
b1101000101011010001000 6
b1101000101011010001000 @
1$
#19116000
0'
#19120000
0$
#19125000
0"
b1000101101100011 .
b1000101101100011 <
b1000101101100011 G
b111010010011101 ,
b111010010011101 H
b111010010011101 J
1$
#19130000
0$
#19135000
1$
#19140000
0$
#19145000
1$
#19150000
0$
#19155000
1$
#19160000
0$
#19165000
1$
#19166000
1'
#19170000
0$
#19175000
b1011001101 I
b11011001101 +
b11011001101 F
b1101010100011100010000 )
b1101010100011100010000 4
b1101010100011100010000 B
b10100110011 E
1"
b1000101101100011 !
b1000101101100011 *
b1000101101100011 >
b1101001100111011001100 -
b1101001100111011001100 6
b1101001100111011001100 @
1$
#19176000
0'
#19180000
0$
#19185000
0"
b1000110111110000 .
b1000110111110000 <
b1000110111110000 G
b111001000010000 ,
b111001000010000 H
b111001000010000 J
1$
#19190000
0$
#19195000
1$
#19200000
0$
#19205000
1$
#19210000
0$
#19215000
1$
#19220000
0$
#19225000
1$
#19226000
1'
#19230000
0$
#19235000
b1010101111 I
b11010101111 +
b11010101111 F
b1101011011111101010100 )
b1101011011111101010100 4
b1101011011111101010100 B
b10101010001 E
1"
b1000110111110000 !
b1000110111110000 *
b1000110111110000 >
b1101010100011100010000 -
b1101010100011100010000 6
b1101010100011100010000 @
1$
#19236000
0'
#19240000
0$
#19245000
0"
b1001000010111011 .
b1001000010111011 <
b1001000010111011 G
b110111101000101 ,
b110111101000101 H
b110111101000101 J
1$
#19250000
0$
#19255000
1$
#19260000
0$
#19265000
1$
#19270000
0$
#19275000
1$
#19280000
0$
#19285000
1$
#19286000
1'
#19290000
0$
#19295000
b1010010001 I
b11010010001 +
b11010010001 F
b1101100011011110011000 )
b1101100011011110011000 4
b1101100011011110011000 B
b10101101111 E
1"
b1001000010111011 !
b1001000010111011 *
b1001000010111011 >
b1101011011111101010100 -
b1101011011111101010100 6
b1101011011111101010100 @
1$
#19296000
0'
#19300000
0$
#19305000
0"
b1001001111000010 .
b1001001111000010 <
b1001001111000010 G
b110110000111110 ,
b110110000111110 H
b110110000111110 J
1$
#19310000
0$
#19315000
1$
#19320000
0$
#19325000
1$
#19330000
0$
#19335000
1$
#19340000
0$
#19345000
1$
#19346000
1'
#19350000
0$
#19355000
b1001110011 I
b11001110011 +
b11001110011 F
b1101101010111111011100 )
b1101101010111111011100 4
b1101101010111111011100 B
b10110001101 E
1"
b1001001111000010 !
b1001001111000010 *
b1001001111000010 >
b1101100011011110011000 -
b1101100011011110011000 6
b1101100011011110011000 @
1$
#19356000
0'
#19360000
0$
#19365000
0"
b1001011100000100 .
b1001011100000100 <
b1001011100000100 G
b110100011111100 ,
b110100011111100 H
b110100011111100 J
1$
#19370000
0$
#19375000
1$
#19380000
0$
#19385000
1$
#19390000
0$
#19395000
1$
#19400000
0$
#19405000
1$
#19406000
1'
#19410000
0$
#19415000
b1001010101 I
b11001010101 +
b11001010101 F
b1101110010100000100000 )
b1101110010100000100000 4
b1101110010100000100000 B
b10110101011 E
1"
b1001011100000100 !
b1001011100000100 *
b1001011100000100 >
b1101101010111111011100 -
b1101101010111111011100 6
b1101101010111111011100 @
1$
#19416000
0'
#19420000
0$
#19425000
0"
b1001101001111110 .
b1001101001111110 <
b1001101001111110 G
b110010110000010 ,
b110010110000010 H
b110010110000010 J
1$
#19430000
0$
#19435000
1$
#19440000
0$
#19445000
1$
#19450000
0$
#19455000
1$
#19460000
0$
#19465000
1$
#19466000
1'
#19470000
0$
#19475000
b1000110110 I
b11000110110 +
b11000110110 F
b1101111010000001100100 )
b1101111010000001100100 4
b1101111010000001100100 B
b10111001010 E
1"
b1001101001111110 !
b1001101001111110 *
b1001101001111110 >
b1101110010100000100000 -
b1101110010100000100000 6
b1101110010100000100000 @
1$
#19476000
0'
#19480000
0$
#19485000
0"
b1001111001010001 .
b1001111001010001 <
b1001111001010001 G
b110000110101111 ,
b110000110101111 H
b110000110101111 J
1$
#19490000
0$
#19495000
1$
#19500000
0$
#19505000
1$
#19510000
0$
#19515000
1$
#19520000
0$
#19525000
1$
#19526000
1'
#19530000
0$
#19535000
b1000011000 I
b11000011000 +
b11000011000 F
b1110000001100010101000 )
b1110000001100010101000 4
b1110000001100010101000 B
b10111101000 E
1"
b1001111001010001 !
b1001111001010001 *
b1001111001010001 >
b1101111010000001100100 -
b1101111010000001100100 6
b1101111010000001100100 @
1$
#19536000
0'
#19540000
0$
#19545000
0"
b1010001000111001 .
b1010001000111001 <
b1010001000111001 G
b101110111000111 ,
b101110111000111 H
b101110111000111 J
1$
#19550000
0$
#19555000
1$
#19560000
0$
#19565000
1$
#19570000
0$
#19575000
1$
#19580000
0$
#19585000
1$
#19586000
1'
#19590000
0$
#19595000
b111111010 I
b10111111010 +
b10111111010 F
b1110001001000011101100 )
b1110001001000011101100 4
b1110001001000011101100 B
b11000000110 E
1"
b1010001000111001 !
b1010001000111001 *
b1010001000111001 >
b1110000001100010101000 -
b1110000001100010101000 6
b1110000001100010101000 @
1$
#19596000
0'
#19600000
0$
#19605000
0"
b1010011001010100 .
b1010011001010100 <
b1010011001010100 G
b101100110101100 ,
b101100110101100 H
b101100110101100 J
1$
#19610000
0$
#19615000
1$
#19620000
0$
#19625000
1$
#19630000
0$
#19635000
1$
#19640000
0$
#19645000
1$
#19646000
1'
#19650000
0$
#19655000
b111011100 I
b10111011100 +
b10111011100 F
b1110010000100100110000 )
b1110010000100100110000 4
b1110010000100100110000 B
b11000100100 E
1"
b1010011001010100 !
b1010011001010100 *
b1010011001010100 >
b1110001001000011101100 -
b1110001001000011101100 6
b1110001001000011101100 @
1$
#19656000
0'
#19660000
0$
#19665000
0"
b1010101010100000 .
b1010101010100000 <
b1010101010100000 G
b101010101100000 ,
b101010101100000 H
b101010101100000 J
1$
#19670000
0$
#19675000
1$
#19680000
0$
#19685000
1$
#19690000
0$
#19695000
1$
#19700000
0$
#19705000
1$
#19706000
1'
#19710000
0$
#19715000
b110111110 I
b10110111110 +
b10110111110 F
b1110011000000101110100 )
b1110011000000101110100 4
b1110011000000101110100 B
b11001000010 E
1"
b1010101010100000 !
b1010101010100000 *
b1010101010100000 >
b1110010000100100110000 -
b1110010000100100110000 6
b1110010000100100110000 @
1$
#19716000
0'
#19720000
0$
#19725000
0"
b1010111100011011 .
b1010111100011011 <
b1010111100011011 G
b101000011100101 ,
b101000011100101 H
b101000011100101 J
1$
#19730000
0$
#19735000
1$
#19740000
0$
#19745000
1$
#19750000
0$
#19755000
1$
#19760000
0$
#19765000
1$
#19766000
1'
#19770000
0$
#19775000
b110100000 I
b10110100000 +
b10110100000 F
b1110011111100110111000 )
b1110011111100110111000 4
b1110011111100110111000 B
b11001100000 E
1"
b1010111100011011 !
b1010111100011011 *
b1010111100011011 >
b1110011000000101110100 -
b1110011000000101110100 6
b1110011000000101110100 @
1$
#19776000
0'
#19780000
0$
#19785000
0"
b1011001111000001 .
b1011001111000001 <
b1011001111000001 G
b100110000111111 ,
b100110000111111 H
b100110000111111 J
1$
#19790000
0$
#19795000
1$
#19800000
0$
#19805000
1$
#19810000
0$
#19815000
1$
#19820000
0$
#19825000
1$
#19826000
1'
#19830000
0$
#19835000
b110000010 I
b10110000010 +
b10110000010 F
b1110100111000111111100 )
b1110100111000111111100 4
b1110100111000111111100 B
b11001111110 E
1"
b1011001111000001 !
b1011001111000001 *
b1011001111000001 >
b1110011111100110111000 -
b1110011111100110111000 6
b1110011111100110111000 @
1$
#19836000
0'
#19840000
0$
#19845000
0"
b1011100010010000 .
b1011100010010000 <
b1011100010010000 G
b100011101110000 ,
b100011101110000 H
b100011101110000 J
1$
#19850000
0$
#19855000
1$
#19860000
0$
#19865000
1$
#19870000
0$
#19875000
1$
#19880000
0$
#19885000
1$
#19886000
1'
#19890000
0$
#19895000
b101100100 I
b10101100100 +
b10101100100 F
b1110101110101001000000 )
b1110101110101001000000 4
b1110101110101001000000 B
b11010011100 E
1"
b1011100010010000 !
b1011100010010000 *
b1011100010010000 >
b1110100111000111111100 -
b1110100111000111111100 6
b1110100111000111111100 @
1$
#19896000
0'
#19900000
0$
#19905000
0"
b1011110110000110 .
b1011110110000110 <
b1011110110000110 G
b100001001111010 ,
b100001001111010 H
b100001001111010 J
1$
#19910000
0$
#19915000
1$
#19920000
0$
#19925000
1$
#19930000
0$
#19935000
1$
#19940000
0$
#19945000
1$
#19946000
1'
#19950000
0$
#19955000
b101000110 I
b10101000110 +
b10101000110 F
b1110110110001010000100 )
b1110110110001010000100 4
b1110110110001010000100 B
b11010111010 E
1"
b1011110110000110 !
b1011110110000110 *
b1011110110000110 >
b1110101110101001000000 -
b1110101110101001000000 6
b1110101110101001000000 @
1$
#19956000
0'
#19960000
0$
#19965000
0"
b1100001010100000 .
b1100001010100000 <
b1100001010100000 G
b11110101100000 ,
b11110101100000 H
b11110101100000 J
1$
#19970000
0$
#19975000
1$
#19980000
0$
#19985000
1$
#19990000
0$
#19995000
1$
#20000000
0$
#20005000
1$
#20006000
1'
#20010000
0$
#20015000
b100101000 I
b10100101000 +
b10100101000 F
b1110111101101011001000 )
b1110111101101011001000 4
b1110111101101011001000 B
b11011011000 E
1"
b1100001010100000 !
b1100001010100000 *
b1100001010100000 >
b1110110110001010000100 -
b1110110110001010000100 6
b1110110110001010000100 @
1$
#20016000
0'
#20020000
0$
#20025000
0"
b1100011111011100 .
b1100011111011100 <
b1100011111011100 G
b11100000100100 ,
b11100000100100 H
b11100000100100 J
1$
#20030000
0$
#20035000
1$
#20040000
0$
#20045000
1$
#20050000
0$
#20055000
1$
#20060000
0$
#20065000
1$
#20066000
1'
#20070000
0$
#20075000
b100001010 I
b10100001010 +
b10100001010 F
b1111000101001100001100 )
b1111000101001100001100 4
b1111000101001100001100 B
b11011110110 E
1"
b1100011111011100 !
b1100011111011100 *
b1100011111011100 >
b1110111101101011001000 -
b1110111101101011001000 6
b1110111101101011001000 @
1$
#20076000
0'
#20080000
0$
#20085000
0"
b1100110100110110 .
b1100110100110110 <
b1100110100110110 G
b11001011001010 ,
b11001011001010 H
b11001011001010 J
1$
#20090000
0$
#20095000
1$
#20100000
0$
#20105000
1$
#20110000
0$
#20115000
1$
#20120000
0$
#20125000
1$
#20126000
1'
#20130000
0$
#20135000
b11101100 I
b10011101100 +
b10011101100 F
b1111001100101101010000 )
b1111001100101101010000 4
b1111001100101101010000 B
b11100010100 E
1"
b1100110100110110 !
b1100110100110110 *
b1100110100110110 >
b1111000101001100001100 -
b1111000101001100001100 6
b1111000101001100001100 @
1$
#20136000
0'
#20140000
0$
#20145000
0"
b1101001010101011 .
b1101001010101011 <
b1101001010101011 G
b10110101010101 ,
b10110101010101 H
b10110101010101 J
1$
#20150000
0$
#20155000
1$
#20160000
0$
#20165000
1$
#20170000
0$
#20175000
1$
#20180000
0$
#20185000
1$
#20186000
1'
#20190000
0$
#20195000
b11001110 I
b10011001110 +
b10011001110 F
b1111010100001110010100 )
b1111010100001110010100 4
b1111010100001110010100 B
b11100110010 E
1"
b1101001010101011 !
b1101001010101011 *
b1101001010101011 >
b1111001100101101010000 -
b1111001100101101010000 6
b1111001100101101010000 @
1$
#20196000
0'
#20200000
0$
#20205000
0"
b1101100000111001 .
b1101100000111001 <
b1101100000111001 G
b10011111000111 ,
b10011111000111 H
b10011111000111 J
1$
#20210000
0$
#20215000
1$
#20220000
0$
#20225000
1$
#20230000
0$
#20235000
1$
#20240000
0$
#20245000
1$
#20246000
1'
#20250000
0$
#20255000
b10110000 I
b10010110000 +
b10010110000 F
b1111011011101111011000 )
b1111011011101111011000 4
b1111011011101111011000 B
b11101010000 E
1"
b1101100000111001 !
b1101100000111001 *
b1101100000111001 >
b1111010100001110010100 -
b1111010100001110010100 6
b1111010100001110010100 @
1$
#20256000
0'
#20260000
0$
#20265000
0"
b1101110111011101 .
b1101110111011101 <
b1101110111011101 G
b10001000100011 ,
b10001000100011 H
b10001000100011 J
1$
#20270000
0$
#20275000
1$
#20280000
0$
#20285000
1$
#20290000
0$
#20295000
1$
#20300000
0$
#20305000
1$
#20306000
1'
#20310000
0$
#20315000
b10010010 I
b10010010010 +
b10010010010 F
b1111100011010000011100 )
b1111100011010000011100 4
b1111100011010000011100 B
b11101101110 E
1"
b1101110111011101 !
b1101110111011101 *
b1101110111011101 >
b1111011011101111011000 -
b1111011011101111011000 6
b1111011011101111011000 @
1$
#20316000
0'
#20320000
0$
#20325000
0"
b1110001110010011 .
b1110001110010011 <
b1110001110010011 G
b1110001101101 ,
b1110001101101 H
b1110001101101 J
1$
#20330000
0$
#20335000
1$
#20340000
0$
#20345000
1$
#20350000
0$
#20355000
1$
#20360000
0$
#20365000
1$
#20366000
1'
#20370000
0$
#20375000
b1110011 I
b10001110011 +
b10001110011 F
b1111101010110001100000 )
b1111101010110001100000 4
b1111101010110001100000 B
b11110001101 E
1"
b1110001110010011 !
b1110001110010011 *
b1110001110010011 >
b1111100011010000011100 -
b1111100011010000011100 6
b1111100011010000011100 @
1$
#20376000
0'
#20380000
0$
#20385000
0"
b1110100110001010 .
b1110100110001010 <
b1110100110001010 G
b1011001110110 ,
b1011001110110 H
b1011001110110 J
1$
#20390000
0$
#20395000
1$
#20400000
0$
#20405000
1$
#20410000
0$
#20415000
1$
#20420000
0$
#20425000
1$
#20426000
1'
#20430000
0$
#20435000
b1010101 I
b10001010101 +
b10001010101 F
b1111110010010010100100 )
b1111110010010010100100 4
b1111110010010010100100 B
b11110101011 E
1"
b1110100110001010 !
b1110100110001010 *
b1110100110001010 >
b1111101010110001100000 -
b1111101010110001100000 6
b1111101010110001100000 @
1$
#20436000
0'
#20440000
0$
#20445000
0"
b1110111101011100 .
b1110111101011100 <
b1110111101011100 G
b1000010100100 ,
b1000010100100 H
b1000010100100 J
1$
#20450000
0$
#20455000
1$
#20460000
0$
#20465000
1$
#20470000
0$
#20475000
1$
#20480000
0$
#20485000
1$
#20486000
1'
#20490000
0$
#20495000
b110111 I
b10000110111 +
b10000110111 F
b1111111001110011101000 )
b1111111001110011101000 4
b1111111001110011101000 B
b11111001001 E
1"
b1110111101011100 !
b1110111101011100 *
b1110111101011100 >
b1111110010010010100100 -
b1111110010010010100100 6
b1111110010010010100100 @
1$
#20496000
0'
#20500000
0$
#20505000
0"
b1111010100110111 .
b1111010100110111 <
b1111010100110111 G
b101011001001 ,
b101011001001 H
b101011001001 J
1$
#20510000
0$
#20515000
1$
#20520000
0$
#20525000
1$
#20530000
0$
#20535000
1$
#20540000
0$
#20545000
1$
#20546000
1'
#20550000
0$
#20555000
b11001 I
b10000011001 +
b10000011001 F
b1010100101100 )
b1010100101100 4
b1010100101100 B
1C
b11111100111 E
1"
b1111010100110111 !
b1111010100110111 *
b1111010100110111 >
b1111111001110011101000 -
b1111111001110011101000 6
b1111111001110011101000 @
1$
#20556000
0'
#20560000
0$
#20565000
0"
b1111101100011000 .
b1111101100011000 <
b1111101100011000 G
b10011101000 ,
b10011101000 H
b10011101000 J
1$
#20570000
0$
#20575000
1$
#20580000
0$
#20585000
1$
#20590000
0$
#20595000
1$
#20600000
0$
#20605000
1$
#20606000
1'
#20610000
0$
#20615000
b101 I
b101 +
b101 F
b1000110101110000 )
b1000110101110000 4
b1000110101110000 B
0C
b101 E
07
1"
b1111101100011000 !
b1111101100011000 *
b1111101100011000 >
b1010100101100 -
b1010100101100 6
b1010100101100 @
1$
#20616000
0'
#20620000
0$
#20625000
0/
0"
b11111011 .
b11111011 <
b11111011 G
b11111011 ,
b11111011 H
b11111011 J
1$
#20630000
0$
#20635000
1$
#20640000
0$
#20645000
1$
#20650000
0$
#20655000
1$
#20660000
0$
#20665000
1$
#20666000
1'
#20670000
0$
#20675000
b100011 I
b100011 +
b100011 F
b10000010110110100 )
b10000010110110100 4
b10000010110110100 B
b100011 E
1"
b11111011 !
b11111011 *
b11111011 >
b1000110101110000 -
b1000110101110000 6
b1000110101110000 @
1$
#20676000
0'
#20680000
0$
#20685000
0"
b11011011110 .
b11011011110 <
b11011011110 G
b11011011110 ,
b11011011110 H
b11011011110 J
1$
#20690000
0$
#20695000
1$
#20700000
0$
#20705000
1$
#20710000
0$
#20715000
1$
#20720000
0$
#20725000
1$
#20726000
1'
#20730000
0$
#20735000
b1000001 I
b1000001 +
b1000001 F
b10111110111111000 )
b10111110111111000 4
b10111110111111000 B
b1000001 E
1"
b11011011110 !
b11011011110 *
b11011011110 >
b10000010110110100 -
b10000010110110100 6
b10000010110110100 @
1$
#20736000
0'
#20740000
0$
#20745000
0"
b110010111110 .
b110010111110 <
b110010111110 G
b110010111110 ,
b110010111110 H
b110010111110 J
1$
#20750000
0$
#20755000
1$
#20760000
0$
#20765000
1$
#20770000
0$
#20775000
1$
#20780000
0$
#20785000
1$
#20786000
1'
#20790000
0$
#20795000
b1011111 I
b1011111 +
b1011111 F
b11111011000111100 )
b11111011000111100 4
b11111011000111100 B
b1011111 E
1"
b110010111110 !
b110010111110 *
b110010111110 >
b10111110111111000 -
b10111110111111000 6
b10111110111111000 @
1$
#20796000
0'
#20800000
0$
#20805000
0"
b1001010010110 .
b1001010010110 <
b1001010010110 G
b1001010010110 ,
b1001010010110 H
b1001010010110 J
1$
#20810000
0$
#20815000
1$
#20820000
0$
#20825000
1$
#20830000
0$
#20835000
1$
#20840000
0$
#20845000
1$
#20846000
1'
#20850000
0$
#20855000
b1111101 I
b1111101 +
b1111101 F
b100110111010000000 )
b100110111010000000 4
b100110111010000000 B
b1111101 E
1"
b1001010010110 !
b1001010010110 *
b1001010010110 >
b11111011000111100 -
b11111011000111100 6
b11111011000111100 @
1$
#20856000
0'
#20860000
0$
#20865000
0"
b1100001100101 .
b1100001100101 <
b1100001100101 G
b1100001100101 ,
b1100001100101 H
b1100001100101 J
1$
#20870000
0$
#20875000
1$
#20880000
0$
#20885000
1$
#20890000
0$
#20895000
1$
#20900000
0$
#20905000
1$
#20906000
1'
#20910000
0$
#20915000
b10011011 I
b10011011 +
b10011011 F
b101110011011000100 )
b101110011011000100 4
b101110011011000100 B
b10011011 E
1"
b1100001100101 !
b1100001100101 *
b1100001100101 >
b100110111010000000 -
b100110111010000000 6
b100110111010000000 @
1$
#20916000
0'
#20920000
0$
#20925000
0"
b1111000100110 .
b1111000100110 <
b1111000100110 G
b1111000100110 ,
b1111000100110 H
b1111000100110 J
1$
#20930000
0$
#20935000
1$
#20940000
0$
#20945000
1$
#20950000
0$
#20955000
1$
#20960000
0$
#20965000
1$
#20966000
1'
#20970000
0$
#20975000
b10111001 I
b10111001 +
b10111001 F
b110101111100001000 )
b110101111100001000 4
b110101111100001000 B
b10111001 E
1"
b1111000100110 !
b1111000100110 *
b1111000100110 >
b101110011011000100 -
b101110011011000100 6
b101110011011000100 @
1$
#20976000
0'
#20980000
0$
#20985000
0"
b10001111010111 .
b10001111010111 <
b10001111010111 G
b10001111010111 ,
b10001111010111 H
b10001111010111 J
1$
#20990000
0$
#20995000
1$
#21000000
0$
#21005000
1$
#21010000
0$
#21015000
1$
#21020000
0$
#21025000
1$
#21026000
1'
#21030000
0$
#21035000
b11010111 I
b11010111 +
b11010111 F
b111101011101001100 )
b111101011101001100 4
b111101011101001100 B
b11010111 E
1"
b10001111010111 !
b10001111010111 *
b10001111010111 >
b110101111100001000 -
b110101111100001000 6
b110101111100001000 @
1$
#21036000
0'
#21040000
0$
#21045000
0"
b10100101110100 .
b10100101110100 <
b10100101110100 G
b10100101110100 ,
b10100101110100 H
b10100101110100 J
1$
#21050000
0$
#21055000
1$
#21060000
0$
#21065000
1$
#21070000
0$
#21075000
1$
#21080000
0$
#21085000
1$
#21086000
1'
#21090000
0$
#21095000
b11110101 I
b11110101 +
b11110101 F
b1000100111110010000 )
b1000100111110010000 4
b1000100111110010000 B
b11110101 E
1"
b10100101110100 !
b10100101110100 *
b10100101110100 >
b111101011101001100 -
b111101011101001100 6
b111101011101001100 @
1$
#21096000
0'
#21100000
0$
#21105000
0"
b10111011111011 .
b10111011111011 <
b10111011111011 G
b10111011111011 ,
b10111011111011 H
b10111011111011 J
1$
#21110000
0$
#21115000
1$
#21120000
0$
#21125000
1$
#21130000
0$
#21135000
1$
#21140000
0$
#21145000
1$
#21146000
1'
#21150000
0$
#21155000
b100010011 I
b100010011 +
b100010011 F
b1001100011111010100 )
b1001100011111010100 4
b1001100011111010100 B
b100010011 E
1"
b10111011111011 !
b10111011111011 *
b10111011111011 >
b1000100111110010000 -
b1000100111110010000 6
b1000100111110010000 @
1$
#21156000
0'
#21160000
0$
#21165000
0"
b11010001101000 .
b11010001101000 <
b11010001101000 G
b11010001101000 ,
b11010001101000 H
b11010001101000 J
1$
#21170000
0$
#21175000
1$
#21180000
0$
#21185000
1$
#21190000
0$
#21195000
1$
#21200000
0$
#21205000
1$
#21206000
1'
#21210000
0$
#21215000
b100110001 I
b100110001 +
b100110001 F
b1010100000000011000 )
b1010100000000011000 4
b1010100000000011000 B
b100110001 E
1"
b11010001101000 !
b11010001101000 *
b11010001101000 >
b1001100011111010100 -
b1001100011111010100 6
b1001100011111010100 @
1$
#21216000
0'
#21220000
0$
#21225000
0"
b11100110111001 .
b11100110111001 <
b11100110111001 G
b11100110111001 ,
b11100110111001 H
b11100110111001 J
1$
#21230000
0$
#21235000
1$
#21240000
0$
#21245000
1$
#21250000
0$
#21255000
1$
#21260000
0$
#21265000
1$
#21266000
1'
#21270000
0$
#21275000
b101010000 I
b101010000 +
b101010000 F
b1011011100001011100 )
b1011011100001011100 4
b1011011100001011100 B
b101010000 E
1"
b11100110111001 !
b11100110111001 *
b11100110111001 >
b1010100000000011000 -
b1010100000000011000 6
b1010100000000011000 @
1$
#21276000
0'
#21280000
0$
#21285000
0"
b11111100010111 .
b11111100010111 <
b11111100010111 G
b11111100010111 ,
b11111100010111 H
b11111100010111 J
1$
#21290000
0$
#21295000
1$
#21300000
0$
#21305000
1$
#21310000
0$
#21315000
1$
#21320000
0$
#21325000
1$
#21326000
1'
#21330000
0$
#21335000
b101101110 I
b101101110 +
b101101110 F
b1100011000010100000 )
b1100011000010100000 4
b1100011000010100000 B
b101101110 E
1"
b11111100010111 !
b11111100010111 *
b11111100010111 >
b1011011100001011100 -
b1011011100001011100 6
b1011011100001011100 @
1$
#21336000
0'
#21340000
0$
#21345000
0"
b100010000100101 .
b100010000100101 <
b100010000100101 G
b100010000100101 ,
b100010000100101 H
b100010000100101 J
1$
#21350000
0$
#21355000
1$
#21360000
0$
#21365000
1$
#21370000
0$
#21375000
1$
#21380000
0$
#21385000
1$
#21386000
1'
#21390000
0$
#21395000
b110001100 I
b110001100 +
b110001100 F
b1101010100011100100 )
b1101010100011100100 4
b1101010100011100100 B
b110001100 E
1"
b100010000100101 !
b100010000100101 *
b100010000100101 >
b1100011000010100000 -
b1100011000010100000 6
b1100011000010100000 @
1$
#21396000
0'
#21400000
0$
#21405000
0"
b100100100001111 .
b100100100001111 <
b100100100001111 G
b100100100001111 ,
b100100100001111 H
b100100100001111 J
1$
#21410000
0$
#21415000
1$
#21420000
0$
#21425000
1$
#21430000
0$
#21435000
1$
#21440000
0$
#21445000
1$
#21446000
1'
#21450000
0$
#21455000
b110101010 I
b110101010 +
b110101010 F
b1110010000100101000 )
b1110010000100101000 4
b1110010000100101000 B
b110101010 E
1"
b100100100001111 !
b100100100001111 *
b100100100001111 >
b1101010100011100100 -
b1101010100011100100 6
b1101010100011100100 @
1$
#21456000
0'
#21460000
0$
#21465000
0"
b100110111010001 .
b100110111010001 <
b100110111010001 G
b100110111010001 ,
b100110111010001 H
b100110111010001 J
1$
#21470000
0$
#21475000
1$
#21480000
0$
#21485000
1$
#21490000
0$
#21495000
1$
#21500000
0$
#21505000
1$
#21506000
1'
#21510000
0$
#21515000
b111001000 I
b111001000 +
b111001000 F
b1111001100101101100 )
b1111001100101101100 4
b1111001100101101100 B
b111001000 E
1"
b100110111010001 !
b100110111010001 *
b100110111010001 >
b1110010000100101000 -
b1110010000100101000 6
b1110010000100101000 @
1$
#21516000
0'
#21520000
0$
#21525000
0"
b101001001101000 .
b101001001101000 <
b101001001101000 G
b101001001101000 ,
b101001001101000 H
b101001001101000 J
1$
#21530000
0$
#21535000
1$
#21540000
0$
#21545000
1$
#21550000
0$
#21555000
1$
#21560000
0$
#21565000
1$
#21566000
1'
#21570000
0$
#21575000
b111100110 I
b111100110 +
b111100110 F
b10000001000110110000 )
b10000001000110110000 4
b10000001000110110000 B
b111100110 E
1"
b101001001101000 !
b101001001101000 *
b101001001101000 >
b1111001100101101100 -
b1111001100101101100 6
b1111001100101101100 @
1$
#21576000
0'
#21580000
0$
#21585000
0"
b101011011010011 .
b101011011010011 <
b101011011010011 G
b101011011010011 ,
b101011011010011 H
b101011011010011 J
1$
#21590000
0$
#21595000
1$
#21600000
0$
#21605000
1$
#21610000
0$
#21615000
1$
#21620000
0$
#21625000
1$
#21626000
1'
#21630000
0$
#21635000
b1000000100 I
b1000000100 +
b1000000100 F
b10001000100111110100 )
b10001000100111110100 4
b10001000100111110100 B
b1000000100 E
1"
b101011011010011 !
b101011011010011 *
b101011011010011 >
b10000001000110110000 -
b10000001000110110000 6
b10000001000110110000 @
1$
#21636000
0'
#21640000
0$
#21645000
0"
b101101100001111 .
b101101100001111 <
b101101100001111 G
b101101100001111 ,
b101101100001111 H
b101101100001111 J
1$
#21650000
0$
#21655000
1$
#21660000
0$
#21665000
1$
#21670000
0$
#21675000
1$
#21680000
0$
#21685000
1$
#21686000
1'
#21690000
0$
#21695000
b1000100010 I
b1000100010 +
b1000100010 F
b10010000001000111000 )
b10010000001000111000 4
b10010000001000111000 B
b1000100010 E
1"
b101101100001111 !
b101101100001111 *
b101101100001111 >
b10001000100111110100 -
b10001000100111110100 6
b10001000100111110100 @
1$
#21696000
0'
#21700000
0$
#21705000
0"
b101111100011010 .
b101111100011010 <
b101111100011010 G
b101111100011010 ,
b101111100011010 H
b101111100011010 J
1$
#21710000
0$
#21715000
1$
#21720000
0$
#21725000
1$
#21730000
0$
#21735000
1$
#21740000
0$
#21745000
1$
#21746000
1'
#21750000
0$
#21755000
b1001000000 I
b1001000000 +
b1001000000 F
b10010111101001111100 )
b10010111101001111100 4
b10010111101001111100 B
b1001000000 E
1"
b101111100011010 !
b101111100011010 *
b101111100011010 >
b10010000001000111000 -
b10010000001000111000 6
b10010000001000111000 @
1$
#21756000
0'
#21760000
0$
#21765000
0"
b110001011110001 .
b110001011110001 <
b110001011110001 G
b110001011110001 ,
b110001011110001 H
b110001011110001 J
1$
#21770000
0$
#21775000
1$
#21780000
0$
#21785000
1$
#21790000
0$
#21795000
1$
#21800000
0$
#21805000
1$
#21806000
1'
#21810000
0$
#21815000
b1001011110 I
b1001011110 +
b1001011110 F
b10011111001011000000 )
b10011111001011000000 4
b10011111001011000000 B
b1001011110 E
1"
b110001011110001 !
b110001011110001 *
b110001011110001 >
b10010111101001111100 -
b10010111101001111100 6
b10010111101001111100 @
1$
#21816000
0'
#21820000
0$
#21825000
0"
b110011010010011 .
b110011010010011 <
b110011010010011 G
b110011010010011 ,
b110011010010011 H
b110011010010011 J
1$
#21830000
0$
#21835000
1$
#21840000
0$
#21845000
1$
#21850000
0$
#21855000
1$
#21860000
0$
#21865000
1$
#21866000
1'
#21870000
0$
#21875000
b1001111100 I
b1001111100 +
b1001111100 F
b10100110101100000100 )
b10100110101100000100 4
b10100110101100000100 B
b1001111100 E
1"
b110011010010011 !
b110011010010011 *
b110011010010011 >
b10011111001011000000 -
b10011111001011000000 6
b10011111001011000000 @
1$
#21876000
0'
#21880000
0$
#21885000
0"
b110100111111101 .
b110100111111101 <
b110100111111101 G
b110100111111101 ,
b110100111111101 H
b110100111111101 J
1$
#21890000
0$
#21895000
1$
#21900000
0$
#21905000
1$
#21910000
0$
#21915000
1$
#21920000
0$
#21925000
1$
#21926000
1'
#21930000
0$
#21935000
b1010011010 I
b1010011010 +
b1010011010 F
b10101110001101001000 )
b10101110001101001000 4
b10101110001101001000 B
b1010011010 E
1"
b110100111111101 !
b110100111111101 *
b110100111111101 >
b10100110101100000100 -
b10100110101100000100 6
b10100110101100000100 @
1$
#21936000
0'
#21940000
0$
#21945000
0"
b110110100101101 .
b110110100101101 <
b110110100101101 G
b110110100101101 ,
b110110100101101 H
b110110100101101 J
1$
#21950000
0$
#21955000
1$
#21960000
0$
#21965000
1$
#21970000
0$
#21975000
1$
#21980000
0$
#21985000
1$
#21986000
1'
#21990000
0$
#21995000
b1010111000 I
b1010111000 +
b1010111000 F
b10110101101110001100 )
b10110101101110001100 4
b10110101101110001100 B
b1010111000 E
1"
b110110100101101 !
b110110100101101 *
b110110100101101 >
b10101110001101001000 -
b10101110001101001000 6
b10101110001101001000 @
1$
#21996000
0'
#22000000
0$
#22005000
0"
b111000000100010 .
b111000000100010 <
b111000000100010 G
b111000000100010 ,
b111000000100010 H
b111000000100010 J
1$
#22010000
0$
#22015000
1$
#22020000
0$
#22025000
1$
#22030000
0$
#22035000
1$
#22040000
0$
#22045000
1$
#22046000
1'
#22050000
0$
#22055000
b1011010110 I
b1011010110 +
b1011010110 F
b10111101001111010000 )
b10111101001111010000 4
b10111101001111010000 B
b1011010110 E
1"
b111000000100010 !
b111000000100010 *
b111000000100010 >
b10110101101110001100 -
b10110101101110001100 6
b10110101101110001100 @
1$
#22056000
0'
#22060000
0$
#22065000
0"
b111001011011011 .
b111001011011011 <
b111001011011011 G
b111001011011011 ,
b111001011011011 H
b111001011011011 J
1$
#22070000
0$
#22075000
1$
#22080000
0$
#22085000
1$
#22090000
0$
#22095000
1$
#22100000
0$
#22105000
1$
#22106000
1'
#22110000
0$
#22115000
b1011110100 I
b1011110100 +
b1011110100 F
b11000100110000010100 )
b11000100110000010100 4
b11000100110000010100 B
b1011110100 E
1"
b111001011011011 !
b111001011011011 *
b111001011011011 >
b10111101001111010000 -
b10111101001111010000 6
b10111101001111010000 @
1$
#22116000
0'
#22120000
0$
#22125000
0"
b111010101010101 .
b111010101010101 <
b111010101010101 G
b111010101010101 ,
b111010101010101 H
b111010101010101 J
1$
#22130000
0$
#22135000
1$
#22140000
0$
#22145000
1$
#22150000
0$
#22155000
1$
#22160000
0$
#22165000
1$
#22166000
1'
#22170000
0$
#22175000
b1100010011 I
b1100010011 +
b1100010011 F
b11001100010001011000 )
b11001100010001011000 4
b11001100010001011000 B
b1100010011 E
1"
b111010101010101 !
b111010101010101 *
b111010101010101 >
b11000100110000010100 -
b11000100110000010100 6
b11000100110000010100 @
1$
#22176000
0'
#22180000
0$
#22185000
0"
b111011110100001 .
b111011110100001 <
b111011110100001 G
b111011110100001 ,
b111011110100001 H
b111011110100001 J
1$
#22190000
0$
#22195000
1$
#22200000
0$
#22205000
1$
#22210000
0$
#22215000
1$
#22220000
0$
#22225000
1$
#22226000
1'
#22230000
0$
#22235000
b1100110001 I
b1100110001 +
b1100110001 F
b11010011110010011100 )
b11010011110010011100 4
b11010011110010011100 B
b1100110001 E
1"
b111011110100001 !
b111011110100001 *
b111011110100001 >
b11001100010001011000 -
b11001100010001011000 6
b11001100010001011000 @
1$
#22236000
0'
#22240000
0$
#22245000
0"
b111100110011001 .
b111100110011001 <
b111100110011001 G
b111100110011001 ,
b111100110011001 H
b111100110011001 J
1$
#22250000
0$
#22255000
1$
#22260000
0$
#22265000
1$
#22270000
0$
#22275000
1$
#22280000
0$
#22285000
1$
#22286000
1'
#22290000
0$
#22295000
b1101001111 I
b1101001111 +
b1101001111 F
b11011011010011100000 )
b11011011010011100000 4
b11011011010011100000 B
b1101001111 E
1"
b111100110011001 !
b111100110011001 *
b111100110011001 >
b11010011110010011100 -
b11010011110010011100 6
b11010011110010011100 @
1$
#22296000
0'
#22300000
0$
#22305000
0"
b111101101001111 .
b111101101001111 <
b111101101001111 G
b111101101001111 ,
b111101101001111 H
b111101101001111 J
1$
#22310000
0$
#22315000
1$
#22320000
0$
#22325000
1$
#22330000
0$
#22335000
1$
#22340000
0$
#22345000
1$
#22346000
1'
#22350000
0$
#22355000
b1101101101 I
b1101101101 +
b1101101101 F
b11100010110100100100 )
b11100010110100100100 4
b11100010110100100100 B
b1101101101 E
1"
b111101101001111 !
b111101101001111 *
b111101101001111 >
b11011011010011100000 -
b11011011010011100000 6
b11011011010011100000 @
1$
#22356000
0'
#22360000
0$
#22365000
0"
b111110011000001 .
b111110011000001 <
b111110011000001 G
b111110011000001 ,
b111110011000001 H
b111110011000001 J
1$
#22370000
0$
#22375000
1$
#22380000
0$
#22385000
1$
#22390000
0$
#22395000
1$
#22400000
0$
#22405000
1$
#22406000
1'
#22410000
0$
#22415000
b1110001011 I
b1110001011 +
b1110001011 F
b11101010010101101000 )
b11101010010101101000 4
b11101010010101101000 B
b1110001011 E
1"
b111110011000001 !
b111110011000001 *
b111110011000001 >
b11100010110100100100 -
b11100010110100100100 6
b11100010110100100100 @
1$
#22416000
0'
#22420000
0$
#22425000
0"
b111110111110001 .
b111110111110001 <
b111110111110001 G
b111110111110001 ,
b111110111110001 H
b111110111110001 J
1$
#22430000
0$
#22435000
1$
#22440000
0$
#22445000
1$
#22450000
0$
#22455000
1$
#22460000
0$
#22465000
1$
#22466000
1'
#22470000
0$
#22475000
b1110101001 I
b1110101001 +
b1110101001 F
b11110001110110101100 )
b11110001110110101100 4
b11110001110110101100 B
b1110101001 E
1"
b111110111110001 !
b111110111110001 *
b111110111110001 >
b11101010010101101000 -
b11101010010101101000 6
b11101010010101101000 @
1$
#22476000
0'
#22480000
0$
#22485000
0"
b111111011011100 .
b111111011011100 <
b111111011011100 G
b111111011011100 ,
b111111011011100 H
b111111011011100 J
1$
#22490000
0$
#22495000
1$
#22500000
0$
#22505000
1$
#22510000
0$
#22515000
1$
#22520000
0$
#22525000
1$
#22526000
1'
#22530000
0$
#22535000
b1111000111 I
b1111000111 +
b1111000111 F
b11111001010111110000 )
b11111001010111110000 4
b11111001010111110000 B
b1111000111 E
1"
b111111011011100 !
b111111011011100 *
b111111011011100 >
b11110001110110101100 -
b11110001110110101100 6
b11110001110110101100 @
1$
#22536000
0'
#22540000
0$
#22545000
0"
b111111110000010 .
b111111110000010 <
b111111110000010 G
b111111110000010 ,
b111111110000010 H
b111111110000010 J
1$
#22550000
0$
#22555000
1$
#22560000
0$
#22565000
1$
#22570000
0$
#22575000
1$
#22580000
0$
#22585000
1$
#22586000
1'
#22590000
0$
#22595000
b1111100101 I
b1111100101 +
b1111100101 F
b100000000111000110100 )
b100000000111000110100 4
b100000000111000110100 B
b1111100101 E
1"
b111111110000010 !
b111111110000010 *
b111111110000010 >
b11111001010111110000 -
b11111001010111110000 6
b11111001010111110000 @
1$
#22596000
0'
#22600000
0$
#22605000
0"
b111111111100011 .
b111111111100011 <
b111111111100011 G
b111111111100011 ,
b111111111100011 H
b111111111100011 J
1$
#22610000
0$
#22615000
1$
#22620000
0$
#22625000
1$
#22630000
0$
#22635000
1$
#22640000
0$
#22645000
1$
#22646000
1'
#22650000
0$
#22655000
b1111111101 I
b11111111101 +
b11111111101 F
b100001000011001111000 )
b100001000011001111000 4
b100001000011001111000 B
b10000000011 E
1"
b111111111100011 !
b111111111100011 *
b111111111100011 >
b100000000111000110100 -
b100000000111000110100 6
b100000000111000110100 @
1$
#22656000
0'
#22660000
0$
#22665000
0"
b111111111111111 .
b111111111111111 <
b111111111111111 G
b111111111111111 ,
b111111111111111 H
b111111111111111 J
1$
#22670000
0$
#22675000
1$
#22680000
0$
#22685000
1$
#22690000
0$
#22695000
1$
#22700000
0$
#22705000
1$
#22706000
1'
#22710000
0$
#22715000
b1111011111 I
b11111011111 +
b11111011111 F
b100001111111010111100 )
b100001111111010111100 4
b100001111111010111100 B
b10000100001 E
1"
b111111111111111 !
b111111111111111 *
b111111111111111 >
b100001000011001111000 -
b100001000011001111000 6
b100001000011001111000 @
1$
#22716000
0'
#22720000
0$
#22725000
0"
b111111111010101 .
b111111111010101 <
b111111111010101 G
b111111111010101 ,
b111111111010101 H
b111111111010101 J
1$
#22730000
0$
#22735000
1$
#22740000
0$
#22745000
1$
#22750000
0$
#22755000
1$
#22760000
0$
#22765000
1$
#22766000
1'
#22770000
0$
#22775000
b1111000001 I
b11111000001 +
b11111000001 F
b100010111011100000000 )
b100010111011100000000 4
b100010111011100000000 B
b10000111111 E
1"
b111111111010101 !
b111111111010101 *
b111111111010101 >
b100001111111010111100 -
b100001111111010111100 6
b100001111111010111100 @
1$
#22776000
0'
#22780000
0$
#22785000
0"
b111111101100110 .
b111111101100110 <
b111111101100110 G
b111111101100110 ,
b111111101100110 H
b111111101100110 J
1$
#22790000
0$
#22795000
1$
#22800000
0$
#22805000
1$
#22810000
0$
#22815000
1$
#22820000
0$
#22825000
1$
#22826000
1'
#22830000
0$
#22835000
b1110100011 I
b11110100011 +
b11110100011 F
b100011110111101000100 )
b100011110111101000100 4
b100011110111101000100 B
b10001011101 E
1"
b111111101100110 !
b111111101100110 *
b111111101100110 >
b100010111011100000000 -
b100010111011100000000 6
b100010111011100000000 @
1$
#22836000
0'
#22840000
0$
#22845000
0"
b111111010110010 .
b111111010110010 <
b111111010110010 G
b111111010110010 ,
b111111010110010 H
b111111010110010 J
1$
#22850000
0$
#22855000
1$
#22860000
0$
#22865000
1$
#22870000
0$
#22875000
1$
#22880000
0$
#22885000
1$
#22886000
1'
#22890000
0$
#22895000
b1110000101 I
b11110000101 +
b11110000101 F
b100100110011110001000 )
b100100110011110001000 4
b100100110011110001000 B
b10001111011 E
1"
b111111010110010 !
b111111010110010 *
b111111010110010 >
b100011110111101000100 -
b100011110111101000100 6
b100011110111101000100 @
1$
#22896000
0'
#22900000
0$
#22905000
0"
b111110110111001 .
b111110110111001 <
b111110110111001 G
b111110110111001 ,
b111110110111001 H
b111110110111001 J
1$
#22910000
0$
#22915000
1$
#22920000
0$
#22925000
1$
#22930000
0$
#22935000
1$
#22940000
0$
#22945000
1$
#22946000
1'
#22950000
0$
#22955000
b1101100111 I
b11101100111 +
b11101100111 F
b100101101111111001100 )
b100101101111111001100 4
b100101101111111001100 B
b10010011001 E
1"
b111110110111001 !
b111110110111001 *
b111110110111001 >
b100100110011110001000 -
b100100110011110001000 6
b100100110011110001000 @
1$
#22956000
0'
#22960000
0$
#22965000
0"
b111110001111101 .
b111110001111101 <
b111110001111101 G
b111110001111101 ,
b111110001111101 H
b111110001111101 J
1$
#22970000
0$
#22975000
1$
#22980000
0$
#22985000
1$
#22990000
0$
#22995000
1$
#23000000
0$
#23005000
1$
#23006000
1'
#23010000
0$
#23015000
b1101001001 I
b11101001001 +
b11101001001 F
b100110101100000010000 )
b100110101100000010000 4
b100110101100000010000 B
b10010110111 E
1"
b111110001111101 !
b111110001111101 *
b111110001111101 >
b100101101111111001100 -
b100101101111111001100 6
b100101101111111001100 @
1$
#23016000
0'
#23020000
0$
#23025000
0"
b111101011111100 .
b111101011111100 <
b111101011111100 G
b111101011111100 ,
b111101011111100 H
b111101011111100 J
1$
#23030000
0$
#23035000
1$
#23040000
0$
#23045000
1$
#23050000
0$
#23055000
1$
#23060000
0$
#23065000
1$
#23066000
1'
#23070000
0$
#23075000
b1100101010 I
b11100101010 +
b11100101010 F
b100111101000001010100 )
b100111101000001010100 4
b100111101000001010100 B
b10011010110 E
1"
b111101011111100 !
b111101011111100 *
b111101011111100 >
b100110101100000010000 -
b100110101100000010000 6
b100110101100000010000 @
1$
#23076000
0'
#23080000
0$
#23085000
0"
b111100100101001 .
b111100100101001 <
b111100100101001 G
b111100100101001 ,
b111100100101001 H
b111100100101001 J
1$
#23090000
0$
#23095000
1$
#23100000
0$
#23105000
1$
#23110000
0$
#23115000
1$
#23120000
0$
#23125000
1$
#23126000
1'
#23130000
0$
#23135000
b1100001100 I
b11100001100 +
b11100001100 F
b101000100100010011000 )
b101000100100010011000 4
b101000100100010011000 B
b10011110100 E
1"
b111100100101001 !
b111100100101001 *
b111100100101001 >
b100111101000001010100 -
b100111101000001010100 6
b100111101000001010100 @
1$
#23136000
0'
#23140000
0$
#23145000
0"
b111011100100010 .
b111011100100010 <
b111011100100010 G
b111011100100010 ,
b111011100100010 H
b111011100100010 J
1$
#23150000
0$
#23155000
1$
#23160000
0$
#23165000
1$
#23170000
0$
#23175000
1$
#23180000
0$
#23185000
1$
#23186000
1'
#23190000
0$
#23195000
b1011101110 I
b11011101110 +
b11011101110 F
b101001100000011011100 )
b101001100000011011100 4
b101001100000011011100 B
b10100010010 E
1"
b111011100100010 !
b111011100100010 *
b111011100100010 >
b101000100100010011000 -
b101000100100010011000 6
b101000100100010011000 @
1$
#23196000
0'
#23200000
0$
#23205000
0"
b111010011011011 .
b111010011011011 <
b111010011011011 G
b111010011011011 ,
b111010011011011 H
b111010011011011 J
1$
#23210000
0$
#23215000
1$
#23220000
0$
#23225000
1$
#23230000
0$
#23235000
1$
#23240000
0$
#23245000
1$
#23246000
1'
#23250000
0$
#23255000
b1011010000 I
b11011010000 +
b11011010000 F
b101010011100100100000 )
b101010011100100100000 4
b101010011100100100000 B
b10100110000 E
1"
b111010011011011 !
b111010011011011 *
b111010011011011 >
b101001100000011011100 -
b101001100000011011100 6
b101001100000011011100 @
1$
#23256000
0'
#23260000
0$
#23265000
0"
b111001001010100 .
b111001001010100 <
b111001001010100 G
b111001001010100 ,
b111001001010100 H
b111001001010100 J
1$
#23270000
0$
#23275000
1$
#23280000
0$
#23285000
1$
#23290000
0$
#23295000
1$
#23300000
0$
#23305000
1$
#23306000
1'
#23310000
0$
#23315000
b1010110010 I
b11010110010 +
b11010110010 F
b101011011000101100100 )
b101011011000101100100 4
b101011011000101100100 B
b10101001110 E
1"
b111001001010100 !
b111001001010100 *
b111001001010100 >
b101010011100100100000 -
b101010011100100100000 6
b101010011100100100000 @
1$
#23316000
0'
#23320000
0$
#23325000
0"
b110111110010000 .
b110111110010000 <
b110111110010000 G
b110111110010000 ,
b110111110010000 H
b110111110010000 J
1$
#23330000
0$
#23335000
1$
#23340000
0$
#23345000
1$
#23350000
0$
#23355000
1$
#23360000
0$
#23365000
1$
#23366000
1'
#23370000
0$
#23375000
b1010010100 I
b11010010100 +
b11010010100 F
b101100010100110101000 )
b101100010100110101000 4
b101100010100110101000 B
b10101101100 E
1"
b110111110010000 !
b110111110010000 *
b110111110010000 >
b101011011000101100100 -
b101011011000101100100 6
b101011011000101100100 @
1$
#23376000
0'
#23380000
0$
#23385000
0"
b110110010001110 .
b110110010001110 <
b110110010001110 G
b110110010001110 ,
b110110010001110 H
b110110010001110 J
1$
#23390000
0$
#23395000
1$
#23400000
0$
#23405000
1$
#23410000
0$
#23415000
1$
#23420000
0$
#23425000
1$
#23426000
1'
#23430000
0$
#23435000
b1001110110 I
b11001110110 +
b11001110110 F
b101101010000111101100 )
b101101010000111101100 4
b101101010000111101100 B
b10110001010 E
1"
b110110010001110 !
b110110010001110 *
b110110010001110 >
b101100010100110101000 -
b101100010100110101000 6
b101100010100110101000 @
1$
#23436000
0'
#23440000
0$
#23445000
0"
b110100101010010 .
b110100101010010 <
b110100101010010 G
b110100101010010 ,
b110100101010010 H
b110100101010010 J
1$
#23450000
0$
#23455000
1$
#23460000
0$
#23465000
1$
#23470000
0$
#23475000
1$
#23480000
0$
#23485000
1$
#23486000
1'
#23490000
0$
#23495000
b1001011000 I
b11001011000 +
b11001011000 F
b101110001101000110000 )
b101110001101000110000 4
b101110001101000110000 B
b10110101000 E
1"
b110100101010010 !
b110100101010010 *
b110100101010010 >
b101101010000111101100 -
b101101010000111101100 6
b101101010000111101100 @
1$
#23496000
0'
#23500000
0$
#23505000
0"
b110010111011101 .
b110010111011101 <
b110010111011101 G
b110010111011101 ,
b110010111011101 H
b110010111011101 J
1$
#23510000
0$
#23515000
1$
#23520000
0$
#23525000
1$
#23530000
0$
#23535000
1$
#23540000
0$
#23545000
1$
#23546000
1'
#23550000
0$
#23555000
b1000111010 I
b11000111010 +
b11000111010 F
b101111001001001110100 )
b101111001001001110100 4
b101111001001001110100 B
b10111000110 E
1"
b110010111011101 !
b110010111011101 *
b110010111011101 >
b101110001101000110000 -
b101110001101000110000 6
b101110001101000110000 @
1$
#23556000
0'
#23560000
0$
#23565000
0"
b110001000110001 .
b110001000110001 <
b110001000110001 G
b110001000110001 ,
b110001000110001 H
b110001000110001 J
1$
#23570000
0$
#23575000
1$
#23580000
0$
#23585000
1$
#23590000
0$
#23595000
1$
#23600000
0$
#23605000
1$
#23606000
1'
#23610000
0$
#23615000
b1000011100 I
b11000011100 +
b11000011100 F
b110000000101010111000 )
b110000000101010111000 4
b110000000101010111000 B
b10111100100 E
1"
b110001000110001 !
b110001000110001 *
b110001000110001 >
b101111001001001110100 -
b101111001001001110100 6
b101111001001001110100 @
1$
#23616000
0'
#23620000
0$
#23625000
0"
b101111001001111 .
b101111001001111 <
b101111001001111 G
b101111001001111 ,
b101111001001111 H
b101111001001111 J
1$
#23630000
0$
#23635000
1$
#23640000
0$
#23645000
1$
#23650000
0$
#23655000
1$
#23660000
0$
#23665000
1$
#23666000
1'
#23670000
0$
#23675000
b111111110 I
b10111111110 +
b10111111110 F
b110001000001011111100 )
b110001000001011111100 4
b110001000001011111100 B
b11000000010 E
1"
b101111001001111 !
b101111001001111 *
b101111001001111 >
b110000000101010111000 -
b110000000101010111000 6
b110000000101010111000 @
1$
#23676000
0'
#23680000
0$
#23685000
0"
b101101000111011 .
b101101000111011 <
b101101000111011 G
b101101000111011 ,
b101101000111011 H
b101101000111011 J
1$
#23690000
0$
#23695000
1$
#23700000
0$
#23705000
1$
#23710000
0$
#23715000
1$
#23720000
0$
#23725000
1$
#23726000
1'
#23730000
0$
#23735000
b111100000 I
b10111100000 +
b10111100000 F
b110001111101101000000 )
b110001111101101000000 4
b110001111101101000000 B
b11000100000 E
1"
b101101000111011 !
b101101000111011 *
b101101000111011 >
b110001000001011111100 -
b110001000001011111100 6
b110001000001011111100 @
1$
#23736000
0'
#23740000
0$
#23745000
0"
b101010111110101 .
b101010111110101 <
b101010111110101 G
b101010111110101 ,
b101010111110101 H
b101010111110101 J
1$
#23750000
0$
#23755000
1$
#23760000
0$
#23765000
1$
#23770000
0$
#23775000
1$
#23780000
0$
#23785000
1$
#23786000
1'
#23790000
0$
#23795000
b111000010 I
b10111000010 +
b10111000010 F
b110010111001110000100 )
b110010111001110000100 4
b110010111001110000100 B
b11000111110 E
1"
b101010111110101 !
b101010111110101 *
b101010111110101 >
b110001111101101000000 -
b110001111101101000000 6
b110001111101101000000 @
1$
#23796000
0'
#23800000
0$
#23805000
0"
b101000110000001 .
b101000110000001 <
b101000110000001 G
b101000110000001 ,
b101000110000001 H
b101000110000001 J
1$
#23810000
0$
#23815000
1$
#23820000
0$
#23825000
1$
#23830000
0$
#23835000
1$
#23840000
0$
#23845000
1$
#23846000
1'
#23850000
0$
#23855000
b110100100 I
b10110100100 +
b10110100100 F
b110011110101111001000 )
b110011110101111001000 4
b110011110101111001000 B
b11001011100 E
1"
b101000110000001 !
b101000110000001 *
b101000110000001 >
b110010111001110000100 -
b110010111001110000100 6
b110010111001110000100 @
1$
#23856000
0'
#23860000
0$
#23865000
0"
b100110011100000 .
b100110011100000 <
b100110011100000 G
b100110011100000 ,
b100110011100000 H
b100110011100000 J
1$
#23870000
0$
#23875000
1$
#23880000
0$
#23885000
1$
#23890000
0$
#23895000
1$
#23900000
0$
#23905000
1$
#23906000
1'
#23910000
0$
#23915000
b110000110 I
b10110000110 +
b10110000110 F
b110100110010000001100 )
b110100110010000001100 4
b110100110010000001100 B
b11001111010 E
1"
b100110011100000 !
b100110011100000 *
b100110011100000 >
b110011110101111001000 -
b110011110101111001000 6
b110011110101111001000 @
1$
#23916000
0'
#23920000
0$
#23925000
0"
b100100000010110 .
b100100000010110 <
b100100000010110 G
b100100000010110 ,
b100100000010110 H
b100100000010110 J
1$
#23930000
0$
#23935000
1$
#23940000
0$
#23945000
1$
#23950000
0$
#23955000
1$
#23960000
0$
#23965000
1$
#23966000
1'
#23970000
0$
#23975000
b101100111 I
b10101100111 +
b10101100111 F
b110101101110001010000 )
b110101101110001010000 4
b110101101110001010000 B
b11010011001 E
1"
b100100000010110 !
b100100000010110 *
b100100000010110 >
b110100110010000001100 -
b110100110010000001100 6
b110100110010000001100 @
1$
#23976000
0'
#23980000
0$
#23985000
0"
b100001011111010 .
b100001011111010 <
b100001011111010 G
b100001011111010 ,
b100001011111010 H
b100001011111010 J
1$
#23990000
0$
#23995000
1$
#24000000
0$
#24005000
1$
#24010000
0$
#24015000
1$
#24020000
0$
#24025000
1$
#24026000
1'
#24030000
0$
#24035000
b101001001 I
b10101001001 +
b10101001001 F
b110110101010010010100 )
b110110101010010010100 4
b110110101010010010100 B
b11010110111 E
1"
b100001011111010 !
b100001011111010 *
b100001011111010 >
b110101101110001010000 -
b110101101110001010000 6
b110101101110001010000 @
1$
#24036000
0'
#24040000
0$
#24045000
0"
b11110111100100 .
b11110111100100 <
b11110111100100 G
b11110111100100 ,
b11110111100100 H
b11110111100100 J
1$
#24050000
0$
#24055000
1$
#24060000
0$
#24065000
1$
#24070000
0$
#24075000
1$
#24080000
0$
#24085000
1$
#24086000
1'
#24090000
0$
#24095000
b100101011 I
b10100101011 +
b10100101011 F
b110111100110011011000 )
b110111100110011011000 4
b110111100110011011000 B
b11011010101 E
1"
b11110111100100 !
b11110111100100 *
b11110111100100 >
b110110101010010010100 -
b110110101010010010100 6
b110110101010010010100 @
1$
#24096000
0'
#24100000
0$
#24105000
0"
b11100010101011 .
b11100010101011 <
b11100010101011 G
b11100010101011 ,
b11100010101011 H
b11100010101011 J
1$
#24110000
0$
#24115000
1$
#24120000
0$
#24125000
1$
#24130000
0$
#24135000
1$
#24140000
0$
#24145000
1$
#24146000
1'
#24150000
0$
#24155000
b100001101 I
b10100001101 +
b10100001101 F
b111000100010100011100 )
b111000100010100011100 4
b111000100010100011100 B
b11011110011 E
1"
b11100010101011 !
b11100010101011 *
b11100010101011 >
b110111100110011011000 -
b110111100110011011000 6
b110111100110011011000 @
1$
#24156000
0'
#24160000
0$
#24165000
0"
b11001101010101 .
b11001101010101 <
b11001101010101 G
b11001101010101 ,
b11001101010101 H
b11001101010101 J
1$
#24170000
0$
#24175000
1$
#24180000
0$
#24185000
1$
#24190000
0$
#24195000
1$
#24200000
0$
#24205000
1$
#24206000
1'
#24210000
0$
#24215000
b11101111 I
b10011101111 +
b10011101111 F
b111001011110101100000 )
b111001011110101100000 4
b111001011110101100000 B
b11100010001 E
1"
b11001101010101 !
b11001101010101 *
b11001101010101 >
b111000100010100011100 -
b111000100010100011100 6
b111000100010100011100 @
1$
#24216000
0'
#24220000
0$
#24225000
0"
b10110111100010 .
b10110111100010 <
b10110111100010 G
b10110111100010 ,
b10110111100010 H
b10110111100010 J
1$
#24230000
0$
#24235000
1$
#24240000
0$
#24245000
1$
#24250000
0$
#24255000
1$
#24260000
0$
#24265000
1$
#24266000
1'
#24270000
0$
#24275000
b11010001 I
b10011010001 +
b10011010001 F
b111010011010110100100 )
b111010011010110100100 4
b111010011010110100100 B
b11100101111 E
1"
b10110111100010 !
b10110111100010 *
b10110111100010 >
b111001011110101100000 -
b111001011110101100000 6
b111001011110101100000 @
1$
#24276000
0'
#24280000
0$
#24285000
0"
b10100001010110 .
b10100001010110 <
b10100001010110 G
b10100001010110 ,
b10100001010110 H
b10100001010110 J
1$
#24290000
0$
#24295000
1$
#24300000
0$
#24305000
1$
#24310000
0$
#24315000
1$
#24320000
0$
#24325000
1$
#24326000
1'
#24330000
0$
#24335000
b10110011 I
b10010110011 +
b10010110011 F
b111011010110111101000 )
b111011010110111101000 4
b111011010110111101000 B
b11101001101 E
1"
b10100001010110 !
b10100001010110 *
b10100001010110 >
b111010011010110100100 -
b111010011010110100100 6
b111010011010110100100 @
1$
#24336000
0'
#24340000
0$
#24345000
0"
b10001010110101 .
b10001010110101 <
b10001010110101 G
b10001010110101 ,
b10001010110101 H
b10001010110101 J
1$
#24350000
0$
#24355000
1$
#24360000
0$
#24365000
1$
#24370000
0$
#24375000
1$
#24380000
0$
#24385000
1$
#24386000
1'
#24390000
0$
#24395000
b10010101 I
b10010010101 +
b10010010101 F
b111100010011000101100 )
b111100010011000101100 4
b111100010011000101100 B
b11101101011 E
1"
b10001010110101 !
b10001010110101 *
b10001010110101 >
b111011010110111101000 -
b111011010110111101000 6
b111011010110111101000 @
1$
#24396000
0'
#24400000
0$
#24405000
0"
b1110100000000 .
b1110100000000 <
b1110100000000 G
b1110100000000 ,
b1110100000000 H
b1110100000000 J
1$
#24410000
0$
#24415000
1$
#24420000
0$
#24425000
1$
#24430000
0$
#24435000
1$
#24440000
0$
#24445000
1$
#24446000
1'
#24450000
0$
#24455000
b1110111 I
b10001110111 +
b10001110111 F
b111101001111001110000 )
b111101001111001110000 4
b111101001111001110000 B
b11110001001 E
1"
b1110100000000 !
b1110100000000 *
b1110100000000 >
b111100010011000101100 -
b111100010011000101100 6
b111100010011000101100 @
1$
#24456000
0'
#24460000
0$
#24465000
0"
b1011100111100 .
b1011100111100 <
b1011100111100 G
b1011100111100 ,
b1011100111100 H
b1011100111100 J
1$
#24470000
0$
#24475000
1$
#24480000
0$
#24485000
1$
#24490000
0$
#24495000
1$
#24500000
0$
#24505000
1$
#24506000
1'
#24510000
0$
#24515000
b1011001 I
b10001011001 +
b10001011001 F
b111110001011010110100 )
b111110001011010110100 4
b111110001011010110100 B
b11110100111 E
1"
b1011100111100 !
b1011100111100 *
b1011100111100 >
b111101001111001110000 -
b111101001111001110000 6
b111101001111001110000 @
1$
#24516000
0'
#24520000
0$
#24525000
0"
b1000101101100 .
b1000101101100 <
b1000101101100 G
b1000101101100 ,
b1000101101100 H
b1000101101100 J
1$
#24530000
0$
#24535000
1$
#24540000
0$
#24545000
1$
#24550000
0$
#24555000
1$
#24560000
0$
#24565000
1$
#24566000
1'
#24570000
0$
#24575000
b111011 I
b10000111011 +
b10000111011 F
b111111000111011111000 )
b111111000111011111000 4
b111111000111011111000 B
b11111000101 E
1"
b1000101101100 !
b1000101101100 *
b1000101101100 >
b111110001011010110100 -
b111110001011010110100 6
b111110001011010110100 @
1$
#24576000
0'
#24580000
0$
#24585000
0"
b101110010010 .
b101110010010 <
b101110010010 G
b101110010010 ,
b101110010010 H
b101110010010 J
1$
#24590000
0$
#24595000
1$
#24600000
0$
#24605000
1$
#24610000
0$
#24615000
1$
#24620000
0$
#24625000
1$
#24626000
1'
#24630000
0$
#24635000
b11101 I
b10000011101 +
b10000011101 F
b1000000000011100111100 )
b1000000000011100111100 4
b1000000000011100111100 B
b11111100011 E
1"
b101110010010 !
b101110010010 *
b101110010010 >
b111111000111011111000 -
b111111000111011111000 6
b111111000111011111000 @
1$
#24636000
0'
#24640000
0$
#24645000
0"
b10110110001 .
b10110110001 <
b10110110001 G
b10110110001 ,
b10110110001 H
b10110110001 J
1$
#24650000
0$
#24655000
1$
#24660000
0$
#24665000
1$
#24670000
0$
#24675000
1$
#24680000
0$
#24685000
1$
#24686000
1'
#24690000
0$
#24695000
b1 I
b1 +
b1 F
b1000000111111110000000 )
b1000000111111110000000 4
b1000000111111110000000 B
b1 E
17
1"
b10110110001 !
b10110110001 *
b10110110001 >
b1000000000011100111100 -
b1000000000011100111100 6
b1000000000011100111100 @
1$
#24696000
0'
#24700000
0$
#24705000
1/
0"
b1111111111001110 .
b1111111111001110 <
b1111111111001110 G
b110010 ,
b110010 H
b110010 J
1$
#24710000
0$
#24715000
1$
#24720000
0$
#24725000
1$
#24730000
0$
#24735000
1$
#24740000
0$
#24745000
1$
#24746000
1'
#24750000
0$
#24755000
b11111 I
b11111 +
b11111 F
b1000001111011111000100 )
b1000001111011111000100 4
b1000001111011111000100 B
b11111 E
1"
b1111111111001110 !
b1111111111001110 *
b1111111111001110 >
b1000000111111110000000 -
b1000000111111110000000 6
b1000000111111110000000 @
1$
#24756000
0'
#24760000
0$
#24765000
0"
b1111100111101010 .
b1111100111101010 <
b1111100111101010 G
b11000010110 ,
b11000010110 H
b11000010110 J
1$
#24770000
0$
#24775000
1$
#24780000
0$
#24785000
1$
#24790000
0$
#24795000
1$
#24800000
0$
#24805000
1$
#24806000
1'
#24810000
0$
#24815000
b111101 I
b111101 +
b111101 F
b1000010111000000001000 )
b1000010111000000001000 4
b1000010111000000001000 B
b111101 E
1"
b1111100111101010 !
b1111100111101010 *
b1111100111101010 >
b1000001111011111000100 -
b1000001111011111000100 6
b1000001111011111000100 @
1$
#24816000
0'
#24820000
0$
#24825000
0"
b1111010000001010 .
b1111010000001010 <
b1111010000001010 G
b101111110110 ,
b101111110110 H
b101111110110 J
1$
#24830000
0$
#24835000
1$
#24840000
0$
#24845000
1$
#24850000
0$
#24855000
1$
#24860000
0$
#24865000
1$
#24866000
1'
#24870000
0$
#24875000
b1011100 I
b1011100 +
b1011100 F
b1000011110100001001100 )
b1000011110100001001100 4
b1000011110100001001100 B
b1011100 E
1"
b1111010000001010 !
b1111010000001010 *
b1111010000001010 >
b1000010111000000001000 -
b1000010111000000001000 6
b1000010111000000001000 @
1$
#24876000
0'
#24880000
0$
#24885000
0"
b1110110111111111 .
b1110110111111111 <
b1110110111111111 G
b1001000000001 ,
b1001000000001 H
b1001000000001 J
1$
#24890000
0$
#24895000
1$
#24900000
0$
#24905000
1$
#24910000
0$
#24915000
1$
#24920000
0$
#24925000
1$
#24926000
1'
#24930000
0$
#24935000
b1111010 I
b1111010 +
b1111010 F
b1000100110000010010000 )
b1000100110000010010000 4
b1000100110000010010000 B
b1111010 E
1"
b1110110111111111 !
b1110110111111111 *
b1110110111111111 >
b1000011110100001001100 -
b1000011110100001001100 6
b1000011110100001001100 @
1$
#24936000
0'
#24940000
0$
#24945000
0"
b1110100000110000 .
b1110100000110000 <
b1110100000110000 G
b1011111010000 ,
b1011111010000 H
b1011111010000 J
1$
#24950000
0$
#24955000
1$
#24960000
0$
#24965000
1$
#24970000
0$
#24975000
1$
#24980000
0$
#24985000
1$
#24986000
1'
#24990000
0$
#24995000
b10011000 I
b10011000 +
b10011000 F
b1000101101100011010100 )
b1000101101100011010100 4
b1000101101100011010100 B
b10011000 E
1"
b1110100000110000 !
b1110100000110000 *
b1110100000110000 >
b1000100110000010010000 -
b1000100110000010010000 6
b1000100110000010010000 @
1$
#24996000
0'
#25000000
0$
#25005000
0"
b1110001001101101 .
b1110001001101101 <
b1110001001101101 G
b1110110010011 ,
b1110110010011 H
b1110110010011 J
1$
#25010000
0$
#25015000
1$
#25020000
0$
#25025000
1$
#25030000
0$
#25035000
1$
#25040000
0$
#25045000
1$
#25046000
1'
#25050000
0$
#25055000
b10110110 I
b10110110 +
b10110110 F
b1000110101000100011000 )
b1000110101000100011000 4
b1000110101000100011000 B
b10110110 E
1"
b1110001001101101 !
b1110001001101101 *
b1110001001101101 >
b1000101101100011010100 -
b1000101101100011010100 6
b1000101101100011010100 @
1$
#25056000
0'
#25060000
0$
#25065000
0"
b1101110010111010 .
b1101110010111010 <
b1101110010111010 G
b10001101000110 ,
b10001101000110 H
b10001101000110 J
1$
#25070000
0$
#25075000
1$
#25080000
0$
#25085000
1$
#25090000
0$
#25095000
1$
#25100000
0$
#25105000
1$
#25106000
1'
#25110000
0$
#25115000
b11010100 I
b11010100 +
b11010100 F
b1000111100100101011100 )
b1000111100100101011100 4
b1000111100100101011100 B
b11010100 E
1"
b1101110010111010 !
b1101110010111010 *
b1101110010111010 >
b1000110101000100011000 -
b1000110101000100011000 6
b1000110101000100011000 @
1$
#25116000
0'
#25120000
0$
#25125000
0"
b1101011100011011 .
b1101011100011011 <
b1101011100011011 G
b10100011100101 ,
b10100011100101 H
b10100011100101 J
1$
#25130000
0$
#25135000
1$
#25140000
0$
#25145000
1$
#25150000
0$
#25155000
1$
#25160000
0$
#25165000
1$
#25166000
1'
#25170000
0$
#25175000
b11110010 I
b11110010 +
b11110010 F
b1001000100000110100000 )
b1001000100000110100000 4
b1001000100000110100000 B
b11110010 E
1"
b1101011100011011 !
b1101011100011011 *
b1101011100011011 >
b1000111100100101011100 -
b1000111100100101011100 6
b1000111100100101011100 @
1$
#25176000
0'
#25180000
0$
#25185000
0"
b1101000110010010 .
b1101000110010010 <
b1101000110010010 G
b10111001101110 ,
b10111001101110 H
b10111001101110 J
1$
#25190000
0$
#25195000
1$
#25200000
0$
#25205000
1$
#25210000
0$
#25215000
1$
#25220000
0$
#25225000
1$
#25226000
1'
#25230000
0$
#25235000
b100010000 I
b100010000 +
b100010000 F
b1001001011100111100100 )
b1001001011100111100100 4
b1001001011100111100100 B
b100010000 E
1"
b1101000110010010 !
b1101000110010010 *
b1101000110010010 >
b1001000100000110100000 -
b1001000100000110100000 6
b1001000100000110100000 @
1$
#25236000
0'
#25240000
0$
#25245000
0"
b1100110000100001 .
b1100110000100001 <
b1100110000100001 G
b11001111011111 ,
b11001111011111 H
b11001111011111 J
1$
#25250000
0$
#25255000
1$
#25260000
0$
#25265000
1$
#25270000
0$
#25275000
1$
#25280000
0$
#25285000
1$
#25286000
1'
#25290000
0$
#25295000
b100101110 I
b100101110 +
b100101110 F
b1001010011001000101000 )
b1001010011001000101000 4
b1001010011001000101000 B
b100101110 E
1"
b1100110000100001 !
b1100110000100001 *
b1100110000100001 >
b1001001011100111100100 -
b1001001011100111100100 6
b1001001011100111100100 @
1$
#25296000
0'
#25300000
0$
#25305000
0"
b1100011011001101 .
b1100011011001101 <
b1100011011001101 G
b11100100110011 ,
b11100100110011 H
b11100100110011 J
1$
#25310000
0$
#25315000
1$
#25320000
0$
#25325000
1$
#25330000
0$
#25335000
1$
#25340000
0$
#25345000
1$
#25346000
1'
#25350000
0$
#25355000
b101001100 I
b101001100 +
b101001100 F
b1001011010101001101100 )
b1001011010101001101100 4
b1001011010101001101100 B
b101001100 E
1"
b1100011011001101 !
b1100011011001101 *
b1100011011001101 >
b1001010011001000101000 -
b1001010011001000101000 6
b1001010011001000101000 @
1$
#25356000
0'
#25360000
0$
#25365000
0"
b1100000110011000 .
b1100000110011000 <
b1100000110011000 G
b11111001101000 ,
b11111001101000 H
b11111001101000 J
1$
#25370000
0$
#25375000
1$
#25380000
0$
#25385000
1$
#25390000
0$
#25395000
1$
#25400000
0$
#25405000
1$
#25406000
1'
#25410000
0$
#25415000
b101101010 I
b101101010 +
b101101010 F
b1001100010001010110000 )
b1001100010001010110000 4
b1001100010001010110000 B
b101101010 E
1"
b1100000110011000 !
b1100000110011000 *
b1100000110011000 >
b1001011010101001101100 -
b1001011010101001101100 6
b1001011010101001101100 @
1$
#25416000
0'
#25420000
0$
#25425000
0"
b1011110010000101 .
b1011110010000101 <
b1011110010000101 G
b100001101111011 ,
b100001101111011 H
b100001101111011 J
1$
#25430000
0$
#25435000
1$
#25440000
0$
#25445000
1$
#25450000
0$
#25455000
1$
#25460000
0$
#25465000
1$
#25466000
1'
#25470000
0$
#25475000
b110001000 I
b110001000 +
b110001000 F
b1001101001101011110100 )
b1001101001101011110100 4
b1001101001101011110100 B
b110001000 E
1"
b1011110010000101 !
b1011110010000101 *
b1011110010000101 >
b1001100010001010110000 -
b1001100010001010110000 6
b1001100010001010110000 @
1$
#25476000
0'
#25480000
0$
#25485000
0"
b1011011110010111 .
b1011011110010111 <
b1011011110010111 G
b100100001101001 ,
b100100001101001 H
b100100001101001 J
1$
#25490000
0$
#25495000
1$
#25500000
0$
#25505000
1$
#25510000
0$
#25515000
1$
#25520000
0$
#25525000
1$
#25526000
1'
#25530000
0$
#25535000
b110100110 I
b110100110 +
b110100110 F
b1001110001001100111000 )
b1001110001001100111000 4
b1001110001001100111000 B
b110100110 E
1"
b1011011110010111 !
b1011011110010111 *
b1011011110010111 >
b1001101001101011110100 -
b1001101001101011110100 6
b1001101001101011110100 @
1$
#25536000
0'
#25540000
0$
#25545000
0"
b1011001011001111 .
b1011001011001111 <
b1011001011001111 G
b100110100110001 ,
b100110100110001 H
b100110100110001 J
1$
#25550000
0$
#25555000
1$
#25560000
0$
#25565000
1$
#25570000
0$
#25575000
1$
#25580000
0$
#25585000
1$
#25586000
1'
#25590000
0$
#25595000
b111000100 I
b111000100 +
b111000100 F
b1001111000101101111100 )
b1001111000101101111100 4
b1001111000101101111100 B
b111000100 E
1"
b1011001011001111 !
b1011001011001111 *
b1011001011001111 >
b1001110001001100111000 -
b1001110001001100111000 6
b1001110001001100111000 @
1$
#25596000
0'
#25600000
0$
#25605000
0"
b1010111000110010 .
b1010111000110010 <
b1010111000110010 G
b101000111001110 ,
b101000111001110 H
b101000111001110 J
1$
#25610000
0$
#25615000
1$
#25620000
0$
#25625000
1$
#25630000
0$
#25635000
1$
#25640000
0$
#25645000
1$
#25646000
1'
#25650000
0$
#25655000
b111100010 I
b111100010 +
b111100010 F
b1010000000001111000000 )
b1010000000001111000000 4
b1010000000001111000000 B
b111100010 E
1"
b1010111000110010 !
b1010111000110010 *
b1010111000110010 >
b1001111000101101111100 -
b1001111000101101111100 6
b1001111000101101111100 @
1$
#25656000
0'
#25660000
0$
#25665000
0"
b1010100111000001 .
b1010100111000001 <
b1010100111000001 G
b101011000111111 ,
b101011000111111 H
b101011000111111 J
1$
#25670000
0$
#25675000
1$
#25680000
0$
#25685000
1$
#25690000
0$
#25695000
1$
#25700000
0$
#25705000
1$
#25706000
1'
#25710000
0$
#25715000
b1000000000 I
b1000000000 +
b1000000000 F
b1010000111110000000100 )
b1010000111110000000100 4
b1010000111110000000100 B
b1000000000 E
1"
b1010100111000001 !
b1010100111000001 *
b1010100111000001 >
b1010000000001111000000 -
b1010000000001111000000 6
b1010000000001111000000 @
1$
#25716000
0'
#25720000
0$
#25725000
0"
b1010010101111110 .
b1010010101111110 <
b1010010101111110 G
b101101010000010 ,
b101101010000010 H
b101101010000010 J
1$
#25730000
0$
#25735000
1$
#25740000
0$
#25745000
1$
#25750000
0$
#25755000
1$
#25760000
0$
#25765000
1$
#25766000
1'
#25770000
0$
#25775000
b1000011111 I
b1000011111 +
b1000011111 F
b1010001111010001001000 )
b1010001111010001001000 4
b1010001111010001001000 B
b1000011111 E
1"
b1010010101111110 !
b1010010101111110 *
b1010010101111110 >
b1010000111110000000100 -
b1010000111110000000100 6
b1010000111110000000100 @
1$
#25776000
0'
#25780000
0$
#25785000
0"
b1010000101001011 .
b1010000101001011 <
b1010000101001011 G
b101111010110101 ,
b101111010110101 H
b101111010110101 J
1$
#25790000
0$
#25795000
1$
#25800000
0$
#25805000
1$
#25810000
0$
#25815000
1$
#25820000
0$
#25825000
1$
#25826000
1'
#25830000
0$
#25835000
b1000111101 I
b1000111101 +
b1000111101 F
b1010010110110010001100 )
b1010010110110010001100 4
b1010010110110010001100 B
b1000111101 E
1"
b1010000101001011 !
b1010000101001011 *
b1010000101001011 >
b1010001111010001001000 -
b1010001111010001001000 6
b1010001111010001001000 @
1$
#25836000
0'
#25840000
0$
#25845000
0"
b1001110101101111 .
b1001110101101111 <
b1001110101101111 G
b110001010010001 ,
b110001010010001 H
b110001010010001 J
1$
#25850000
0$
#25855000
1$
#25860000
0$
#25865000
1$
#25870000
0$
#25875000
1$
#25880000
0$
#25885000
1$
#25886000
1'
#25890000
0$
#25895000
b1001011011 I
b1001011011 +
b1001011011 F
b1010011110010011010000 )
b1010011110010011010000 4
b1010011110010011010000 B
b1001011011 E
1"
b1001110101101111 !
b1001110101101111 *
b1001110101101111 >
b1010010110110010001100 -
b1010010110110010001100 6
b1010010110110010001100 @
1$
#25896000
0'
#25900000
0$
#25905000
0"
b1001100111001000 .
b1001100111001000 <
b1001100111001000 G
b110011000111000 ,
b110011000111000 H
b110011000111000 J
1$
#25910000
0$
#25915000
1$
#25920000
0$
#25925000
1$
#25930000
0$
#25935000
1$
#25940000
0$
#25945000
1$
#25946000
1'
#25950000
0$
#25955000
b1001111001 I
b1001111001 +
b1001111001 F
b1010100101110100010100 )
b1010100101110100010100 4
b1010100101110100010100 B
b1001111001 E
1"
b1001100111001000 !
b1001100111001000 *
b1001100111001000 >
b1010011110010011010000 -
b1010011110010011010000 6
b1010011110010011010000 @
1$
#25956000
0'
#25960000
0$
#25965000
0"
b1001011001011000 .
b1001011001011000 <
b1001011001011000 G
b110100110101000 ,
b110100110101000 H
b110100110101000 J
1$
#25970000
0$
#25975000
1$
#25980000
0$
#25985000
1$
#25990000
0$
#25995000
1$
#26000000
0$
#26005000
1$
#26006000
1'
#26010000
0$
#26015000
b1010010111 I
b1010010111 +
b1010010111 F
b1010101101010101011000 )
b1010101101010101011000 4
b1010101101010101011000 B
b1010010111 E
1"
b1001011001011000 !
b1001011001011000 *
b1001011001011000 >
b1010100101110100010100 -
b1010100101110100010100 6
b1010100101110100010100 @
1$
#26016000
0'
#26020000
0$
#26025000
0"
b1001001100100010 .
b1001001100100010 <
b1001001100100010 G
b110110011011110 ,
b110110011011110 H
b110110011011110 J
1$
#26030000
0$
#26035000
1$
#26040000
0$
#26045000
1$
#26050000
0$
#26055000
1$
#26060000
0$
#26065000
1$
#26066000
1'
#26070000
0$
#26075000
b1010110101 I
b1010110101 +
b1010110101 F
b1010110100110110011100 )
b1010110100110110011100 4
b1010110100110110011100 B
b1010110101 E
1"
b1001001100100010 !
b1001001100100010 *
b1001001100100010 >
b1010101101010101011000 -
b1010101101010101011000 6
b1010101101010101011000 @
1$
#26076000
0'
#26080000
0$
#26085000
0"
b1001000000100111 .
b1001000000100111 <
b1001000000100111 G
b110111111011001 ,
b110111111011001 H
b110111111011001 J
1$
#26090000
0$
#26095000
1$
#26100000
0$
#26105000
1$
#26110000
0$
#26115000
1$
#26120000
0$
#26125000
1$
#26126000
1'
#26130000
0$
#26135000
b1011010011 I
b1011010011 +
b1011010011 F
b1010111100010111100000 )
b1010111100010111100000 4
b1010111100010111100000 B
b1011010011 E
1"
b1001000000100111 !
b1001000000100111 *
b1001000000100111 >
b1010110100110110011100 -
b1010110100110110011100 6
b1010110100110110011100 @
1$
#26136000
0'
#26140000
0$
#26145000
0"
b1000110101101000 .
b1000110101101000 <
b1000110101101000 G
b111001010011000 ,
b111001010011000 H
b111001010011000 J
1$
#26150000
0$
#26155000
1$
#26160000
0$
#26165000
1$
#26170000
0$
#26175000
1$
#26180000
0$
#26185000
1$
#26186000
1'
#26190000
0$
#26195000
b1011110001 I
b1011110001 +
b1011110001 F
b1011000011111000100100 )
b1011000011111000100100 4
b1011000011111000100100 B
b1011110001 E
1"
b1000110101101000 !
b1000110101101000 *
b1000110101101000 >
b1010111100010111100000 -
b1010111100010111100000 6
b1010111100010111100000 @
1$
#26196000
0'
#26200000
0$
#26205000
0"
b1000101011101000 .
b1000101011101000 <
b1000101011101000 G
b111010100011000 ,
b111010100011000 H
b111010100011000 J
1$
#26210000
0$
#26215000
1$
#26220000
0$
#26225000
1$
#26230000
0$
#26235000
1$
#26240000
0$
#26245000
1$
#26246000
1'
#26250000
0$
#26255000
b1100001111 I
b1100001111 +
b1100001111 F
b1011001011011001101000 )
b1011001011011001101000 4
b1011001011011001101000 B
b1100001111 E
1"
b1000101011101000 !
b1000101011101000 *
b1000101011101000 >
b1011000011111000100100 -
b1011000011111000100100 6
b1011000011111000100100 @
1$
#26256000
0'
#26260000
0$
#26265000
0"
b1000100010100111 .
b1000100010100111 <
b1000100010100111 G
b111011101011001 ,
b111011101011001 H
b111011101011001 J
1$
#26270000
0$
#26275000
1$
#26280000
0$
#26285000
1$
#26290000
0$
#26295000
1$
#26300000
0$
#26305000
1$
#26306000
1'
#26310000
0$
#26315000
b1100101101 I
b1100101101 +
b1100101101 F
b1011010010111010101100 )
b1011010010111010101100 4
b1011010010111010101100 B
b1100101101 E
1"
b1000100010100111 !
b1000100010100111 *
b1000100010100111 >
b1011001011011001101000 -
b1011001011011001101000 6
b1011001011011001101000 @
1$
#26316000
0'
#26320000
0$
#26325000
0"
b1000011010100110 .
b1000011010100110 <
b1000011010100110 G
b111100101011010 ,
b111100101011010 H
b111100101011010 J
1$
#26330000
0$
#26335000
1$
#26340000
0$
#26345000
1$
#26350000
0$
#26355000
1$
#26360000
0$
#26365000
1$
#26366000
1'
#26370000
0$
#26375000
b1101001011 I
b1101001011 +
b1101001011 F
b1011011010011011110000 )
b1011011010011011110000 4
b1011011010011011110000 B
b1101001011 E
1"
b1000011010100110 !
b1000011010100110 *
b1000011010100110 >
b1011010010111010101100 -
b1011010010111010101100 6
b1011010010111010101100 @
1$
#26376000
0'
#26380000
0$
#26385000
0"
b1000010011101000 .
b1000010011101000 <
b1000010011101000 G
b111101100011000 ,
b111101100011000 H
b111101100011000 J
1$
#26390000
0$
#26395000
1$
#26400000
0$
#26405000
1$
#26410000
0$
#26415000
1$
#26420000
0$
#26425000
1$
#26426000
1'
#26430000
0$
#26435000
b1101101001 I
b1101101001 +
b1101101001 F
b1011100001111100110100 )
b1011100001111100110100 4
b1011100001111100110100 B
b1101101001 E
1"
b1000010011101000 !
b1000010011101000 *
b1000010011101000 >
b1011011010011011110000 -
b1011011010011011110000 6
b1011011010011011110000 @
1$
#26436000
0'
#26440000
0$
#26445000
0"
b1000001101101100 .
b1000001101101100 <
b1000001101101100 G
b111110010010100 ,
b111110010010100 H
b111110010010100 J
1$
#26450000
0$
#26455000
1$
#26460000
0$
#26465000
1$
#26470000
0$
#26475000
1$
#26480000
0$
#26485000
1$
#26486000
1'
#26490000
0$
#26495000
b1110000111 I
b1110000111 +
b1110000111 F
b1011101001011101111000 )
b1011101001011101111000 4
b1011101001011101111000 B
b1110000111 E
1"
b1000001101101100 !
b1000001101101100 *
b1000001101101100 >
b1011100001111100110100 -
b1011100001111100110100 6
b1011100001111100110100 @
1$
#26496000
0'
#26500000
0$
#26505000
0"
b1000001000110100 .
b1000001000110100 <
b1000001000110100 G
b111110111001100 ,
b111110111001100 H
b111110111001100 J
1$
#26510000
0$
#26515000
1$
#26520000
0$
#26525000
1$
#26530000
0$
#26535000
1$
#26540000
0$
#26545000
1$
#26546000
1'
#26550000
0$
#26555000
b1110100101 I
b1110100101 +
b1110100101 F
b1011110000111110111100 )
b1011110000111110111100 4
b1011110000111110111100 B
b1110100101 E
1"
b1000001000110100 !
b1000001000110100 *
b1000001000110100 >
b1011101001011101111000 -
b1011101001011101111000 6
b1011101001011101111000 @
1$
#26556000
0'
#26560000
0$
#26565000
0"
b1000000101000000 .
b1000000101000000 <
b1000000101000000 G
b111111011000000 ,
b111111011000000 H
b111111011000000 J
1$
#26570000
0$
#26575000
1$
#26580000
0$
#26585000
1$
#26590000
0$
#26595000
1$
#26600000
0$
#26605000
1$
#26606000
1'
#26610000
0$
#26615000
b1111000011 I
b1111000011 +
b1111000011 F
b1011111000100000000000 )
b1011111000100000000000 4
b1011111000100000000000 B
b1111000011 E
1"
b1000000101000000 !
b1000000101000000 *
b1000000101000000 >
b1011110000111110111100 -
b1011110000111110111100 6
b1011110000111110111100 @
1$
#26616000
0'
#26620000
0$
#26625000
0"
b1000000010010000 .
b1000000010010000 <
b1000000010010000 G
b111111101110000 ,
b111111101110000 H
b111111101110000 J
1$
#26630000
0$
#26635000
1$
#26640000
0$
#26645000
1$
#26650000
0$
#26655000
1$
#26660000
0$
#26665000
1$
#26666000
1'
#26670000
0$
#26675000
b1111100010 I
b1111100010 +
b1111100010 F
b1100000000000001000100 )
b1100000000000001000100 4
b1100000000000001000100 B
b1111100010 E
1"
b1000000010010000 !
b1000000010010000 *
b1000000010010000 >
b1011111000100000000000 -
b1011111000100000000000 6
b1011111000100000000000 @
1$
#26676000
0'
#26680000
0$
#26685000
0"
b1000000000100100 .
b1000000000100100 <
b1000000000100100 G
b111111111011100 ,
b111111111011100 H
b111111111011100 J
1$
#26690000
0$
#26695000
1$
#26700000
0$
#26705000
1$
#26710000
0$
#26715000
1$
#26720000
0$
#26725000
1$
#26726000
1'
#26730000
0$
#26735000
b1111111111 I
b1111111111 +
b1111111111 F
b1100000111100010001000 )
b1100000111100010001000 4
b1100000111100010001000 B
b10000000000 E
1"
b1000000000100100 !
b1000000000100100 *
b1000000000100100 >
b1100000000000001000100 -
b1100000000000001000100 6
b1100000000000001000100 @
1$
#26736000
0'
#26740000
0$
#26745000
0"
b1000000000000001 .
b1000000000000001 <
b1000000000000001 G
b111111111111111 ,
b111111111111111 H
b111111111111111 J
1$
#26750000
0$
#26755000
1$
#26760000
0$
#26765000
1$
#26770000
0$
#26775000
1$
#26780000
0$
#26785000
1$
#26786000
1'
#26790000
0$
#26795000
b1111100010 I
b11111100010 +
b11111100010 F
b1100001111000011001100 )
b1100001111000011001100 4
b1100001111000011001100 B
b10000011110 E
1"
b1000000000000001 !
b1000000000000001 *
b1000000000000001 >
b1100000111100010001000 -
b1100000111100010001000 6
b1100000111100010001000 @
1$
#26796000
0'
#26800000
0$
#26805000
0"
b1000000000100100 .
b1000000000100100 <
b1000000000100100 G
b111111111011100 ,
b111111111011100 H
b111111111011100 J
1$
#26810000
0$
#26815000
1$
#26820000
0$
#26825000
1$
#26830000
0$
#26835000
1$
#26840000
0$
#26845000
1$
#26846000
1'
#26850000
0$
#26855000
b1111000100 I
b11111000100 +
b11111000100 F
b1100010110100100010000 )
b1100010110100100010000 4
b1100010110100100010000 B
b10000111100 E
1"
b1000000000100100 !
b1000000000100100 *
b1000000000100100 >
b1100001111000011001100 -
b1100001111000011001100 6
b1100001111000011001100 @
1$
#26856000
0'
#26860000
0$
#26865000
0"
b1000000010001100 .
b1000000010001100 <
b1000000010001100 G
b111111101110100 ,
b111111101110100 H
b111111101110100 J
1$
#26870000
0$
#26875000
1$
#26880000
0$
#26885000
1$
#26890000
0$
#26895000
1$
#26900000
0$
#26905000
1$
#26906000
1'
#26910000
0$
#26915000
b1110100110 I
b11110100110 +
b11110100110 F
b1100011110000101010100 )
b1100011110000101010100 4
b1100011110000101010100 B
b10001011010 E
1"
b1000000010001100 !
b1000000010001100 *
b1000000010001100 >
b1100010110100100010000 -
b1100010110100100010000 6
b1100010110100100010000 @
1$
#26916000
0'
#26920000
0$
#26925000
0"
b1000000100111001 .
b1000000100111001 <
b1000000100111001 G
b111111011000111 ,
b111111011000111 H
b111111011000111 J
1$
#26930000
0$
#26935000
1$
#26940000
0$
#26945000
1$
#26950000
0$
#26955000
1$
#26960000
0$
#26965000
1$
#26966000
1'
#26970000
0$
#26975000
b1110001000 I
b11110001000 +
b11110001000 F
b1100100101100110011000 )
b1100100101100110011000 4
b1100100101100110011000 B
b10001111000 E
1"
b1000000100111001 !
b1000000100111001 *
b1000000100111001 >
b1100011110000101010100 -
b1100011110000101010100 6
b1100011110000101010100 @
1$
#26976000
0'
#26980000
0$
#26985000
0"
b1000001000101011 .
b1000001000101011 <
b1000001000101011 G
b111110111010101 ,
b111110111010101 H
b111110111010101 J
1$
#26990000
0$
#26995000
1$
#27000000
0$
#27005000
1$
#27010000
0$
#27015000
1$
#27020000
0$
#27025000
1$
#27026000
1'
#27030000
0$
#27035000
b1101101010 I
b11101101010 +
b11101101010 F
b1100101101000111011100 )
b1100101101000111011100 4
b1100101101000111011100 B
b10010010110 E
1"
b1000001000101011 !
b1000001000101011 *
b1000001000101011 >
b1100100101100110011000 -
b1100100101100110011000 6
b1100100101100110011000 @
1$
#27036000
0'
#27040000
0$
#27045000
0"
b1000001101100001 .
b1000001101100001 <
b1000001101100001 G
b111110010011111 ,
b111110010011111 H
b111110010011111 J
1$
#27050000
0$
#27055000
1$
#27060000
0$
#27065000
1$
#27070000
0$
#27075000
1$
#27080000
0$
#27085000
1$
#27086000
1'
#27090000
0$
#27095000
b1101001100 I
b11101001100 +
b11101001100 F
b1100110100101000100000 )
b1100110100101000100000 4
b1100110100101000100000 B
b10010110100 E
1"
b1000001101100001 !
b1000001101100001 *
b1000001101100001 >
b1100101101000111011100 -
b1100101101000111011100 6
b1100101101000111011100 @
1$
#27096000
0'
#27100000
0$
#27105000
0"
b1000010011011010 .
b1000010011011010 <
b1000010011011010 G
b111101100100110 ,
b111101100100110 H
b111101100100110 J
1$
#27110000
0$
#27115000
1$
#27120000
0$
#27125000
1$
#27130000
0$
#27135000
1$
#27140000
0$
#27145000
1$
#27146000
1'
#27150000
0$
#27155000
b1100101110 I
b11100101110 +
b11100101110 F
b1100111100001001100100 )
b1100111100001001100100 4
b1100111100001001100100 B
b10011010010 E
1"
b1000010011011010 !
b1000010011011010 *
b1000010011011010 >
b1100110100101000100000 -
b1100110100101000100000 6
b1100110100101000100000 @
1$
#27156000
0'
#27160000
0$
#27165000
0"
b1000011010010110 .
b1000011010010110 <
b1000011010010110 G
b111100101101010 ,
b111100101101010 H
b111100101101010 J
1$
#27170000
0$
#27175000
1$
#27180000
0$
#27185000
1$
#27190000
0$
#27195000
1$
#27200000
0$
#27205000
1$
#27206000
1'
#27210000
0$
#27215000
b1100010000 I
b11100010000 +
b11100010000 F
b1101000011101010101000 )
b1101000011101010101000 4
b1101000011101010101000 B
b10011110000 E
1"
b1000011010010110 !
b1000011010010110 *
b1000011010010110 >
b1100111100001001100100 -
b1100111100001001100100 6
b1100111100001001100100 @
1$
#27216000
0'
#27220000
0$
#27225000
0"
b1000100010010101 .
b1000100010010101 <
b1000100010010101 G
b111011101101011 ,
b111011101101011 H
b111011101101011 J
1$
#27230000
0$
#27235000
1$
#27240000
0$
#27245000
1$
#27250000
0$
#27255000
1$
#27260000
0$
#27265000
1$
#27266000
1'
#27270000
0$
#27275000
b1011110010 I
b11011110010 +
b11011110010 F
b1101001011001011101100 )
b1101001011001011101100 4
b1101001011001011101100 B
b10100001110 E
1"
b1000100010010101 !
b1000100010010101 *
b1000100010010101 >
b1101000011101010101000 -
b1101000011101010101000 6
b1101000011101010101000 @
1$
#27276000
0'
#27280000
0$
#27285000
0"
b1000101011010011 .
b1000101011010011 <
b1000101011010011 G
b111010100101101 ,
b111010100101101 H
b111010100101101 J
1$
#27290000
0$
#27295000
1$
#27300000
0$
#27305000
1$
#27310000
0$
#27315000
1$
#27320000
0$
#27325000
1$
#27326000
1'
#27330000
0$
#27335000
b1011010100 I
b11011010100 +
b11011010100 F
b1101010010101100110000 )
b1101010010101100110000 4
b1101010010101100110000 B
b10100101100 E
1"
b1000101011010011 !
b1000101011010011 *
b1000101011010011 >
b1101001011001011101100 -
b1101001011001011101100 6
b1101001011001011101100 @
1$
#27336000
0'
#27340000
0$
#27345000
0"
b1000110101010010 .
b1000110101010010 <
b1000110101010010 G
b111001010101110 ,
b111001010101110 H
b111001010101110 J
1$
#27350000
0$
#27355000
1$
#27360000
0$
#27365000
1$
#27370000
0$
#27375000
1$
#27380000
0$
#27385000
1$
#27386000
1'
#27390000
0$
#27395000
b1010110110 I
b11010110110 +
b11010110110 F
b1101011010001101110100 )
b1101011010001101110100 4
b1101011010001101110100 B
b10101001010 E
1"
b1000110101010010 !
b1000110101010010 *
b1000110101010010 >
b1101010010101100110000 -
b1101010010101100110000 6
b1101010010101100110000 @
1$
#27396000
0'
#27400000
0$
#27405000
0"
b1001000000001110 .
b1001000000001110 <
b1001000000001110 G
b110111111110010 ,
b110111111110010 H
b110111111110010 J
1$
#27410000
0$
#27415000
1$
#27420000
0$
#27425000
1$
#27430000
0$
#27435000
1$
#27440000
0$
#27445000
1$
#27446000
1'
#27450000
0$
#27455000
b1010011000 I
b11010011000 +
b11010011000 F
b1101100001101110111000 )
b1101100001101110111000 4
b1101100001101110111000 B
b10101101000 E
1"
b1001000000001110 !
b1001000000001110 *
b1001000000001110 >
b1101011010001101110100 -
b1101011010001101110100 6
b1101011010001101110100 @
1$
#27456000
0'
#27460000
0$
#27465000
0"
b1001001100001000 .
b1001001100001000 <
b1001001100001000 G
b110110011111000 ,
b110110011111000 H
b110110011111000 J
1$
#27470000
0$
#27475000
1$
#27480000
0$
#27485000
1$
#27490000
0$
#27495000
1$
#27500000
0$
#27505000
1$
#27506000
1'
#27510000
0$
#27515000
b1001111010 I
b11001111010 +
b11001111010 F
b1101101001001111111100 )
b1101101001001111111100 4
b1101101001001111111100 B
b10110000110 E
1"
b1001001100001000 !
b1001001100001000 *
b1001001100001000 >
b1101100001101110111000 -
b1101100001101110111000 6
b1101100001101110111000 @
1$
#27516000
0'
#27520000
0$
#27525000
0"
b1001011000111100 .
b1001011000111100 <
b1001011000111100 G
b110100111000100 ,
b110100111000100 H
b110100111000100 J
1$
#27530000
0$
#27535000
1$
#27540000
0$
#27545000
1$
#27550000
0$
#27555000
1$
#27560000
0$
#27565000
1$
#27566000
