$date
	Mon Apr 13 20:49:36 2026
$end
$version
	Icarus Verilog
$end
$timescale
	10ps
$end
$scope module button_press_tb $end
$var wire 1 ! ButtonOut $end
$var parameter 32 " delay $end
$var reg 1 # ButtonIn $end
$var reg 1 $ clk $end
$var reg 1 % reset $end
$scope module button_unit $end
$var wire 1 # button_in $end
$var wire 1 $ clk $end
$var wire 1 % reset $end
$var wire 1 & synch_out $end
$var wire 1 ' out $end
$var wire 1 ! button_out $end
$var parameter 32 ( sim $end
$scope module u_PWM $end
$var wire 1 $ clk $end
$var wire 1 ! out $end
$var wire 1 ' in $end
$var reg 1 ) q $end
$upscope $end
$scope module u_debouncer $end
$var wire 1 $ clk $end
$var wire 1 % reset $end
$var wire 1 * timer_done $end
$var wire 1 + timer_clr $end
$var wire 1 , pluse1kHz $end
$var wire 1 ' out $end
$var wire 1 & in $end
$var parameter 32 - sim $end
$scope module c0 $end
$var wire 1 $ clk $end
$var wire 1 % reset $end
$var wire 1 * timer_done $end
$var wire 1 + timer_clr $end
$var wire 1 ' out $end
$var wire 1 & in $end
$var parameter 2 . HIGH $end
$var parameter 2 / LOW $end
$var parameter 2 0 WAIT_HIGH $end
$var parameter 2 1 WAIT_LOW $end
$var reg 1 2 next_state $end
$var reg 1 3 state $end
$upscope $end
$scope module frency_division $end
$var wire 1 $ clk $end
$var wire 1 , co $end
$var wire 1 4 en $end
$var wire 1 5 reset $end
$var parameter 32 6 counter_bits $end
$var parameter 32 7 n $end
$var reg 5 8 q [4:0] $end
$upscope $end
$scope module timer $end
$var wire 1 $ clk $end
$var wire 1 * co $end
$var wire 1 , en $end
$var wire 1 + reset $end
$var parameter 32 9 counter_bits $end
$var parameter 32 : n $end
$var reg 4 ; q [3:0] $end
$upscope $end
$upscope $end
$scope module u_syncer $end
$var wire 1 # asynch_in $end
$var wire 1 $ clk $end
$var wire 1 & synch_out $end
$var reg 1 < q1 $end
$var reg 1 = q2 $end
$upscope $end
$upscope $end
$upscope $end
$enddefinitions $end
$comment Show the parameter values. $end
$dumpall
b1010 :
b100 9
b100000 7
b101 6
b11 1
b10 0
b1 /
b0 .
b1 -
b1 (
b1010 "
$end
#0
$dumpvars
x=
x<
bx ;
bx 8
05
14
13
x2
x,
1+
x*
x)
0'
x&
1%
0$
0#
0!
$end
#500
0*
0<
b0 ;
0)
1$
#1000
0$
#1500
12
0&
0=
1$
#2000
0$
#2500
1$
#3000
0$
#3100
0%
#3500
1$
#4000
0$
#4500
1$
#5000
0$
#5500
1$
#6000
0$
#6500
1$
#7000
0$
#7500
1$
#8000
0$
#8500
1$
#9000
0$
#9500
1$
#10000
0$
#10500
1$
#11000
0$
#11500
1$
#12000
0$
#12500
1$
#13000
0$
#13500
1$
#14000
0$
#14500
1$
#15000
0$
#15500
1$
#16000
0$
#16500
1$
#17000
0$
#17500
1$
#18000
0$
#18500
1$
#19000
0$
#19500
1$
#20000
0$
#20500
1$
#21000
0$
#21500
1$
#22000
0$
#22500
1$
#23000
0$
#23500
1$
#24000
0$
#24500
1$
#25000
0$
#25500
1$
#26000
0$
#26500
1$
#27000
0$
#27500
1$
#28000
0$
#28500
1$
#29000
0$
#29500
1$
#30000
0$
#30500
1$
#31000
0$
#31500
1$
#32000
0$
#32500
1$
#33000
0$
#33500
1$
#34000
0$
#34500
1$
#35000
0$
#35500
1$
#36000
0$
#36500
1$
#37000
0$
#37500
1$
#38000
0$
#38500
1$
#39000
0$
#39500
1$
#40000
0$
#40500
1$
#41000
0$
#41500
1$
#42000
0$
#42500
1$
#43000
0$
#43500
1$
#44000
0$
#44500
1$
#45000
0$
#45500
1$
#46000
0$
#46500
1$
#47000
0$
#47500
1$
#48000
0$
#48500
1$
#49000
0$
#49500
1$
#50000
0$
#50500
1$
#51000
0$
#51500
1$
#52000
0$
#52500
1$
#53000
0$
#53500
1$
#54000
0$
#54500
1$
#55000
0$
#55500
1$
#56000
0$
#56500
1$
#57000
0$
#57500
1$
#58000
0$
#58500
1$
#59000
0$
#59500
1$
#60000
0$
#60500
1$
#61000
0$
#61500
1$
#62000
0$
#62500
1$
#63000
0$
#63500
1$
#64000
0$
#64500
1$
#65000
0$
#65500
1$
#66000
0$
#66500
1$
#67000
0$
#67500
1$
#68000
0$
#68500
1$
#69000
0$
#69500
1$
#70000
0$
#70500
1$
#71000
0$
#71500
1$
#72000
0$
#72500
1$
#73000
0$
#73500
1$
#74000
0$
#74500
1$
#75000
0$
#75500
1$
#76000
0$
#76500
1$
#77000
0$
#77500
1$
#78000
0$
#78500
1$
#79000
0$
#79500
1$
#80000
0$
#80500
1$
#81000
0$
#81500
1$
#82000
0$
#82500
1$
#83000
0$
#83500
1$
#84000
0$
#84500
1$
#85000
0$
#85500
1$
#86000
0$
#86500
1$
#87000
0$
#87500
1$
#88000
0$
#88500
1$
#89000
0$
#89500
1$
#90000
0$
#90500
1$
#91000
0$
#91500
1$
#92000
0$
#92500
1$
#93000
0$
#93500
1$
#94000
0$
#94500
1$
#95000
0$
#95500
1$
#96000
0$
#96500
1$
#97000
0$
#97500
1$
#98000
0$
#98500
1$
#99000
0$
#99500
1$
#100000
0$
#100500
1$
#101000
0$
#101500
1$
#102000
0$
#102500
1$
#103000
0$
#103500
1$
#104000
0$
#104500
1$
#105000
0$
#105500
1$
#106000
0$
#106500
1$
#107000
0$
#107500
1$
#108000
0$
#108500
1$
#109000
0$
#109500
1$
#110000
0$
#110500
1$
#111000
0$
#111500
1$
#112000
0$
#112500
1$
#113000
0$
#113100
1#
#113500
1<
1$
#114000
0$
#114500
02
1&
1=
1$
#115000
0$
#115500
1!
1'
03
1$
#116000
0$
#116500
0!
1)
1$
#117000
0$
#117500
1$
#118000
0$
#118100
0#
#118500
0<
1$
#119000
0$
#119500
12
0&
0=
1$
#120000
0$
#120500
0'
13
1$
#121000
0$
#121500
0)
1$
#122000
0$
#122500
1$
#123000
0$
#123100
1#
#123500
1<
1$
#124000
0$
#124500
02
1&
1=
1$
#125000
0$
#125500
1!
1'
03
1$
#126000
0$
#126500
0!
1)
1$
#127000
0$
#127500
1$
#128000
0$
#128100
0#
#128500
0<
1$
#129000
0$
#129500
12
0&
0=
1$
#130000
0$
#130500
0'
13
1$
#131000
0$
#131500
0)
1$
#132000
0$
#132500
1$
#133000
0$
#133100
1#
#133500
1<
1$
#134000
0$
#134500
02
1&
1=
1$
#135000
0$
#135500
1!
1'
03
1$
#136000
0$
#136500
0!
1)
1$
#137000
0$
#137500
1$
#138000
0$
#138100
0#
#138500
0<
1$
#139000
0$
#139500
12
0&
0=
1$
#140000
0$
#140500
0'
13
1$
#141000
0$
#141500
0)
1$
#142000
0$
#142500
1$
#143000
0$
#143100
1#
#143500
1<
1$
#144000
0$
#144500
02
1&
1=
1$
#145000
0$
#145500
1!
1'
03
1$
#146000
0$
#146500
0!
1)
1$
#147000
0$
#147500
1$
#148000
0$
#148100
0#
#148500
0<
1$
#149000
0$
#149500
12
0&
0=
1$
#150000
0$
#150500
0'
13
1$
#151000
0$
#151500
0)
1$
#152000
0$
#152500
1$
#153000
0$
#153100
1#
#153500
1<
1$
#154000
0$
#154500
02
1&
1=
1$
#155000
0$
#155500
1!
1'
03
1$
#156000
0$
#156500
0!
1)
1$
#157000
0$
#157500
1$
#158000
0$
#158100
0#
#158500
0<
1$
#159000
0$
#159500
12
0&
0=
1$
#160000
0$
#160500
0'
13
1$
#161000
0$
#161500
0)
1$
#162000
0$
#162500
1$
#163000
0$
#163100
1#
#163500
1<
1$
#164000
0$
#164500
02
1&
1=
1$
#165000
0$
#165500
1!
1'
03
1$
#166000
0$
#166500
0!
1)
1$
#167000
0$
#167500
1$
#168000
0$
#168100
0#
#168500
0<
1$
#169000
0$
#169500
12
0&
0=
1$
#170000
0$
#170500
0'
13
1$
#171000
0$
#171500
0)
1$
#172000
0$
#172500
1$
#173000
0$
#173100
1#
#173500
1<
1$
#174000
0$
#174500
02
1&
1=
1$
#175000
0$
#175500
1!
1'
03
1$
#176000
0$
#176500
0!
1)
1$
#177000
0$
#177500
1$
#178000
0$
#178100
0#
#178500
0<
1$
#179000
0$
#179500
12
0&
0=
1$
#180000
0$
#180500
0'
13
1$
#181000
0$
#181500
0)
1$
#182000
0$
#182500
1$
#183000
0$
#183100
1#
#183500
1<
1$
#184000
0$
#184500
02
1&
1=
1$
#185000
0$
#185500
1!
1'
03
1$
#186000
0$
#186500
0!
1)
1$
#187000
0$
#187500
1$
#188000
0$
#188100
0#
#188500
0<
1$
#189000
0$
#189500
12
0&
0=
1$
#190000
0$
#190500
0'
13
1$
#191000
0$
#191500
0)
1$
#192000
0$
#192500
1$
#193000
0$
#193100
1#
#193500
1<
1$
#194000
0$
#194500
02
1&
1=
1$
#195000
0$
#195500
1!
1'
03
1$
#196000
0$
#196500
0!
1)
1$
#197000
0$
#197500
1$
#198000
0$
#198100
0#
#198500
0<
1$
#199000
0$
#199500
12
0&
0=
1$
#200000
0$
#200500
0'
13
1$
#201000
0$
#201500
0)
1$
#202000
0$
#202500
1$
#203000
0$
#203100
1#
#203500
1<
1$
#204000
0$
#204500
02
1&
1=
1$
#205000
0$
#205500
1!
1'
03
1$
#206000
0$
#206500
0!
1)
1$
#207000
0$
#207500
1$
#208000
0$
#208100
0#
#208500
0<
1$
#209000
0$
#209500
12
0&
0=
1$
#210000
0$
#210500
0'
13
1$
#211000
0$
#211500
0)
1$
#212000
0$
#212500
1$
#213000
0$
#213100
1#
#213500
1<
1$
#214000
0$
#214500
02
1&
1=
1$
#215000
0$
#215500
1!
1'
03
1$
#216000
0$
#216500
0!
1)
1$
#217000
0$
#217500
1$
#218000
0$
#218100
0#
#218500
0<
1$
#219000
0$
#219500
12
0&
0=
1$
#220000
0$
#220500
0'
13
1$
#221000
0$
#221500
0)
1$
#222000
0$
#222500
1$
#223000
0$
#223100
1#
#223500
1<
1$
#224000
0$
#224500
02
1&
1=
1$
#225000
0$
#225500
1!
1'
03
1$
#226000
0$
#226500
0!
1)
1$
#227000
0$
#227500
1$
#228000
0$
#228100
0#
#228500
0<
1$
#229000
0$
#229500
12
0&
0=
1$
#230000
0$
#230500
0'
13
1$
#231000
0$
#231500
0)
1$
#232000
0$
#232500
1$
#233000
0$
#233100
1#
#233500
1<
1$
#234000
0$
#234500
02
1&
1=
1$
#235000
0$
#235500
1!
1'
03
1$
#236000
0$
#236500
0!
1)
1$
#237000
0$
#237500
1$
#238000
0$
#238100
0#
#238500
0<
1$
#239000
0$
#239500
12
0&
0=
1$
#240000
0$
#240500
0'
13
1$
#241000
0$
#241500
0)
1$
#242000
0$
#242500
1$
#243000
0$
#243100
1#
#243500
1<
1$
#244000
0$
#244500
02
1&
1=
1$
#245000
0$
#245500
1!
1'
03
1$
#246000
0$
#246500
0!
1)
1$
#247000
0$
#247500
1$
#248000
0$
#248100
0#
#248500
0<
1$
#249000
0$
#249500
12
0&
0=
1$
#250000
0$
#250500
0'
13
1$
#251000
0$
#251500
0)
1$
#252000
0$
#252500
1$
#253000
0$
#253100
1#
#253500
1<
1$
#254000
0$
#254500
02
1&
1=
1$
#255000
0$
#255500
1!
1'
03
1$
#256000
0$
#256500
0!
1)
1$
#257000
0$
#257500
1$
#258000
0$
#258100
0#
#258500
0<
1$
#259000
0$
#259500
12
0&
0=
1$
#260000
0$
#260500
0'
13
1$
#261000
0$
#261500
0)
1$
#262000
0$
#262500
1$
#263000
0$
#263100
1#
#263500
1<
1$
#264000
0$
#264500
02
1&
1=
1$
#265000
0$
#265500
1!
1'
03
1$
#266000
0$
#266500
0!
1)
1$
#267000
0$
#267500
1$
#268000
0$
#268100
0#
#268500
0<
1$
#269000
0$
#269500
12
0&
0=
1$
#270000
0$
#270500
0'
13
1$
#271000
0$
#271500
0)
1$
#272000
0$
#272500
1$
#273000
0$
#273100
1#
#273500
1<
1$
#274000
0$
#274500
02
1&
1=
1$
#275000
0$
#275500
1!
1'
03
1$
#276000
0$
#276500
0!
1)
1$
#277000
0$
#277500
1$
#278000
0$
#278100
0#
#278500
0<
1$
#279000
0$
#279500
12
0&
0=
1$
#280000
0$
#280500
0'
13
1$
#281000
0$
#281500
0)
1$
#282000
0$
#282500
1$
#283000
0$
#283100
1#
#283500
1<
1$
#284000
0$
#284500
02
1&
1=
1$
#285000
0$
#285500
1!
1'
03
1$
#286000
0$
#286500
0!
1)
1$
#287000
0$
#287500
1$
#288000
0$
#288100
0#
#288500
0<
1$
#289000
0$
#289500
12
0&
0=
1$
#290000
0$
#290500
0'
13
1$
#291000
0$
#291500
0)
1$
#292000
0$
#292500
1$
#293000
0$
#293100
1#
#293500
1<
1$
#294000
0$
#294500
02
1&
1=
1$
#295000
0$
#295500
1!
1'
03
1$
#296000
0$
#296500
0!
1)
1$
#297000
0$
#297500
1$
#298000
0$
#298100
0#
#298500
0<
1$
#299000
0$
#299500
12
0&
0=
1$
#300000
0$
#300500
0'
13
1$
#301000
0$
#301500
0)
1$
#302000
0$
#302500
1$
#303000
0$
#303100
1#
#303500
1<
1$
#304000
0$
#304500
02
1&
1=
1$
#305000
0$
#305500
1!
1'
03
1$
#306000
0$
#306500
0!
1)
1$
#307000
0$
#307500
1$
#308000
0$
#308100
0#
#308500
0<
1$
#309000
0$
#309500
12
0&
0=
1$
#310000
0$
#310500
0'
13
1$
#311000
0$
#311500
0)
1$
#312000
0$
#312500
1$
#313000
0$
#313100
1#
#313500
1<
1$
#314000
0$
#314500
02
1&
1=
1$
#315000
0$
#315500
1!
1'
03
1$
#316000
0$
#316500
0!
1)
1$
#317000
0$
#317500
1$
#318000
0$
#318100
0#
#318500
0<
1$
#319000
0$
#319500
12
0&
0=
1$
#320000
0$
#320500
0'
13
1$
#321000
0$
#321500
0)
1$
#322000
0$
#322500
1$
#323000
0$
#323100
1#
#323500
1<
1$
#324000
0$
#324500
02
1&
1=
1$
#325000
0$
#325500
1!
1'
03
1$
#326000
0$
#326500
0!
1)
1$
#327000
0$
#327500
1$
#328000
0$
#328100
0#
#328500
0<
1$
#329000
0$
#329500
12
0&
0=
1$
#330000
0$
#330500
0'
13
1$
#331000
0$
#331500
0)
1$
#332000
0$
#332500
1$
#333000
0$
#333100
1#
#333500
1<
1$
#334000
0$
#334500
02
1&
1=
1$
#335000
0$
#335500
1!
1'
03
1$
#336000
0$
#336500
0!
1)
1$
#337000
0$
#337500
1$
#338000
0$
#338100
0#
#338500
0<
1$
#339000
0$
#339500
12
0&
0=
1$
#340000
0$
#340500
0'
13
1$
#341000
0$
#341500
0)
1$
#342000
0$
#342500
1$
#343000
0$
#343100
1#
#343500
1<
1$
#344000
0$
#344500
02
1&
1=
1$
#345000
0$
#345500
1!
1'
03
1$
#346000
0$
#346500
0!
1)
1$
#347000
0$
#347500
1$
#348000
0$
#348100
0#
#348500
0<
1$
#349000
0$
#349500
12
0&
0=
1$
#350000
0$
#350500
0'
13
1$
#351000
0$
#351500
0)
1$
#352000
0$
#352500
1$
#353000
0$
#353100
1#
#353500
1<
1$
#354000
0$
#354500
02
1&
1=
1$
#355000
0$
#355500
1!
1'
03
1$
#356000
0$
#356500
0!
1)
1$
#357000
0$
#357500
1$
#358000
0$
#358500
1$
#359000
0$
#359500
1$
#360000
0$
#360500
1$
#361000
0$
#361500
1$
#362000
0$
#362500
1$
#363000
0$
#363500
1$
#364000
0$
#364500
1$
#365000
0$
#365500
1$
#366000
0$
#366500
1$
#367000
0$
#367500
1$
#368000
0$
#368500
1$
#369000
0$
#369500
1$
#370000
0$
#370500
1$
#371000
0$
#371500
1$
#372000
0$
#372500
1$
#373000
0$
#373500
1$
#374000
0$
#374500
1$
#375000
0$
#375500
1$
#376000
0$
#376500
1$
#377000
0$
#377500
1$
#378000
0$
#378500
1$
#379000
0$
#379500
1$
#380000
0$
#380500
1$
#381000
0$
#381500
1$
#382000
0$
#382500
1$
#383000
0$
#383500
1$
#384000
0$
#384500
1$
#385000
0$
#385500
1$
#386000
0$
#386500
1$
#387000
0$
#387500
1$
#388000
0$
#388500
1$
#389000
0$
#389500
1$
#390000
0$
#390500
1$
#391000
0$
#391500
1$
#392000
0$
#392500
1$
#393000
0$
#393500
1$
#394000
0$
#394500
1$
#395000
0$
#395500
1$
#396000
0$
#396500
1$
#397000
0$
#397500
1$
#398000
0$
#398500
1$
#399000
0$
#399500
1$
#400000
0$
#400500
1$
#401000
0$
#401500
1$
#402000
0$
#402500
1$
#403000
0$
#403500
1$
#404000
0$
#404500
1$
#405000
0$
#405500
1$
#406000
0$
#406500
1$
#407000
0$
#407500
1$
#408000
0$
#408500
1$
#409000
0$
#409500
1$
#410000
0$
#410500
1$
#411000
0$
#411500
1$
#412000
0$
#412500
1$
#413000
0$
#413500
1$
#414000
0$
#414500
1$
#415000
0$
#415500
1$
#416000
0$
#416500
1$
#417000
0$
#417500
1$
#418000
0$
#418500
1$
#419000
0$
#419500
1$
#420000
0$
#420500
1$
#421000
0$
#421500
1$
#422000
0$
#422500
1$
#423000
0$
#423500
1$
#424000
0$
#424500
1$
#425000
0$
#425500
1$
#426000
0$
#426500
1$
#427000
0$
#427500
1$
#428000
0$
#428500
1$
#429000
0$
#429500
1$
#430000
0$
#430500
1$
#431000
0$
#431500
1$
#432000
0$
#432500
1$
#433000
0$
#433500
1$
#434000
0$
#434500
1$
#435000
0$
#435500
1$
#436000
0$
#436500
1$
#437000
0$
#437500
1$
#438000
0$
#438500
1$
#439000
0$
#439500
1$
#440000
0$
#440500
1$
#441000
0$
#441500
1$
#442000
0$
#442500
1$
#443000
0$
#443500
1$
#444000
0$
#444500
1$
#445000
0$
#445500
1$
#446000
0$
#446500
1$
#447000
0$
#447500
1$
#448000
0$
#448500
1$
#449000
0$
#449500
1$
#450000
0$
#450500
1$
#451000
0$
#451500
1$
#452000
0$
#452500
1$
#453000
0$
#453500
1$
#454000
0$
#454500
1$
#455000
0$
#455500
1$
#456000
0$
#456500
1$
#457000
0$
#457500
1$
#458000
0$
#458500
1$
#459000
0$
#459500
1$
#460000
0$
#460500
1$
#461000
0$
#461500
1$
#462000
0$
#462500
1$
#463000
0$
#463500
1$
#464000
0$
#464500
1$
#465000
0$
#465500
1$
#466000
0$
#466500
1$
#467000
0$
#467500
1$
#468000
0$
#468500
1$
#469000
0$
#469500
1$
#470000
0$
#470500
1$
#471000
0$
#471500
1$
#472000
0$
#472500
1$
#473000
0$
#473500
1$
#474000
0$
#474500
1$
#475000
0$
#475500
1$
#476000
0$
#476500
1$
#477000
0$
#477500
1$
#478000
0$
#478500
1$
#479000
0$
#479500
1$
#480000
0$
#480500
1$
#481000
0$
#481500
1$
#482000
0$
#482500
1$
#483000
0$
#483500
1$
#484000
0$
#484500
1$
#485000
0$
#485500
1$
#486000
0$
#486500
1$
#487000
0$
#487500
1$
#488000
0$
#488500
1$
#489000
0$
#489500
1$
#490000
0$
#490500
1$
#491000
0$
#491500
1$
#492000
0$
#492500
1$
#493000
0$
#493500
1$
#494000
0$
#494500
1$
#495000
0$
#495500
1$
#496000
0$
#496500
1$
#497000
0$
#497500
1$
#498000
0$
#498500
1$
#499000
0$
#499500
1$
#500000
0$
#500500
1$
#501000
0$
#501500
1$
#502000
0$
#502500
1$
#503000
0$
#503500
1$
#504000
0$
#504500
1$
#505000
0$
#505500
1$
#506000
0$
#506500
1$
#507000
0$
#507500
1$
#508000
0$
#508500
1$
#509000
0$
#509500
1$
#510000
0$
#510500
1$
#511000
0$
#511500
1$
#512000
0$
#512500
1$
#513000
0$
#513500
1$
#514000
0$
#514500
1$
#515000
0$
#515500
1$
#516000
0$
#516500
1$
#517000
0$
#517500
1$
#518000
0$
#518500
1$
#519000
0$
#519500
1$
#520000
0$
#520500
1$
#521000
0$
#521500
1$
#522000
0$
#522500
1$
#523000
0$
#523500
1$
#524000
0$
#524500
1$
#525000
0$
#525500
1$
#526000
0$
#526500
1$
#527000
0$
#527500
1$
#528000
0$
#528500
1$
#529000
0$
#529500
1$
#530000
0$
#530500
1$
#531000
0$
#531500
1$
#532000
0$
#532500
1$
#533000
0$
#533500
1$
#534000
0$
#534500
1$
#535000
0$
#535500
1$
#536000
0$
#536500
1$
#537000
0$
#537500
1$
#538000
0$
#538500
1$
#539000
0$
#539500
1$
#540000
0$
#540500
1$
#541000
0$
#541500
1$
#542000
0$
#542500
1$
#543000
0$
#543500
1$
#544000
0$
#544500
1$
#545000
0$
#545500
1$
#546000
0$
#546500
1$
#547000
0$
#547500
1$
#548000
0$
#548500
1$
#549000
0$
#549500
1$
#550000
0$
#550500
1$
#551000
0$
#551500
1$
#552000
0$
#552500
1$
#553000
0$
#553500
1$
#554000
0$
#554500
1$
#555000
0$
#555500
1$
#556000
0$
#556500
1$
#557000
0$
#557500
1$
#558000
0$
#558500
1$
#559000
0$
#559500
1$
#560000
0$
#560500
1$
#561000
0$
#561500
1$
#562000
0$
#562500
1$
#563000
0$
#563500
1$
#564000
0$
#564500
1$
#565000
0$
#565500
1$
#566000
0$
#566500
1$
#567000
0$
#567500
1$
#568000
0$
#568500
1$
#569000
0$
#569500
1$
#570000
0$
#570500
1$
#571000
0$
#571500
1$
#572000
0$
#572500
1$
#573000
0$
#573500
1$
#574000
0$
#574500
1$
#575000
0$
#575500
1$
#576000
0$
#576500
1$
#577000
0$
#577500
1$
#578000
0$
#578500
1$
#579000
0$
#579500
1$
#580000
0$
#580500
1$
#581000
0$
#581500
1$
#582000
0$
#582500
1$
#583000
0$
#583500
1$
#584000
0$
#584500
1$
#585000
0$
#585500
1$
#586000
0$
#586500
1$
#587000
0$
#587500
1$
#588000
0$
#588500
1$
#589000
0$
#589500
1$
#590000
0$
#590500
1$
#591000
0$
#591500
1$
#592000
0$
#592500
1$
#593000
0$
#593500
1$
#594000
0$
#594500
1$
#595000
0$
#595500
1$
#596000
0$
#596500
1$
#597000
0$
#597500
1$
#598000
0$
#598500
1$
#599000
0$
#599500
1$
#600000
0$
#600500
1$
#601000
0$
#601500
1$
#602000
0$
#602500
1$
#603000
0$
#603500
1$
#604000
0$
#604500
1$
#605000
0$
#605500
1$
#606000
0$
#606500
1$
#607000
0$
#607500
1$
#608000
0$
#608500
1$
#609000
0$
#609500
1$
#610000
0$
#610500
1$
#611000
0$
#611500
1$
#612000
0$
#612500
1$
#613000
0$
#613500
1$
#614000
0$
#614500
1$
#615000
0$
#615500
1$
#616000
0$
#616500
1$
#617000
0$
#617500
1$
#618000
0$
#618500
1$
#619000
0$
#619500
1$
#620000
0$
#620500
1$
#621000
0$
#621500
1$
#622000
0$
#622500
1$
#623000
0$
#623500
1$
#624000
0$
#624500
1$
#625000
0$
#625500
1$
#626000
0$
#626500
1$
#627000
0$
#627500
1$
#628000
0$
#628500
1$
#629000
0$
#629500
1$
#630000
0$
#630500
1$
#631000
0$
#631500
1$
#632000
0$
#632500
1$
#633000
0$
#633500
1$
#634000
0$
#634500
1$
#635000
0$
#635500
1$
#636000
0$
#636500
1$
#637000
0$
#637500
1$
#638000
0$
#638500
1$
#639000
0$
#639500
1$
#640000
0$
#640500
1$
#641000
0$
#641500
1$
#642000
0$
#642500
1$
#643000
0$
#643500
1$
#644000
0$
#644500
1$
#645000
0$
#645500
1$
#646000
0$
#646500
1$
#647000
0$
#647500
1$
#648000
0$
#648500
1$
#649000
0$
#649500
1$
#650000
0$
#650500
1$
#651000
0$
#651500
1$
#652000
0$
#652500
1$
#653000
0$
#653500
1$
#654000
0$
#654500
1$
#655000
0$
#655500
1$
#656000
0$
#656500
1$
#657000
0$
#657500
1$
#658000
0$
#658500
1$
#659000
0$
#659500
1$
#660000
0$
#660500
1$
#661000
0$
#661500
1$
#662000
0$
#662500
1$
#663000
0$
#663500
1$
#664000
0$
#664500
1$
#665000
0$
#665500
1$
#666000
0$
#666500
1$
#667000
0$
#667500
1$
#668000
0$
#668500
1$
#669000
0$
#669500
1$
#670000
0$
#670500
1$
#671000
0$
#671500
1$
#672000
0$
#672500
1$
#673000
0$
#673500
1$
#674000
0$
#674500
1$
#675000
0$
#675500
1$
#676000
0$
#676500
1$
#677000
0$
#677500
1$
#678000
0$
#678500
1$
#679000
0$
#679500
1$
#680000
0$
#680500
1$
#681000
0$
#681500
1$
#682000
0$
#682500
1$
#683000
0$
#683500
1$
#684000
0$
#684500
1$
#685000
0$
#685500
1$
#686000
0$
#686500
1$
#687000
0$
#687500
1$
#688000
0$
#688500
1$
#689000
0$
#689500
1$
#690000
0$
#690500
1$
#691000
0$
#691500
1$
#692000
0$
#692500
1$
#693000
0$
#693500
1$
#694000
0$
#694500
1$
#695000
0$
#695500
1$
#696000
0$
#696500
1$
#697000
0$
#697500
1$
#698000
0$
#698500
1$
#699000
0$
#699500
1$
#700000
0$
#700500
1$
#701000
0$
#701500
1$
#702000
0$
#702500
1$
#703000
0$
#703500
1$
#704000
0$
#704500
1$
#705000
0$
#705500
1$
#706000
0$
#706500
1$
#707000
0$
#707500
1$
#708000
0$
#708500
1$
#709000
0$
#709500
1$
#710000
0$
#710500
1$
#711000
0$
#711500
1$
#712000
0$
#712500
1$
#713000
0$
#713500
1$
#714000
0$
#714500
1$
#715000
0$
#715500
1$
#716000
0$
#716500
1$
#717000
0$
#717500
1$
#718000
0$
#718500
1$
#719000
0$
#719500
1$
#720000
0$
#720500
1$
#721000
0$
#721500
1$
#722000
0$
#722500
1$
#723000
0$
#723500
1$
#724000
0$
#724500
1$
#725000
0$
#725500
1$
#726000
0$
#726500
1$
#727000
0$
#727500
1$
#728000
0$
#728500
1$
#729000
0$
#729500
1$
#730000
0$
#730500
1$
#731000
0$
#731500
1$
#732000
0$
#732500
1$
#733000
0$
#733500
1$
#734000
0$
#734500
1$
#735000
0$
#735500
1$
#736000
0$
#736500
1$
#737000
0$
#737500
1$
#738000
0$
#738500
1$
#739000
0$
#739500
1$
#740000
0$
#740500
1$
#741000
0$
#741500
1$
#742000
0$
#742500
1$
#743000
0$
#743500
1$
#744000
0$
#744500
1$
#745000
0$
#745500
1$
#746000
0$
#746500
1$
#747000
0$
#747500
1$
#748000
0$
#748500
1$
#749000
0$
#749500
1$
#750000
0$
#750500
1$
#751000
0$
#751500
1$
#752000
0$
#752500
1$
#753000
0$
#753500
1$
#754000
0$
#754500
1$
#755000
0$
#755500
1$
#756000
0$
#756500
1$
#757000
0$
#757500
1$
#758000
0$
#758500
1$
#759000
0$
#759500
1$
#760000
0$
#760500
1$
#761000
0$
#761500
1$
#762000
0$
#762500
1$
#763000
0$
#763500
1$
#764000
0$
#764500
1$
#765000
0$
#765500
1$
#766000
0$
#766500
1$
#767000
0$
#767500
1$
#768000
0$
#768500
1$
#769000
0$
#769500
1$
#770000
0$
#770500
1$
#771000
0$
#771500
1$
#772000
0$
#772500
1$
#773000
0$
#773500
1$
#774000
0$
#774500
1$
#775000
0$
#775500
1$
#776000
0$
#776500
1$
#777000
0$
#777500
1$
#778000
0$
#778500
1$
#779000
0$
#779500
1$
#780000
0$
#780500
1$
#781000
0$
#781500
1$
#782000
0$
#782500
1$
#783000
0$
#783500
1$
#784000
0$
#784500
1$
#785000
0$
#785500
1$
#786000
0$
#786500
1$
#787000
0$
#787500
1$
#788000
0$
#788500
1$
#789000
0$
#789500
1$
#790000
0$
#790500
1$
#791000
0$
#791500
1$
#792000
0$
#792500
1$
#793000
0$
#793500
1$
#794000
0$
#794500
1$
#795000
0$
#795500
1$
#796000
0$
#796500
1$
#797000
0$
#797500
1$
#798000
0$
#798500
1$
#799000
0$
#799500
1$
#800000
0$
#800500
1$
#801000
0$
#801500
1$
#802000
0$
#802500
1$
#803000
0$
#803500
1$
#804000
0$
#804500
1$
#805000
0$
#805500
1$
#806000
0$
#806500
1$
#807000
0$
#807500
1$
#808000
0$
#808500
1$
#809000
0$
#809500
1$
#810000
0$
#810500
1$
#811000
0$
#811500
1$
#812000
0$
#812500
1$
#813000
0$
#813500
1$
#814000
0$
#814500
1$
#815000
0$
#815500
1$
#816000
0$
#816500
1$
#817000
0$
#817500
1$
#818000
0$
#818500
1$
#819000
0$
#819500
1$
#820000
0$
#820500
1$
#821000
0$
#821500
1$
#822000
0$
#822500
1$
#823000
0$
#823500
1$
#824000
0$
#824500
1$
#825000
0$
#825500
1$
#826000
0$
#826500
1$
#827000
0$
#827500
1$
#828000
0$
#828500
1$
#829000
0$
#829500
1$
#830000
0$
#830500
1$
#831000
0$
#831500
1$
#832000
0$
#832500
1$
#833000
0$
#833500
1$
#834000
0$
#834500
1$
#835000
0$
#835500
1$
#836000
0$
#836500
1$
#837000
0$
#837500
1$
#838000
0$
#838500
1$
#839000
0$
#839500
1$
#840000
0$
#840500
1$
#841000
0$
#841500
1$
#842000
0$
#842500
1$
#843000
0$
#843500
1$
#844000
0$
#844500
1$
#845000
0$
#845500
1$
#846000
0$
#846500
1$
#847000
0$
#847500
1$
#848000
0$
#848500
1$
#849000
0$
#849500
1$
#850000
0$
#850500
1$
#851000
0$
#851500
1$
#852000
0$
#852500
1$
#853000
0$
#853500
1$
#854000
0$
#854500
1$
#855000
0$
#855500
1$
#856000
0$
#856500
1$
#857000
0$
#857500
1$
#858000
0$
#858500
1$
#859000
0$
#859500
1$
#860000
0$
#860500
1$
#861000
0$
#861500
1$
#862000
0$
#862500
1$
#863000
0$
#863500
1$
#864000
0$
#864500
1$
#865000
0$
#865500
1$
#866000
0$
#866500
1$
#867000
0$
#867500
1$
#868000
0$
#868500
1$
#869000
0$
#869500
1$
#870000
0$
#870500
1$
#871000
0$
#871500
1$
#872000
0$
#872500
1$
#873000
0$
#873500
1$
#874000
0$
#874500
1$
#875000
0$
#875500
1$
#876000
0$
#876500
1$
#877000
0$
#877500
1$
#878000
0$
#878500
1$
#879000
0$
#879500
1$
#880000
0$
#880500
1$
#881000
0$
#881500
1$
#882000
0$
#882500
1$
#883000
0$
#883500
1$
#884000
0$
#884500
1$
#885000
0$
#885500
1$
#886000
0$
#886500
1$
#887000
0$
#887500
1$
#888000
0$
#888500
1$
#889000
0$
#889500
1$
#890000
0$
#890500
1$
#891000
0$
#891500
1$
#892000
0$
#892500
1$
#893000
0$
#893500
1$
#894000
0$
#894500
1$
#895000
0$
#895500
1$
#896000
0$
#896500
1$
#897000
0$
#897500
1$
#898000
0$
#898500
1$
#899000
0$
#899500
1$
#900000
0$
#900500
1$
#901000
0$
#901500
1$
#902000
0$
#902500
1$
#903000
0$
#903500
1$
#904000
0$
#904500
1$
#905000
0$
#905500
1$
#906000
0$
#906500
1$
#907000
0$
#907500
1$
#908000
0$
#908500
1$
#909000
0$
#909500
1$
#910000
0$
#910500
1$
#911000
0$
#911500
1$
#912000
0$
#912500
1$
#913000
0$
#913500
1$
#914000
0$
#914500
1$
#915000
0$
#915500
1$
#916000
0$
#916500
1$
#917000
0$
#917500
1$
#918000
0$
#918500
1$
#919000
0$
#919500
1$
#920000
0$
#920500
1$
#921000
0$
#921500
1$
#922000
0$
#922500
1$
#923000
0$
#923500
1$
#924000
0$
#924500
1$
#925000
0$
#925500
1$
#926000
0$
#926500
1$
#927000
0$
#927500
1$
#928000
0$
#928500
1$
#929000
0$
#929500
1$
#930000
0$
#930500
1$
#931000
0$
#931500
1$
#932000
0$
#932500
1$
#933000
0$
#933500
1$
#934000
0$
#934500
1$
#935000
0$
#935500
1$
#936000
0$
#936500
1$
#937000
0$
#937500
1$
#938000
0$
#938500
1$
#939000
0$
#939500
1$
#940000
0$
#940500
1$
#941000
0$
#941500
1$
#942000
0$
#942500
1$
#943000
0$
#943500
1$
#944000
0$
#944500
1$
#945000
0$
#945500
1$
#946000
0$
#946500
1$
#947000
0$
#947500
1$
#948000
0$
#948500
1$
#949000
0$
#949500
1$
#950000
0$
#950500
1$
#951000
0$
#951500
1$
#952000
0$
#952500
1$
#953000
0$
#953500
1$
#954000
0$
#954500
1$
#955000
0$
#955500
1$
#956000
0$
#956500
1$
#957000
0$
#957500
1$
#958000
0$
#958500
1$
#959000
0$
#959500
1$
#960000
0$
#960500
1$
#961000
0$
#961500
1$
#962000
0$
#962500
1$
#963000
0$
#963500
1$
#964000
0$
#964500
1$
#965000
0$
#965500
1$
#966000
0$
#966500
1$
#967000
0$
#967500
1$
#968000
0$
#968500
1$
#969000
0$
#969500
1$
#970000
0$
#970500
1$
#971000
0$
#971500
1$
#972000
0$
#972500
1$
#973000
0$
#973500
1$
#974000
0$
#974500
1$
#975000
0$
#975500
1$
#976000
0$
#976500
1$
#977000
0$
#977500
1$
#978000
0$
#978500
1$
#979000
0$
#979500
1$
#980000
0$
#980500
1$
#981000
0$
#981500
1$
#982000
0$
#982500
1$
#983000
0$
#983500
1$
#984000
0$
#984500
1$
#985000
0$
#985500
1$
#986000
0$
#986500
1$
#987000
0$
#987500
1$
#988000
0$
#988500
1$
#989000
0$
#989500
1$
#990000
0$
#990500
1$
#991000
0$
#991500
1$
#992000
0$
#992500
1$
#993000
0$
#993500
1$
#994000
0$
#994500
1$
#995000
0$
#995500
1$
#996000
0$
#996500
1$
#997000
0$
#997500
1$
#998000
0$
#998500
1$
#999000
0$
#999500
1$
#1000000
0$
#1000500
1$
#1001000
0$
#1001500
1$
#1002000
0$
#1002500
1$
#1003000
0$
#1003500
1$
#1004000
0$
#1004500
1$
#1005000
0$
#1005500
1$
#1006000
0$
#1006500
1$
#1007000
0$
#1007500
1$
#1008000
0$
#1008500
1$
#1009000
0$
#1009500
1$
#1010000
0$
#1010500
1$
#1011000
0$
#1011500
1$
#1012000
0$
#1012500
1$
#1013000
0$
#1013500
1$
#1014000
0$
#1014500
1$
#1015000
0$
#1015500
1$
#1016000
0$
#1016500
1$
#1017000
0$
#1017500
1$
#1018000
0$
#1018500
1$
#1019000
0$
#1019500
1$
#1020000
0$
#1020500
1$
#1021000
0$
#1021500
1$
#1022000
0$
#1022500
1$
#1023000
0$
#1023500
1$
#1024000
0$
#1024500
1$
#1025000
0$
#1025500
1$
#1026000
0$
#1026500
1$
#1027000
0$
#1027500
1$
#1028000
0$
#1028500
1$
#1029000
0$
#1029500
1$
#1030000
0$
#1030500
1$
#1031000
0$
#1031500
1$
#1032000
0$
#1032500
1$
#1033000
0$
#1033500
1$
#1034000
0$
#1034500
1$
#1035000
0$
#1035500
1$
#1036000
0$
#1036500
1$
#1037000
0$
#1037500
1$
#1038000
0$
#1038500
1$
#1039000
0$
#1039500
1$
#1040000
0$
#1040500
1$
#1041000
0$
#1041500
1$
#1042000
0$
#1042500
1$
#1043000
0$
#1043500
1$
#1044000
0$
#1044500
1$
#1045000
0$
#1045500
1$
#1046000
0$
#1046500
1$
#1047000
0$
#1047500
1$
#1048000
0$
#1048500
1$
#1049000
0$
#1049500
1$
#1050000
0$
#1050500
1$
#1051000
0$
#1051500
1$
#1052000
0$
#1052500
1$
#1053000
0$
#1053500
1$
#1054000
0$
#1054500
1$
#1055000
0$
#1055500
1$
#1056000
0$
#1056500
1$
#1057000
0$
#1057500
1$
#1058000
0$
#1058500
1$
#1059000
0$
#1059500
1$
#1060000
0$
#1060500
1$
#1061000
0$
#1061500
1$
#1062000
0$
#1062500
1$
#1063000
0$
#1063500
1$
#1064000
0$
#1064500
1$
#1065000
0$
#1065500
1$
#1066000
0$
#1066500
1$
#1067000
0$
#1067500
1$
#1068000
0$
#1068500
1$
#1069000
0$
#1069500
1$
#1070000
0$
#1070500
1$
#1071000
0$
#1071500
1$
#1072000
0$
#1072500
1$
#1073000
0$
#1073500
1$
#1074000
0$
#1074500
1$
#1075000
0$
#1075500
1$
#1076000
0$
#1076500
1$
#1077000
0$
#1077500
1$
#1078000
0$
#1078500
1$
#1079000
0$
#1079500
1$
#1080000
0$
#1080500
1$
#1081000
0$
#1081500
1$
#1082000
0$
#1082500
1$
#1083000
0$
#1083500
1$
#1084000
0$
#1084500
1$
#1085000
0$
#1085500
1$
#1086000
0$
#1086500
1$
#1087000
0$
#1087500
1$
#1088000
0$
#1088500
1$
#1089000
0$
#1089500
1$
#1090000
0$
#1090500
1$
#1091000
0$
#1091500
1$
#1092000
0$
#1092500
1$
#1093000
0$
#1093500
1$
#1094000
0$
#1094500
1$
#1095000
0$
#1095500
1$
#1096000
0$
#1096500
1$
#1097000
0$
#1097500
1$
#1098000
0$
#1098500
1$
#1099000
0$
#1099500
1$
#1100000
0$
#1100500
1$
#1101000
0$
#1101500
1$
#1102000
0$
#1102500
1$
#1103000
0$
#1103500
1$
#1104000
0$
#1104500
1$
#1105000
0$
#1105500
1$
#1106000
0$
#1106500
1$
#1107000
0$
#1107500
1$
#1108000
0$
#1108500
1$
#1109000
0$
#1109500
1$
#1110000
0$
#1110500
1$
#1111000
0$
#1111500
1$
#1112000
0$
#1112500
1$
#1113000
0$
#1113500
1$
#1114000
0$
#1114500
1$
#1115000
0$
#1115500
1$
#1116000
0$
#1116500
1$
#1117000
0$
#1117500
1$
#1118000
0$
#1118500
1$
#1119000
0$
#1119500
1$
#1120000
0$
#1120500
1$
#1121000
0$
#1121500
1$
#1122000
0$
#1122500
1$
#1123000
0$
#1123500
1$
#1124000
0$
#1124500
1$
#1125000
0$
#1125500
1$
#1126000
0$
#1126500
1$
#1127000
0$
#1127500
1$
#1128000
0$
#1128500
1$
#1129000
0$
#1129500
1$
#1130000
0$
#1130500
1$
#1131000
0$
#1131500
1$
#1132000
0$
#1132500
1$
#1133000
0$
#1133500
1$
#1134000
0$
#1134500
1$
#1135000
0$
#1135500
1$
#1136000
0$
#1136500
1$
#1137000
0$
#1137500
1$
#1138000
0$
#1138500
1$
#1139000
0$
#1139500
1$
#1140000
0$
#1140500
1$
#1141000
0$
#1141500
1$
#1142000
0$
#1142500
1$
#1143000
0$
#1143500
1$
#1144000
0$
#1144500
1$
#1145000
0$
#1145500
1$
#1146000
0$
#1146500
1$
#1147000
0$
#1147500
1$
#1148000
0$
#1148500
1$
#1149000
0$
#1149500
1$
#1150000
0$
#1150500
1$
#1151000
0$
#1151500
1$
#1152000
0$
#1152500
1$
#1153000
0$
#1153500
1$
#1154000
0$
#1154500
1$
#1155000
0$
#1155500
1$
#1156000
0$
#1156500
1$
#1157000
0$
#1157500
1$
#1158000
0$
#1158500
1$
#1159000
0$
#1159500
1$
#1160000
0$
#1160500
1$
#1161000
0$
#1161500
1$
#1162000
0$
#1162500
1$
#1163000
0$
#1163500
1$
#1164000
0$
#1164500
1$
#1165000
0$
#1165500
1$
#1166000
0$
#1166500
1$
#1167000
0$
#1167500
1$
#1168000
0$
#1168500
1$
#1169000
0$
#1169500
1$
#1170000
0$
#1170500
1$
#1171000
0$
#1171500
1$
#1172000
0$
#1172500
1$
#1173000
0$
#1173500
1$
#1174000
0$
#1174500
1$
#1175000
0$
#1175500
1$
#1176000
0$
#1176500
1$
#1177000
0$
#1177500
1$
#1178000
0$
#1178500
1$
#1179000
0$
#1179500
1$
#1180000
0$
#1180500
1$
#1181000
0$
#1181500
1$
#1182000
0$
#1182500
1$
#1183000
0$
#1183500
1$
#1184000
0$
#1184500
1$
#1185000
0$
#1185500
1$
#1186000
0$
#1186500
1$
#1187000
0$
#1187500
1$
#1188000
0$
#1188500
1$
#1189000
0$
#1189500
1$
#1190000
0$
#1190500
1$
#1191000
0$
#1191500
1$
#1192000
0$
#1192500
1$
#1193000
0$
#1193500
1$
#1194000
0$
#1194500
1$
#1195000
0$
#1195500
1$
#1196000
0$
#1196500
1$
#1197000
0$
#1197500
1$
#1198000
0$
#1198500
1$
#1199000
0$
#1199500
1$
#1200000
0$
#1200500
1$
#1201000
0$
#1201500
1$
#1202000
0$
#1202500
1$
#1203000
0$
#1203500
1$
#1204000
0$
#1204500
1$
#1205000
0$
#1205500
1$
#1206000
0$
#1206500
1$
#1207000
0$
#1207500
1$
#1208000
0$
#1208500
1$
#1209000
0$
#1209500
1$
#1210000
0$
#1210500
1$
#1211000
0$
#1211500
1$
#1212000
0$
#1212500
1$
#1213000
0$
#1213500
1$
#1214000
0$
#1214500
1$
#1215000
0$
#1215500
1$
#1216000
0$
#1216500
1$
#1217000
0$
#1217500
1$
#1218000
0$
#1218500
1$
#1219000
0$
#1219500
1$
#1220000
0$
#1220500
1$
#1221000
0$
#1221500
1$
#1222000
0$
#1222500
1$
#1223000
0$
#1223500
1$
#1224000
0$
#1224500
1$
#1225000
0$
#1225500
1$
#1226000
0$
#1226500
1$
#1227000
0$
#1227500
1$
#1228000
0$
#1228500
1$
#1229000
0$
#1229500
1$
#1230000
0$
#1230500
1$
#1231000
0$
#1231500
1$
#1232000
0$
#1232500
1$
#1233000
0$
#1233500
1$
#1234000
0$
#1234500
1$
#1235000
0$
#1235500
1$
#1236000
0$
#1236500
1$
#1237000
0$
#1237500
1$
#1238000
0$
#1238500
1$
#1239000
0$
#1239500
1$
#1240000
0$
#1240500
1$
#1241000
0$
#1241500
1$
#1242000
0$
#1242500
1$
#1243000
0$
#1243500
1$
#1244000
0$
#1244500
1$
#1245000
0$
#1245500
1$
#1246000
0$
#1246500
1$
#1247000
0$
#1247500
1$
#1248000
0$
#1248500
1$
#1249000
0$
#1249500
1$
#1250000
0$
#1250500
1$
#1251000
0$
#1251500
1$
#1252000
0$
#1252500
1$
#1253000
0$
#1253500
1$
#1254000
0$
#1254500
1$
#1255000
0$
#1255500
1$
#1256000
0$
#1256500
1$
#1257000
0$
#1257500
1$
#1258000
0$
#1258500
1$
#1259000
0$
#1259500
1$
#1260000
0$
#1260500
1$
#1261000
0$
#1261500
1$
#1262000
0$
#1262500
1$
#1263000
0$
#1263100
0#
#1263500
0<
1$
#1264000
0$
#1264500
12
0&
0=
1$
#1265000
0$
#1265500
0'
13
1$
#1266000
0$
#1266500
0)
1$
#1267000
0$
#1267500
1$
#1268000
0$
#1268100
1#
#1268500
1<
1$
#1269000
0$
#1269500
02
1&
1=
1$
#1270000
0$
#1270500
1!
1'
03
1$
#1271000
0$
#1271500
0!
1)
1$
#1272000
0$
#1272500
1$
#1273000
0$
#1273100
0#
#1273500
0<
1$
#1274000
0$
#1274500
12
0&
0=
1$
#1275000
0$
#1275500
0'
13
1$
#1276000
0$
#1276500
0)
1$
#1277000
0$
#1277500
1$
#1278000
0$
#1278100
1#
#1278500
1<
1$
#1279000
0$
#1279500
02
1&
1=
1$
#1280000
0$
#1280500
1!
1'
03
1$
#1281000
0$
#1281500
0!
1)
1$
#1282000
0$
#1282500
1$
#1283000
0$
#1283100
0#
#1283500
0<
1$
#1284000
0$
#1284500
12
0&
0=
1$
#1285000
0$
#1285500
0'
13
1$
#1286000
0$
#1286500
0)
1$
#1287000
0$
#1287500
1$
#1288000
0$
#1288100
1#
#1288500
1<
1$
#1289000
0$
#1289500
02
1&
1=
1$
#1290000
0$
#1290500
1!
1'
03
1$
#1291000
0$
#1291500
0!
1)
1$
#1292000
0$
#1292500
1$
#1293000
0$
#1293100
0#
#1293500
0<
1$
#1294000
0$
#1294500
12
0&
0=
1$
#1295000
0$
#1295500
0'
13
1$
#1296000
0$
#1296500
0)
1$
#1297000
0$
#1297500
1$
#1298000
0$
#1298100
1#
#1298500
1<
1$
#1299000
0$
#1299500
02
1&
1=
1$
#1300000
0$
#1300500
1!
1'
03
1$
#1301000
0$
#1301500
0!
1)
1$
#1302000
0$
#1302500
1$
#1303000
0$
#1303100
0#
#1303500
0<
1$
#1304000
0$
#1304500
12
0&
0=
1$
#1305000
0$
#1305500
0'
13
1$
#1306000
0$
#1306500
0)
1$
#1307000
0$
#1307500
1$
#1308000
0$
#1308100
1#
#1308500
1<
1$
#1309000
0$
#1309500
02
1&
1=
1$
#1310000
0$
#1310500
1!
1'
03
1$
#1311000
0$
#1311500
0!
1)
1$
#1312000
0$
#1312500
1$
#1313000
0$
#1313100
0#
#1313500
0<
1$
#1314000
0$
#1314500
12
0&
0=
1$
#1315000
0$
#1315500
0'
13
1$
#1316000
0$
#1316500
0)
1$
#1317000
0$
#1317500
1$
#1318000
0$
#1318100
1#
#1318500
1<
1$
#1319000
0$
#1319500
02
1&
1=
1$
#1320000
0$
#1320500
1!
1'
03
1$
#1321000
0$
#1321500
0!
1)
1$
#1322000
0$
#1322500
1$
#1323000
0$
#1323100
0#
#1323500
0<
1$
#1324000
0$
#1324500
12
0&
0=
1$
#1325000
0$
#1325500
0'
13
1$
#1326000
0$
#1326500
0)
1$
#1327000
0$
#1327500
1$
#1328000
0$
#1328100
1#
#1328500
1<
1$
#1329000
0$
#1329500
02
1&
1=
1$
#1330000
0$
#1330500
1!
1'
03
1$
#1331000
0$
#1331500
0!
1)
1$
#1332000
0$
#1332500
1$
#1333000
0$
#1333100
0#
#1333500
0<
1$
#1334000
0$
#1334500
12
0&
0=
1$
#1335000
0$
#1335500
0'
13
1$
#1336000
0$
#1336500
0)
1$
#1337000
0$
#1337500
1$
#1338000
0$
#1338100
1#
#1338500
1<
1$
#1339000
0$
#1339500
02
1&
1=
1$
#1340000
0$
#1340500
1!
1'
03
1$
#1341000
0$
#1341500
0!
1)
1$
#1342000
0$
#1342500
1$
#1343000
0$
#1343100
0#
#1343500
0<
1$
#1344000
0$
#1344500
12
0&
0=
1$
#1345000
0$
#1345500
0'
13
1$
#1346000
0$
#1346500
0)
1$
#1347000
0$
#1347500
1$
#1348000
0$
#1348100
1#
#1348500
1<
1$
#1349000
0$
#1349500
02
1&
1=
1$
#1350000
0$
#1350500
1!
1'
03
1$
#1351000
0$
#1351500
0!
1)
1$
#1352000
0$
#1352500
1$
#1353000
0$
#1353100
0#
#1353500
0<
1$
#1354000
0$
#1354500
12
0&
0=
1$
#1355000
0$
#1355500
0'
13
1$
#1356000
0$
#1356500
0)
1$
#1357000
0$
#1357500
1$
#1358000
0$
#1358100
1#
#1358500
1<
1$
#1359000
0$
#1359500
02
1&
1=
1$
#1360000
0$
#1360500
1!
1'
03
1$
#1361000
0$
#1361500
0!
1)
1$
#1362000
0$
#1362500
1$
#1363000
0$
#1363100
0#
#1363500
0<
1$
#1364000
0$
#1364500
12
0&
0=
1$
#1365000
0$
#1365500
0'
13
1$
#1366000
0$
#1366500
0)
1$
#1367000
0$
#1367500
1$
#1368000
0$
#1368100
1#
#1368500
1<
1$
#1369000
0$
#1369500
02
1&
1=
1$
#1370000
0$
#1370500
1!
1'
03
1$
#1371000
0$
#1371500
0!
1)
1$
#1372000
0$
#1372500
1$
#1373000
0$
#1373100
0#
#1373500
0<
1$
#1374000
0$
#1374500
12
0&
0=
1$
#1375000
0$
#1375500
0'
13
1$
#1376000
0$
#1376500
0)
1$
#1377000
0$
#1377500
1$
#1378000
0$
#1378100
1#
#1378500
1<
1$
#1379000
0$
#1379500
02
1&
1=
1$
#1380000
0$
#1380500
1!
1'
03
1$
#1381000
0$
#1381500
0!
1)
1$
#1382000
0$
#1382500
1$
#1383000
0$
#1383100
0#
#1383500
0<
1$
#1384000
0$
#1384500
12
0&
0=
1$
#1385000
0$
#1385500
0'
13
1$
#1386000
0$
#1386500
0)
1$
#1387000
0$
#1387500
1$
#1388000
0$
#1388100
1#
#1388500
1<
1$
#1389000
0$
#1389500
02
1&
1=
1$
#1390000
0$
#1390500
1!
1'
03
1$
#1391000
0$
#1391500
0!
1)
1$
#1392000
0$
#1392500
1$
#1393000
0$
#1393100
0#
#1393500
0<
1$
#1394000
0$
#1394500
12
0&
0=
1$
#1395000
0$
#1395500
0'
13
1$
#1396000
0$
#1396500
0)
1$
#1397000
0$
#1397500
1$
#1398000
0$
#1398100
1#
#1398500
1<
1$
#1399000
0$
#1399500
02
1&
1=
1$
#1400000
0$
#1400500
1!
1'
03
1$
#1401000
0$
#1401500
0!
1)
1$
#1402000
0$
#1402500
1$
#1403000
0$
#1403100
0#
#1403500
0<
1$
#1404000
0$
#1404500
12
0&
0=
1$
#1405000
0$
#1405500
0'
13
1$
#1406000
0$
#1406500
0)
1$
#1407000
0$
#1407500
1$
#1408000
0$
#1408100
1#
#1408500
1<
1$
#1409000
0$
#1409500
02
1&
1=
1$
#1410000
0$
#1410500
1!
1'
03
1$
#1411000
0$
#1411500
0!
1)
1$
#1412000
0$
#1412500
1$
#1413000
0$
#1413100
0#
#1413500
0<
1$
#1414000
0$
#1414500
12
0&
0=
1$
#1415000
0$
#1415500
0'
13
1$
#1416000
0$
#1416500
0)
1$
#1417000
0$
#1417500
1$
#1418000
0$
#1418100
1#
#1418500
1<
1$
#1419000
0$
#1419500
02
1&
1=
1$
#1420000
0$
#1420500
1!
1'
03
1$
#1421000
0$
#1421500
0!
1)
1$
#1422000
0$
#1422500
1$
#1423000
0$
#1423100
0#
#1423500
0<
1$
#1424000
0$
#1424500
12
0&
0=
1$
#1425000
0$
#1425500
0'
13
1$
#1426000
0$
#1426500
0)
1$
#1427000
0$
#1427500
1$
#1428000
0$
#1428100
1#
#1428500
1<
1$
#1429000
0$
#1429500
02
1&
1=
1$
#1430000
0$
#1430500
1!
1'
03
1$
#1431000
0$
#1431500
0!
1)
1$
#1432000
0$
#1432500
1$
#1433000
0$
#1433100
0#
#1433500
0<
1$
#1434000
0$
#1434500
12
0&
0=
1$
#1435000
0$
#1435500
0'
13
1$
#1436000
0$
#1436500
0)
1$
#1437000
0$
#1437500
1$
#1438000
0$
#1438100
1#
#1438500
1<
1$
#1439000
0$
#1439500
02
1&
1=
1$
#1440000
0$
#1440500
1!
1'
03
1$
#1441000
0$
#1441500
0!
1)
1$
#1442000
0$
#1442500
1$
#1443000
0$
#1443100
0#
#1443500
0<
1$
#1444000
0$
#1444500
12
0&
0=
1$
#1445000
0$
#1445500
0'
13
1$
#1446000
0$
#1446500
0)
1$
#1447000
0$
#1447500
1$
#1448000
0$
#1448100
1#
#1448500
1<
1$
#1449000
0$
#1449500
02
1&
1=
1$
#1450000
0$
#1450500
1!
1'
03
1$
#1451000
0$
#1451500
0!
1)
1$
#1452000
0$
#1452500
1$
#1453000
0$
#1453100
0#
#1453500
0<
1$
#1454000
0$
#1454500
12
0&
0=
1$
#1455000
0$
#1455500
0'
13
1$
#1456000
0$
#1456500
0)
1$
#1457000
0$
#1457500
1$
#1458000
0$
#1458100
1#
#1458500
1<
1$
#1459000
0$
#1459500
02
1&
1=
1$
#1460000
0$
#1460500
1!
1'
03
1$
#1461000
0$
#1461500
0!
1)
1$
#1462000
0$
#1462500
1$
#1463000
0$
#1463100
0#
#1463500
0<
1$
#1464000
0$
#1464500
12
0&
0=
1$
#1465000
0$
#1465500
0'
13
1$
#1466000
0$
#1466500
0)
1$
#1467000
0$
#1467500
1$
#1468000
0$
#1468100
1#
#1468500
1<
1$
#1469000
0$
#1469500
02
1&
1=
1$
#1470000
0$
#1470500
1!
1'
03
1$
#1471000
0$
#1471500
0!
1)
1$
#1472000
0$
#1472500
1$
#1473000
0$
#1473100
0#
#1473500
0<
1$
#1474000
0$
#1474500
12
0&
0=
1$
#1475000
0$
#1475500
0'
13
1$
#1476000
0$
#1476500
0)
1$
#1477000
0$
#1477500
1$
#1478000
0$
#1478100
1#
#1478500
1<
1$
#1479000
0$
#1479500
02
1&
1=
1$
#1480000
0$
#1480500
1!
1'
03
1$
#1481000
0$
#1481500
0!
1)
1$
#1482000
0$
#1482500
1$
#1483000
0$
#1483100
0#
#1483500
0<
1$
#1484000
0$
#1484500
12
0&
0=
1$
#1485000
0$
#1485500
0'
13
1$
#1486000
0$
#1486500
0)
1$
#1487000
0$
#1487500
1$
#1488000
0$
#1488100
1#
#1488500
1<
1$
#1489000
0$
#1489500
02
1&
1=
1$
#1490000
0$
#1490500
1!
1'
03
1$
#1491000
0$
#1491500
0!
1)
1$
#1492000
0$
#1492500
1$
#1493000
0$
#1493100
0#
#1493500
0<
1$
#1494000
0$
#1494500
12
0&
0=
1$
#1495000
0$
#1495500
0'
13
1$
#1496000
0$
#1496500
0)
1$
#1497000
0$
#1497500
1$
#1498000
0$
#1498100
1#
#1498500
1<
1$
#1499000
0$
#1499500
02
1&
1=
1$
#1500000
0$
#1500500
1!
1'
03
1$
#1501000
0$
#1501500
0!
1)
1$
#1502000
0$
#1502500
1$
#1503000
0$
#1503100
0#
#1503500
0<
1$
#1504000
0$
#1504500
12
0&
0=
1$
#1505000
0$
#1505500
0'
13
1$
#1506000
0$
#1506500
0)
1$
#1507000
0$
#1507500
1$
#1508000
0$
#1508500
1$
#1509000
0$
#1509500
1$
#1510000
0$
#1510500
1$
#1511000
0$
#1511500
1$
#1512000
0$
#1512500
1$
#1513000
0$
#1513500
1$
#1514000
0$
#1514500
1$
#1515000
0$
#1515500
1$
#1516000
0$
#1516500
1$
#1517000
0$
#1517500
1$
#1518000
0$
#1518500
1$
#1519000
0$
#1519500
1$
#1520000
0$
#1520500
1$
#1521000
0$
#1521500
1$
#1522000
0$
#1522500
1$
#1523000
0$
#1523500
1$
#1524000
0$
#1524500
1$
#1525000
0$
#1525500
1$
#1526000
0$
#1526500
1$
#1527000
0$
#1527500
1$
#1528000
0$
#1528500
1$
#1529000
0$
#1529500
1$
#1530000
0$
#1530500
1$
#1531000
0$
#1531500
1$
#1532000
0$
#1532500
1$
#1533000
0$
#1533500
1$
#1534000
0$
#1534500
1$
#1535000
0$
#1535500
1$
#1536000
0$
#1536500
1$
#1537000
0$
#1537500
1$
#1538000
0$
#1538500
1$
#1539000
0$
#1539500
1$
#1540000
0$
#1540500
1$
#1541000
0$
#1541500
1$
#1542000
0$
#1542500
1$
#1543000
0$
#1543500
1$
#1544000
0$
#1544500
1$
#1545000
0$
#1545500
1$
#1546000
0$
#1546500
1$
#1547000
0$
#1547500
1$
#1548000
0$
#1548500
1$
#1549000
0$
#1549500
1$
#1550000
0$
#1550500
1$
#1551000
0$
#1551500
1$
#1552000
0$
#1552500
1$
#1553000
0$
#1553500
1$
#1554000
0$
#1554500
1$
#1555000
0$
#1555500
1$
#1556000
0$
#1556500
1$
#1557000
0$
#1557500
1$
#1558000
0$
#1558500
1$
#1559000
0$
#1559500
1$
#1560000
0$
#1560500
1$
#1561000
0$
#1561500
1$
#1562000
0$
#1562500
1$
#1563000
0$
#1563500
1$
#1564000
0$
#1564500
1$
#1565000
0$
#1565500
1$
#1566000
0$
#1566500
1$
#1567000
0$
#1567500
1$
#1568000
0$
#1568500
1$
#1569000
0$
#1569500
1$
#1570000
0$
#1570500
1$
#1571000
0$
#1571500
1$
#1572000
0$
#1572500
1$
#1573000
0$
#1573500
1$
#1574000
0$
#1574500
1$
#1575000
0$
#1575500
1$
#1576000
0$
#1576500
1$
#1577000
0$
#1577500
1$
#1578000
0$
#1578500
1$
#1579000
0$
#1579500
1$
#1580000
0$
#1580500
1$
#1581000
0$
#1581500
1$
#1582000
0$
#1582500
1$
#1583000
0$
#1583500
1$
#1584000
0$
#1584500
1$
#1585000
0$
#1585500
1$
#1586000
0$
#1586500
1$
#1587000
0$
#1587500
1$
#1588000
0$
#1588500
1$
#1589000
0$
#1589500
1$
#1590000
0$
#1590500
1$
#1591000
0$
#1591500
1$
#1592000
0$
#1592500
1$
#1593000
0$
#1593500
1$
#1594000
0$
#1594500
1$
#1595000
0$
#1595500
1$
#1596000
0$
#1596500
1$
#1597000
0$
#1597500
1$
#1598000
0$
#1598500
1$
#1599000
0$
#1599500
1$
#1600000
0$
#1600500
1$
#1601000
0$
#1601500
1$
#1602000
0$
#1602500
1$
#1603000
0$
#1603500
1$
#1604000
0$
#1604500
1$
#1605000
0$
#1605500
1$
#1606000
0$
#1606500
1$
#1607000
0$
#1607500
1$
#1608000
0$
#1608500
1$
#1609000
0$
#1609500
1$
#1610000
0$
#1610500
1$
#1611000
0$
#1611500
1$
#1612000
0$
#1612500
1$
#1613000
0$
#1613500
1$
#1614000
0$
#1614500
1$
#1615000
0$
#1615500
1$
#1616000
0$
#1616500
1$
#1617000
0$
#1617500
1$
#1618000
0$
#1618500
1$
#1619000
0$
#1619500
1$
#1620000
0$
#1620500
1$
#1621000
0$
#1621500
1$
#1622000
0$
#1622500
1$
#1623000
0$
#1623500
1$
#1624000
0$
#1624500
1$
#1625000
0$
#1625500
1$
#1626000
0$
#1626500
1$
#1627000
0$
#1627500
1$
#1628000
0$
#1628500
1$
#1629000
0$
#1629500
1$
#1630000
0$
#1630500
1$
#1631000
0$
#1631500
1$
#1632000
0$
#1632500
1$
#1633000
0$
#1633500
1$
#1634000
0$
#1634500
1$
#1635000
0$
#1635500
1$
#1636000
0$
#1636500
1$
#1637000
0$
#1637500
1$
#1638000
0$
#1638500
1$
#1639000
0$
#1639500
1$
#1640000
0$
#1640500
1$
#1641000
0$
#1641500
1$
#1642000
0$
#1642500
1$
#1643000
0$
#1643500
1$
#1644000
0$
#1644500
1$
#1645000
0$
#1645500
1$
#1646000
0$
#1646500
1$
#1647000
0$
#1647500
1$
#1648000
0$
#1648500
1$
#1649000
0$
#1649500
1$
#1650000
0$
#1650500
1$
#1651000
0$
#1651500
1$
#1652000
0$
#1652500
1$
#1653000
0$
#1653500
1$
#1654000
0$
#1654500
1$
#1655000
0$
#1655500
1$
#1656000
0$
#1656500
1$
#1657000
0$
#1657500
1$
#1658000
0$
#1658500
1$
#1659000
0$
#1659500
1$
#1660000
0$
#1660500
1$
#1661000
0$
#1661500
1$
#1662000
0$
#1662500
1$
#1663000
0$
#1663500
1$
#1664000
0$
#1664500
1$
#1665000
0$
#1665500
1$
#1666000
0$
#1666500
1$
#1667000
0$
#1667500
1$
#1668000
0$
#1668500
1$
#1669000
0$
#1669500
1$
#1670000
0$
#1670500
1$
#1671000
0$
#1671500
1$
#1672000
0$
#1672500
1$
#1673000
0$
#1673500
1$
#1674000
0$
#1674500
1$
#1675000
0$
#1675500
1$
#1676000
0$
#1676500
1$
#1677000
0$
#1677500
1$
#1678000
0$
#1678500
1$
#1679000
0$
#1679500
1$
#1680000
0$
#1680500
1$
#1681000
0$
#1681500
1$
#1682000
0$
#1682500
1$
#1683000
0$
#1683500
1$
#1684000
0$
#1684500
1$
#1685000
0$
#1685500
1$
#1686000
0$
#1686500
1$
#1687000
0$
#1687500
1$
#1688000
0$
#1688500
1$
#1689000
0$
#1689500
1$
#1690000
0$
#1690500
1$
#1691000
0$
#1691500
1$
#1692000
0$
#1692500
1$
#1693000
0$
#1693500
1$
#1694000
0$
#1694500
1$
#1695000
0$
#1695500
1$
#1696000
0$
#1696500
1$
#1697000
0$
#1697500
1$
#1698000
0$
#1698500
1$
#1699000
0$
#1699500
1$
#1700000
0$
#1700500
1$
#1701000
0$
#1701500
1$
#1702000
0$
#1702500
1$
#1703000
0$
#1703500
1$
#1704000
0$
#1704500
1$
#1705000
0$
#1705500
1$
#1706000
0$
#1706500
1$
#1707000
0$
#1707500
1$
#1708000
0$
#1708500
1$
#1709000
0$
#1709500
1$
#1710000
0$
#1710500
1$
#1711000
0$
#1711500
1$
#1712000
0$
#1712500
1$
#1713000
0$
#1713500
1$
#1714000
0$
#1714500
1$
#1715000
0$
#1715500
1$
#1716000
0$
#1716500
1$
#1717000
0$
#1717500
1$
#1718000
0$
#1718500
1$
#1719000
0$
#1719500
1$
#1720000
0$
#1720500
1$
#1721000
0$
#1721500
1$
#1722000
0$
#1722500
1$
#1723000
0$
#1723500
1$
#1724000
0$
#1724500
1$
#1725000
0$
#1725500
1$
#1726000
0$
#1726500
1$
#1727000
0$
#1727500
1$
#1728000
0$
#1728500
1$
#1729000
0$
#1729500
1$
#1730000
0$
#1730500
1$
#1731000
0$
#1731500
1$
#1732000
0$
#1732500
1$
#1733000
0$
#1733500
1$
#1734000
0$
#1734500
1$
#1735000
0$
#1735500
1$
#1736000
0$
#1736500
1$
#1737000
0$
#1737500
1$
#1738000
0$
#1738500
1$
#1739000
0$
#1739500
1$
#1740000
0$
#1740500
1$
#1741000
0$
#1741500
1$
#1742000
0$
#1742500
1$
#1743000
0$
#1743500
1$
#1744000
0$
#1744500
1$
#1745000
0$
#1745500
1$
#1746000
0$
#1746500
1$
#1747000
0$
#1747500
1$
#1748000
0$
#1748500
1$
#1749000
0$
#1749500
1$
#1750000
0$
#1750500
1$
#1751000
0$
#1751500
1$
#1752000
0$
#1752500
1$
#1753000
0$
#1753500
1$
#1754000
0$
#1754500
1$
#1755000
0$
#1755500
1$
#1756000
0$
#1756500
1$
#1757000
0$
#1757500
1$
#1758000
0$
#1758500
1$
#1759000
0$
#1759500
1$
#1760000
0$
#1760500
1$
#1761000
0$
#1761500
1$
#1762000
0$
#1762500
1$
#1763000
0$
#1763500
1$
#1764000
0$
#1764500
1$
#1765000
0$
#1765500
1$
#1766000
0$
#1766500
1$
#1767000
0$
#1767500
1$
#1768000
0$
#1768500
1$
#1769000
0$
#1769500
1$
#1770000
0$
#1770500
1$
#1771000
0$
#1771500
1$
#1772000
0$
#1772500
1$
#1773000
0$
#1773500
1$
#1774000
0$
#1774500
1$
#1775000
0$
#1775500
1$
#1776000
0$
#1776500
1$
#1777000
0$
#1777500
1$
#1778000
0$
#1778500
1$
#1779000
0$
#1779500
1$
#1780000
0$
#1780500
1$
#1781000
0$
#1781500
1$
#1782000
0$
#1782500
1$
#1783000
0$
#1783500
1$
#1784000
0$
#1784500
1$
#1785000
0$
#1785500
1$
#1786000
0$
#1786500
1$
#1787000
0$
#1787500
1$
#1788000
0$
#1788500
1$
#1789000
0$
#1789500
1$
#1790000
0$
#1790500
1$
#1791000
0$
#1791500
1$
#1792000
0$
#1792500
1$
#1793000
0$
#1793500
1$
#1794000
0$
#1794500
1$
#1795000
0$
#1795500
1$
#1796000
0$
#1796500
1$
#1797000
0$
#1797500
1$
#1798000
0$
#1798500
1$
#1799000
0$
#1799500
1$
#1800000
0$
#1800500
1$
#1801000
0$
#1801500
1$
#1802000
0$
#1802500
1$
#1803000
0$
#1803500
1$
#1804000
0$
#1804500
1$
#1805000
0$
#1805500
1$
#1806000
0$
#1806500
1$
#1807000
0$
#1807500
1$
#1808000
0$
#1808500
1$
#1809000
0$
#1809500
1$
#1810000
0$
#1810500
1$
#1811000
0$
#1811500
1$
#1812000
0$
#1812500
1$
#1813000
0$
#1813500
1$
#1814000
0$
#1814500
1$
#1815000
0$
#1815500
1$
#1816000
0$
#1816500
1$
#1817000
0$
#1817500
1$
#1818000
0$
#1818500
1$
#1819000
0$
#1819500
1$
#1820000
0$
#1820500
1$
#1821000
0$
#1821500
1$
#1822000
0$
#1822500
1$
#1823000
0$
#1823500
1$
#1824000
0$
#1824500
1$
#1825000
0$
#1825500
1$
#1826000
0$
#1826500
1$
#1827000
0$
#1827500
1$
#1828000
0$
#1828500
1$
#1829000
0$
#1829500
1$
#1830000
0$
#1830500
1$
#1831000
0$
#1831500
1$
#1832000
0$
#1832500
1$
#1833000
0$
#1833500
1$
#1834000
0$
#1834500
1$
#1835000
0$
#1835500
1$
#1836000
0$
#1836500
1$
#1837000
0$
#1837500
1$
#1838000
0$
#1838500
1$
#1839000
0$
#1839500
1$
#1840000
0$
#1840500
1$
#1841000
0$
#1841500
1$
#1842000
0$
#1842500
1$
#1843000
0$
#1843500
1$
#1844000
0$
#1844500
1$
#1845000
0$
#1845500
1$
#1846000
0$
#1846500
1$
#1847000
0$
#1847500
1$
#1848000
0$
#1848500
1$
#1849000
0$
#1849500
1$
#1850000
0$
#1850500
1$
#1851000
0$
#1851500
1$
#1852000
0$
#1852500
1$
#1853000
0$
#1853500
1$
#1854000
0$
#1854500
1$
#1855000
0$
#1855500
1$
#1856000
0$
#1856500
1$
#1857000
0$
#1857500
1$
#1858000
0$
#1858500
1$
#1859000
0$
#1859500
1$
#1860000
0$
#1860500
1$
#1861000
0$
#1861500
1$
#1862000
0$
#1862500
1$
#1863000
0$
#1863500
1$
#1864000
0$
#1864500
1$
#1865000
0$
#1865500
1$
#1866000
0$
#1866500
1$
#1867000
0$
#1867500
1$
#1868000
0$
#1868500
1$
#1869000
0$
#1869500
1$
#1870000
0$
#1870500
1$
#1871000
0$
#1871500
1$
#1872000
0$
#1872500
1$
#1873000
0$
#1873500
1$
#1874000
0$
#1874500
1$
#1875000
0$
#1875500
1$
#1876000
0$
#1876500
1$
#1877000
0$
#1877500
1$
#1878000
0$
#1878500
1$
#1879000
0$
#1879500
1$
#1880000
0$
#1880500
1$
#1881000
0$
#1881500
1$
#1882000
0$
#1882500
1$
#1883000
0$
#1883500
1$
#1884000
0$
#1884500
1$
#1885000
0$
#1885500
1$
#1886000
0$
#1886500
1$
#1887000
0$
#1887500
1$
#1888000
0$
#1888500
1$
#1889000
0$
#1889500
1$
#1890000
0$
#1890500
1$
#1891000
0$
#1891500
1$
#1892000
0$
#1892500
1$
#1893000
0$
#1893500
1$
#1894000
0$
#1894500
1$
#1895000
0$
#1895500
1$
#1896000
0$
#1896500
1$
#1897000
0$
#1897500
1$
#1898000
0$
#1898500
1$
#1899000
0$
#1899500
1$
#1900000
0$
#1900500
1$
#1901000
0$
#1901500
1$
#1902000
0$
#1902500
1$
#1903000
0$
#1903500
1$
#1904000
0$
#1904500
1$
#1905000
0$
#1905500
1$
#1906000
0$
#1906500
1$
#1907000
0$
#1907500
1$
#1908000
0$
#1908500
1$
#1909000
0$
#1909500
1$
#1910000
0$
#1910500
1$
#1911000
0$
#1911500
1$
#1912000
0$
#1912500
1$
#1913000
0$
#1913500
1$
#1914000
0$
#1914500
1$
#1915000
0$
#1915500
1$
#1916000
0$
#1916500
1$
#1917000
0$
#1917500
1$
#1918000
0$
#1918500
1$
#1919000
0$
#1919500
1$
#1920000
0$
#1920500
1$
#1921000
0$
#1921500
1$
#1922000
0$
#1922500
1$
#1923000
0$
#1923500
1$
#1924000
0$
#1924500
1$
#1925000
0$
#1925500
1$
#1926000
0$
#1926500
1$
#1927000
0$
#1927500
1$
#1928000
0$
#1928500
1$
#1929000
0$
#1929500
1$
#1930000
0$
#1930500
1$
#1931000
0$
#1931500
1$
#1932000
0$
#1932500
1$
#1933000
0$
#1933500
1$
#1934000
0$
#1934500
1$
#1935000
0$
#1935500
1$
#1936000
0$
#1936500
1$
#1937000
0$
#1937500
1$
#1938000
0$
#1938500
1$
#1939000
0$
#1939500
1$
#1940000
0$
#1940500
1$
#1941000
0$
#1941500
1$
#1942000
0$
#1942500
1$
#1943000
0$
#1943500
1$
#1944000
0$
#1944500
1$
#1945000
0$
#1945500
1$
#1946000
0$
#1946500
1$
#1947000
0$
#1947500
1$
#1948000
0$
#1948500
1$
#1949000
0$
#1949500
1$
#1950000
0$
#1950500
1$
#1951000
0$
#1951500
1$
#1952000
0$
#1952500
1$
#1953000
0$
#1953500
1$
#1954000
0$
#1954500
1$
#1955000
0$
#1955500
1$
#1956000
0$
#1956500
1$
#1957000
0$
#1957500
1$
#1958000
0$
#1958500
1$
#1959000
0$
#1959500
1$
#1960000
0$
#1960500
1$
#1961000
0$
#1961500
1$
#1962000
0$
#1962500
1$
#1963000
0$
#1963500
1$
#1964000
0$
#1964500
1$
#1965000
0$
#1965500
1$
#1966000
0$
#1966500
1$
#1967000
0$
#1967500
1$
#1968000
0$
#1968500
1$
#1969000
0$
#1969500
1$
#1970000
0$
#1970500
1$
#1971000
0$
#1971500
1$
#1972000
0$
#1972500
1$
#1973000
0$
#1973500
1$
#1974000
0$
#1974500
1$
#1975000
0$
#1975500
1$
#1976000
0$
#1976500
1$
#1977000
0$
#1977500
1$
#1978000
0$
#1978500
1$
#1979000
0$
#1979500
1$
#1980000
0$
#1980500
1$
#1981000
0$
#1981500
1$
#1982000
0$
#1982500
1$
#1983000
0$
#1983500
1$
#1984000
0$
#1984500
1$
#1985000
0$
#1985500
1$
#1986000
0$
#1986500
1$
#1987000
0$
#1987500
1$
#1988000
0$
#1988500
1$
#1989000
0$
#1989500
1$
#1990000
0$
#1990500
1$
#1991000
0$
#1991500
1$
#1992000
0$
#1992500
1$
#1993000
0$
#1993500
1$
#1994000
0$
#1994500
1$
#1995000
0$
#1995500
1$
#1996000
0$
#1996500
1$
#1997000
0$
#1997500
1$
#1998000
0$
#1998500
1$
#1999000
0$
#1999500
1$
#2000000
0$
#2000500
1$
#2001000
0$
#2001500
1$
#2002000
0$
#2002500
1$
#2003000
0$
#2003500
1$
#2004000
0$
#2004500
1$
#2005000
0$
#2005500
1$
#2006000
0$
#2006500
1$
#2007000
0$
#2007500
1$
#2008000
0$
#2008500
1$
#2009000
0$
#2009500
1$
#2010000
0$
#2010500
1$
#2011000
0$
#2011500
1$
#2012000
0$
#2012500
1$
#2013000
0$
#2013500
1$
#2014000
0$
#2014500
1$
#2015000
0$
#2015500
1$
#2016000
0$
#2016500
1$
#2017000
0$
#2017500
1$
#2018000
0$
#2018500
1$
#2019000
0$
#2019500
1$
#2020000
0$
#2020500
1$
#2021000
0$
#2021500
1$
#2022000
0$
#2022500
1$
#2023000
0$
#2023500
1$
#2024000
0$
#2024500
1$
#2025000
0$
#2025500
1$
#2026000
0$
#2026500
1$
#2027000
0$
#2027500
1$
#2028000
0$
#2028500
1$
#2029000
0$
#2029500
1$
#2030000
0$
#2030500
1$
#2031000
0$
#2031500
1$
#2032000
0$
#2032500
1$
#2033000
0$
#2033500
1$
#2034000
0$
#2034500
1$
#2035000
0$
#2035500
1$
#2036000
0$
#2036500
1$
#2037000
0$
#2037500
1$
#2038000
0$
#2038500
1$
#2039000
0$
#2039500
1$
#2040000
0$
#2040500
1$
#2041000
0$
#2041500
1$
#2042000
0$
#2042500
1$
#2043000
0$
#2043500
1$
#2044000
0$
#2044500
1$
#2045000
0$
#2045500
1$
#2046000
0$
#2046500
1$
#2047000
0$
#2047500
1$
#2048000
0$
#2048500
1$
#2049000
0$
#2049500
1$
#2050000
0$
#2050500
1$
#2051000
0$
#2051500
1$
#2052000
0$
#2052500
1$
#2053000
0$
#2053500
1$
#2054000
0$
#2054500
1$
#2055000
0$
#2055500
1$
#2056000
0$
#2056500
1$
#2057000
0$
#2057500
1$
#2058000
0$
#2058500
1$
#2059000
0$
#2059500
1$
#2060000
0$
#2060500
1$
#2061000
0$
#2061500
1$
#2062000
0$
#2062500
1$
#2063000
0$
#2063500
1$
#2064000
0$
#2064500
1$
#2065000
0$
#2065500
1$
#2066000
0$
#2066500
1$
#2067000
0$
#2067500
1$
#2068000
0$
#2068500
1$
#2069000
0$
#2069500
1$
#2070000
0$
#2070500
1$
#2071000
0$
#2071500
1$
#2072000
0$
#2072500
1$
#2073000
0$
#2073500
1$
#2074000
0$
#2074500
1$
#2075000
0$
#2075500
1$
#2076000
0$
#2076500
1$
#2077000
0$
#2077500
1$
#2078000
0$
#2078500
1$
#2079000
0$
#2079500
1$
#2080000
0$
#2080500
1$
#2081000
0$
#2081500
1$
#2082000
0$
#2082500
1$
#2083000
0$
#2083500
1$
#2084000
0$
#2084500
1$
#2085000
0$
#2085500
1$
#2086000
0$
#2086500
1$
#2087000
0$
#2087500
1$
#2088000
0$
#2088500
1$
#2089000
0$
#2089500
1$
#2090000
0$
#2090500
1$
#2091000
0$
#2091500
1$
#2092000
0$
#2092500
1$
#2093000
0$
#2093500
1$
#2094000
0$
#2094500
1$
#2095000
0$
#2095500
1$
#2096000
0$
#2096500
1$
#2097000
0$
#2097500
1$
#2098000
0$
#2098500
1$
#2099000
0$
#2099500
1$
#2100000
0$
#2100500
1$
#2101000
0$
#2101500
1$
#2102000
0$
#2102500
1$
#2103000
0$
#2103500
1$
#2104000
0$
#2104500
1$
#2105000
0$
#2105500
1$
#2106000
0$
#2106500
1$
#2107000
0$
#2107500
1$
#2108000
0$
#2108500
1$
#2109000
0$
#2109500
1$
#2110000
0$
#2110500
1$
#2111000
0$
#2111500
1$
#2112000
0$
#2112500
1$
#2113000
0$
#2113500
1$
#2114000
0$
#2114500
1$
#2115000
0$
#2115500
1$
#2116000
0$
#2116500
1$
#2117000
0$
#2117500
1$
#2118000
0$
#2118500
1$
#2119000
0$
#2119500
1$
#2120000
0$
#2120500
1$
#2121000
0$
#2121500
1$
#2122000
0$
#2122500
1$
#2123000
0$
#2123500
1$
#2124000
0$
#2124500
1$
#2125000
0$
#2125500
1$
#2126000
0$
#2126500
1$
#2127000
0$
#2127500
1$
#2128000
0$
#2128500
1$
#2129000
0$
#2129500
1$
#2130000
0$
#2130500
1$
#2131000
0$
#2131500
1$
#2132000
0$
#2132500
1$
#2133000
0$
#2133500
1$
#2134000
0$
#2134500
1$
#2135000
0$
#2135500
1$
#2136000
0$
#2136500
1$
#2137000
0$
#2137500
1$
#2138000
0$
#2138500
1$
#2139000
0$
#2139500
1$
#2140000
0$
#2140500
1$
#2141000
0$
#2141500
1$
#2142000
0$
#2142500
1$
#2143000
0$
#2143500
1$
#2144000
0$
#2144500
1$
#2145000
0$
#2145500
1$
#2146000
0$
#2146500
1$
#2147000
0$
#2147500
1$
#2148000
0$
#2148500
1$
#2149000
0$
#2149500
1$
#2150000
0$
#2150500
1$
#2151000
0$
#2151500
1$
#2152000
0$
#2152500
1$
#2153000
0$
#2153500
1$
#2154000
0$
#2154500
1$
#2155000
0$
#2155500
1$
#2156000
0$
#2156500
1$
#2157000
0$
#2157500
1$
#2158000
0$
#2158500
1$
#2159000
0$
#2159500
1$
#2160000
0$
#2160500
1$
#2161000
0$
#2161500
1$
#2162000
0$
#2162500
1$
#2163000
0$
#2163500
1$
#2164000
0$
#2164500
1$
#2165000
0$
#2165500
1$
#2166000
0$
#2166500
1$
#2167000
0$
#2167500
1$
#2168000
0$
#2168500
1$
#2169000
0$
#2169500
1$
#2170000
0$
#2170500
1$
#2171000
0$
#2171500
1$
#2172000
0$
#2172500
1$
#2173000
0$
#2173500
1$
#2174000
0$
#2174500
1$
#2175000
0$
#2175500
1$
#2176000
0$
#2176500
1$
#2177000
0$
#2177500
1$
#2178000
0$
#2178500
1$
#2179000
0$
#2179500
1$
#2180000
0$
#2180500
1$
#2181000
0$
#2181500
1$
#2182000
0$
#2182500
1$
#2183000
0$
#2183500
1$
#2184000
0$
#2184500
1$
#2185000
0$
#2185500
1$
#2186000
0$
#2186500
1$
#2187000
0$
#2187500
1$
#2188000
0$
#2188500
1$
#2189000
0$
#2189500
1$
#2190000
0$
#2190500
1$
#2191000
0$
#2191500
1$
#2192000
0$
#2192500
1$
#2193000
0$
#2193500
1$
#2194000
0$
#2194500
1$
#2195000
0$
#2195500
1$
#2196000
0$
#2196500
1$
#2197000
0$
#2197500
1$
#2198000
0$
#2198500
1$
#2199000
0$
#2199500
1$
#2200000
0$
#2200500
1$
#2201000
0$
#2201500
1$
#2202000
0$
#2202500
1$
#2203000
0$
#2203500
1$
#2204000
0$
#2204500
1$
#2205000
0$
#2205500
1$
#2206000
0$
#2206500
1$
#2207000
0$
#2207500
1$
#2208000
0$
#2208500
1$
#2209000
0$
#2209500
1$
#2210000
0$
#2210500
1$
#2211000
0$
#2211500
1$
#2212000
0$
#2212500
1$
#2213000
0$
#2213500
1$
#2214000
0$
#2214500
1$
#2215000
0$
#2215500
1$
#2216000
0$
#2216500
1$
#2217000
0$
#2217500
1$
#2218000
0$
#2218500
1$
#2219000
0$
#2219500
1$
#2220000
0$
#2220500
1$
#2221000
0$
#2221500
1$
#2222000
0$
#2222500
1$
#2223000
0$
#2223500
1$
#2224000
0$
#2224500
1$
#2225000
0$
#2225500
1$
#2226000
0$
#2226500
1$
#2227000
0$
#2227500
1$
#2228000
0$
#2228500
1$
#2229000
0$
#2229500
1$
#2230000
0$
#2230500
1$
#2231000
0$
#2231500
1$
#2232000
0$
#2232500
1$
#2233000
0$
#2233500
1$
#2234000
0$
#2234500
1$
#2235000
0$
#2235500
1$
#2236000
0$
#2236500
1$
#2237000
0$
#2237500
1$
#2238000
0$
#2238500
1$
#2239000
0$
#2239500
1$
#2240000
0$
#2240500
1$
#2241000
0$
#2241500
1$
#2242000
0$
#2242500
1$
#2243000
0$
#2243500
1$
#2244000
0$
#2244500
1$
#2245000
0$
#2245500
1$
#2246000
0$
#2246500
1$
#2247000
0$
#2247500
1$
#2248000
0$
#2248500
1$
#2249000
0$
#2249500
1$
#2250000
0$
#2250500
1$
#2251000
0$
#2251500
1$
#2252000
0$
#2252500
1$
#2253000
0$
#2253500
1$
#2254000
0$
#2254500
1$
#2255000
0$
#2255500
1$
#2256000
0$
#2256500
1$
#2257000
0$
#2257500
1$
#2258000
0$
#2258500
1$
#2259000
0$
#2259500
1$
#2260000
0$
#2260500
1$
#2261000
0$
#2261500
1$
#2262000
0$
#2262500
1$
#2263000
0$
#2263500
1$
#2264000
0$
#2264500
1$
#2265000
0$
#2265500
1$
#2266000
0$
#2266500
1$
#2267000
0$
#2267500
1$
#2268000
0$
#2268500
1$
#2269000
0$
#2269500
1$
#2270000
0$
#2270500
1$
#2271000
0$
#2271500
1$
#2272000
0$
#2272500
1$
#2273000
0$
#2273500
1$
#2274000
0$
#2274500
1$
#2275000
0$
#2275500
1$
#2276000
0$
#2276500
1$
#2277000
0$
#2277500
1$
#2278000
0$
#2278500
1$
#2279000
0$
#2279500
1$
#2280000
0$
#2280500
1$
#2281000
0$
#2281500
1$
#2282000
0$
#2282500
1$
#2283000
0$
#2283500
1$
#2284000
0$
#2284500
1$
#2285000
0$
#2285500
1$
#2286000
0$
#2286500
1$
#2287000
0$
#2287500
1$
#2288000
0$
#2288500
1$
#2289000
0$
#2289500
1$
#2290000
0$
#2290500
1$
#2291000
0$
#2291500
1$
#2292000
0$
#2292500
1$
#2293000
0$
#2293500
1$
#2294000
0$
#2294500
1$
#2295000
0$
#2295500
1$
#2296000
0$
#2296500
1$
#2297000
0$
#2297500
1$
#2298000
0$
#2298500
1$
#2299000
0$
#2299500
1$
#2300000
0$
#2300500
1$
#2301000
0$
#2301500
1$
#2302000
0$
#2302500
1$
#2303000
0$
#2303500
1$
#2304000
0$
#2304500
1$
#2305000
0$
#2305500
1$
#2306000
0$
#2306500
1$
#2307000
0$
#2307500
1$
#2308000
0$
#2308500
1$
#2309000
0$
#2309500
1$
#2310000
0$
#2310500
1$
#2311000
0$
#2311500
1$
#2312000
0$
#2312500
1$
#2313000
0$
#2313500
1$
#2314000
0$
#2314500
1$
#2315000
0$
#2315500
1$
#2316000
0$
#2316500
1$
#2317000
0$
#2317500
1$
#2318000
0$
#2318500
1$
#2319000
0$
#2319500
1$
#2320000
0$
#2320500
1$
#2321000
0$
#2321500
1$
#2322000
0$
#2322500
1$
#2323000
0$
#2323500
1$
#2324000
0$
#2324500
1$
#2325000
0$
#2325500
1$
#2326000
0$
#2326500
1$
#2327000
0$
#2327500
1$
#2328000
0$
#2328500
1$
#2329000
0$
#2329500
1$
#2330000
0$
#2330500
1$
#2331000
0$
#2331500
1$
#2332000
0$
#2332500
1$
#2333000
0$
#2333500
1$
#2334000
0$
#2334500
1$
#2335000
0$
#2335500
1$
#2336000
0$
#2336500
1$
#2337000
0$
#2337500
1$
#2338000
0$
#2338500
1$
#2339000
0$
#2339500
1$
#2340000
0$
#2340500
1$
#2341000
0$
#2341500
1$
#2342000
0$
#2342500
1$
#2343000
0$
#2343500
1$
#2344000
0$
#2344500
1$
#2345000
0$
#2345500
1$
#2346000
0$
#2346500
1$
#2347000
0$
#2347500
1$
#2348000
0$
#2348500
1$
#2349000
0$
#2349500
1$
#2350000
0$
#2350500
1$
#2351000
0$
#2351500
1$
#2352000
0$
#2352500
1$
#2353000
0$
#2353500
1$
#2354000
0$
#2354500
1$
#2355000
0$
#2355500
1$
#2356000
0$
#2356500
1$
#2357000
0$
#2357500
1$
#2358000
0$
#2358500
1$
#2359000
0$
#2359500
1$
#2360000
0$
#2360500
1$
#2361000
0$
#2361500
1$
#2362000
0$
#2362500
1$
#2363000
0$
#2363500
1$
#2364000
0$
#2364500
1$
#2365000
0$
#2365500
1$
#2366000
0$
#2366500
1$
#2367000
0$
#2367500
1$
#2368000
0$
#2368500
1$
#2369000
0$
#2369500
1$
#2370000
0$
#2370500
1$
#2371000
0$
#2371500
1$
#2372000
0$
#2372500
1$
#2373000
0$
#2373500
1$
#2374000
0$
#2374500
1$
#2375000
0$
#2375500
1$
#2376000
0$
#2376500
1$
#2377000
0$
#2377500
1$
#2378000
0$
#2378500
1$
#2379000
0$
#2379500
1$
#2380000
0$
#2380500
1$
#2381000
0$
#2381500
1$
#2382000
0$
#2382500
1$
#2383000
0$
#2383500
1$
#2384000
0$
#2384500
1$
#2385000
0$
#2385500
1$
#2386000
0$
#2386500
1$
#2387000
0$
#2387500
1$
#2388000
0$
#2388500
1$
#2389000
0$
#2389500
1$
#2390000
0$
#2390500
1$
#2391000
0$
#2391500
1$
#2392000
0$
#2392500
1$
#2393000
0$
#2393500
1$
#2394000
0$
#2394500
1$
#2395000
0$
#2395500
1$
#2396000
0$
#2396500
1$
#2397000
0$
#2397500
1$
#2398000
0$
#2398500
1$
#2399000
0$
#2399500
1$
#2400000
0$
#2400500
1$
#2401000
0$
#2401500
1$
#2402000
0$
#2402500
1$
#2403000
0$
#2403500
1$
#2404000
0$
#2404500
1$
#2405000
0$
#2405500
1$
#2406000
0$
#2406500
1$
#2407000
0$
#2407500
1$
#2408000
0$
#2408500
1$
#2409000
0$
#2409500
1$
#2410000
0$
#2410500
1$
#2411000
0$
#2411500
1$
#2412000
0$
#2412500
1$
#2413000
0$
#2413500
1$
#2414000
0$
#2414500
1$
#2415000
0$
#2415500
1$
#2416000
0$
#2416500
1$
#2417000
0$
#2417500
1$
#2418000
0$
#2418500
1$
#2419000
0$
#2419500
1$
#2420000
0$
#2420500
1$
#2421000
0$
#2421500
1$
#2422000
0$
#2422500
1$
#2423000
0$
#2423500
1$
#2424000
0$
#2424500
1$
#2425000
0$
#2425500
1$
#2426000
0$
#2426500
1$
#2427000
0$
#2427500
1$
#2428000
0$
#2428500
1$
#2429000
0$
#2429500
1$
#2430000
0$
#2430500
1$
#2431000
0$
#2431500
1$
#2432000
0$
#2432500
1$
#2433000
0$
#2433500
1$
#2434000
0$
#2434500
1$
#2435000
0$
#2435500
1$
#2436000
0$
#2436500
1$
#2437000
0$
#2437500
1$
#2438000
0$
#2438500
1$
#2439000
0$
#2439500
1$
#2440000
0$
#2440500
1$
#2441000
0$
#2441500
1$
#2442000
0$
#2442500
1$
#2443000
0$
#2443500
1$
#2444000
0$
#2444500
1$
#2445000
0$
#2445500
1$
#2446000
0$
#2446500
1$
#2447000
0$
#2447500
1$
#2448000
0$
#2448500
1$
#2449000
0$
#2449500
1$
#2450000
0$
#2450500
1$
#2451000
0$
#2451500
1$
#2452000
0$
#2452500
1$
#2453000
0$
#2453500
1$
#2454000
0$
#2454500
1$
#2455000
0$
#2455500
1$
#2456000
0$
#2456500
1$
#2457000
0$
#2457500
1$
#2458000
0$
#2458500
1$
#2459000
0$
#2459500
1$
#2460000
0$
#2460500
1$
#2461000
0$
#2461500
1$
#2462000
0$
#2462500
1$
#2463000
0$
#2463500
1$
#2464000
0$
#2464500
1$
#2465000
0$
#2465500
1$
#2466000
0$
#2466500
1$
#2467000
0$
#2467500
1$
#2468000
0$
#2468500
1$
#2469000
0$
#2469500
1$
#2470000
0$
#2470500
1$
#2471000
0$
#2471500
1$
#2472000
0$
#2472500
1$
#2473000
0$
#2473500
1$
#2474000
0$
#2474500
1$
#2475000
0$
#2475500
1$
#2476000
0$
#2476500
1$
#2477000
0$
#2477500
1$
#2478000
0$
#2478500
1$
#2479000
0$
#2479500
1$
#2480000
0$
#2480500
1$
#2481000
0$
#2481500
1$
#2482000
0$
#2482500
1$
#2483000
0$
#2483500
1$
#2484000
0$
#2484500
1$
#2485000
0$
#2485500
1$
#2486000
0$
#2486500
1$
#2487000
0$
#2487500
1$
#2488000
0$
#2488500
1$
#2489000
0$
#2489500
1$
#2490000
0$
#2490500
1$
#2491000
0$
#2491500
1$
#2492000
0$
#2492500
1$
#2493000
0$
#2493500
1$
#2494000
0$
#2494500
1$
#2495000
0$
#2495500
1$
#2496000
0$
#2496500
1$
#2497000
0$
#2497500
1$
#2498000
0$
#2498500
1$
#2499000
0$
#2499500
1$
#2500000
0$
#2500500
1$
#2501000
0$
#2501500
1$
#2502000
0$
#2502500
1$
#2503000
0$
#2503500
1$
#2504000
0$
#2504500
1$
#2505000
0$
#2505500
1$
#2506000
0$
#2506500
1$
#2507000
0$
#2507500
1$
#2508000
0$
#2508500
1$
#2509000
0$
#2509500
1$
#2510000
0$
#2510500
1$
#2511000
0$
#2511500
1$
#2512000
0$
#2512500
1$
#2513000
0$
#2513500
1$
#2514000
0$
#2514500
1$
#2515000
0$
#2515500
1$
#2516000
0$
#2516500
1$
#2517000
0$
#2517500
1$
#2518000
0$
#2518500
1$
#2519000
0$
#2519500
1$
#2520000
0$
#2520500
1$
#2521000
0$
#2521500
1$
#2522000
0$
#2522500
1$
#2523000
0$
#2523500
1$
#2524000
0$
#2524500
1$
#2525000
0$
#2525500
1$
#2526000
0$
#2526500
1$
#2527000
0$
#2527500
1$
#2528000
0$
#2528500
1$
#2529000
0$
#2529500
1$
#2530000
0$
#2530500
1$
#2531000
0$
#2531500
1$
#2532000
0$
#2532500
1$
#2533000
0$
#2533500
1$
#2534000
0$
#2534500
1$
#2535000
0$
#2535500
1$
#2536000
0$
#2536500
1$
#2537000
0$
#2537500
1$
#2538000
0$
#2538500
1$
#2539000
0$
#2539500
1$
#2540000
0$
#2540500
1$
#2541000
0$
#2541500
1$
#2542000
0$
#2542500
1$
#2543000
0$
#2543500
1$
#2544000
0$
#2544500
1$
#2545000
0$
#2545500
1$
#2546000
0$
#2546500
1$
#2547000
0$
#2547500
1$
#2548000
0$
#2548500
1$
#2549000
0$
#2549500
1$
#2550000
0$
#2550500
1$
#2551000
0$
#2551500
1$
#2552000
0$
#2552500
1$
#2553000
0$
#2553500
1$
#2554000
0$
#2554500
1$
#2555000
0$
#2555500
1$
#2556000
0$
#2556500
1$
#2557000
0$
#2557500
1$
#2558000
0$
#2558500
1$
#2559000
0$
#2559500
1$
#2560000
0$
#2560500
1$
#2561000
0$
#2561500
1$
#2562000
0$
#2562500
1$
#2563000
0$
#2563500
1$
#2564000
0$
#2564500
1$
#2565000
0$
#2565500
1$
#2566000
0$
#2566500
1$
#2567000
0$
#2567500
1$
#2568000
0$
#2568500
1$
#2569000
0$
#2569500
1$
#2570000
0$
#2570500
1$
#2571000
0$
#2571500
1$
#2572000
0$
#2572500
1$
#2573000
0$
#2573500
1$
#2574000
0$
#2574500
1$
#2575000
0$
#2575500
1$
#2576000
0$
#2576500
1$
#2577000
0$
#2577500
1$
#2578000
0$
#2578500
1$
#2579000
0$
#2579500
1$
#2580000
0$
#2580500
1$
#2581000
0$
#2581500
1$
#2582000
0$
#2582500
1$
#2583000
0$
#2583500
1$
#2584000
0$
#2584500
1$
#2585000
0$
#2585500
1$
#2586000
0$
#2586500
1$
#2587000
0$
#2587500
1$
#2588000
0$
#2588500
1$
#2589000
0$
#2589500
1$
#2590000
0$
#2590500
1$
#2591000
0$
#2591500
1$
#2592000
0$
#2592500
1$
#2593000
0$
#2593500
1$
#2594000
0$
#2594500
1$
#2595000
0$
#2595500
1$
#2596000
0$
#2596500
1$
#2597000
0$
#2597500
1$
#2598000
0$
#2598500
1$
#2599000
0$
#2599500
1$
#2600000
0$
#2600500
1$
#2601000
0$
#2601500
1$
#2602000
0$
#2602500
1$
#2603000
0$
#2603500
1$
#2604000
0$
#2604500
1$
#2605000
0$
#2605500
1$
#2606000
0$
#2606500
1$
#2607000
0$
#2607500
1$
#2608000
0$
#2608500
1$
#2609000
0$
#2609500
1$
#2610000
0$
#2610500
1$
#2611000
0$
#2611500
1$
#2612000
0$
#2612500
1$
#2613000
0$
#2613500
1$
#2614000
0$
#2614500
1$
#2615000
0$
#2615500
1$
#2616000
0$
#2616500
1$
#2617000
0$
#2617500
1$
#2618000
0$
#2618500
1$
#2619000
0$
#2619500
1$
#2620000
0$
#2620500
1$
#2621000
0$
#2621500
1$
#2622000
0$
#2622500
1$
#2623000
0$
#2623500
1$
#2624000
0$
#2624500
1$
#2625000
0$
#2625500
1$
#2626000
0$
#2626500
1$
#2627000
0$
#2627500
1$
#2628000
0$
#2628500
1$
#2629000
0$
#2629500
1$
#2630000
0$
#2630500
1$
#2631000
0$
#2631500
1$
#2632000
0$
#2632500
1$
#2633000
0$
#2633500
1$
#2634000
0$
#2634500
1$
#2635000
0$
#2635500
1$
#2636000
0$
#2636500
1$
#2637000
0$
#2637500
1$
#2638000
0$
#2638500
1$
#2639000
0$
#2639500
1$
#2640000
0$
#2640500
1$
#2641000
0$
#2641500
1$
#2642000
0$
#2642500
1$
#2643000
0$
#2643500
1$
#2644000
0$
#2644500
1$
#2645000
0$
#2645500
1$
#2646000
0$
#2646500
1$
#2647000
0$
#2647500
1$
#2648000
0$
#2648500
1$
#2649000
0$
#2649500
1$
#2650000
0$
#2650500
1$
#2651000
0$
#2651500
1$
#2652000
0$
#2652500
1$
#2653000
0$
#2653500
1$
#2654000
0$
#2654500
1$
#2655000
0$
#2655500
1$
#2656000
0$
#2656500
1$
#2657000
0$
#2657500
1$
#2658000
0$
#2658500
1$
#2659000
0$
#2659500
1$
#2660000
0$
#2660500
1$
#2661000
0$
#2661500
1$
#2662000
0$
#2662500
1$
#2663000
0$
#2663500
1$
#2664000
0$
#2664500
1$
#2665000
0$
#2665500
1$
#2666000
0$
#2666500
1$
#2667000
0$
#2667500
1$
#2668000
0$
#2668500
1$
#2669000
0$
#2669500
1$
#2670000
0$
#2670500
1$
#2671000
0$
#2671500
1$
#2672000
0$
#2672500
1$
#2673000
0$
#2673500
1$
#2674000
0$
#2674500
1$
#2675000
0$
#2675500
1$
#2676000
0$
#2676500
1$
#2677000
0$
#2677500
1$
#2678000
0$
#2678500
1$
#2679000
0$
#2679500
1$
#2680000
0$
#2680500
1$
#2681000
0$
#2681500
1$
#2682000
0$
#2682500
1$
#2683000
0$
#2683500
1$
#2684000
0$
#2684500
1$
#2685000
0$
#2685500
1$
#2686000
0$
#2686500
1$
#2687000
0$
#2687500
1$
#2688000
0$
#2688500
1$
#2689000
0$
#2689500
1$
#2690000
0$
#2690500
1$
#2691000
0$
#2691500
1$
#2692000
0$
#2692500
1$
#2693000
0$
#2693500
1$
#2694000
0$
#2694500
1$
#2695000
0$
#2695500
1$
#2696000
0$
#2696500
1$
#2697000
0$
#2697500
1$
#2698000
0$
#2698500
1$
#2699000
0$
#2699500
1$
#2700000
0$
#2700500
1$
#2701000
0$
#2701500
1$
#2702000
0$
#2702500
1$
#2703000
0$
#2703500
1$
#2704000
0$
#2704500
1$
#2705000
0$
#2705500
1$
#2706000
0$
#2706500
1$
#2707000
0$
#2707500
1$
#2708000
0$
#2708500
1$
#2709000
0$
#2709500
1$
#2710000
0$
#2710500
1$
#2711000
0$
#2711500
1$
#2712000
0$
#2712500
1$
#2713000
0$
#2713100
1#
#2713500
1<
1$
#2714000
0$
#2714500
02
1&
1=
1$
#2715000
0$
#2715500
1!
1'
03
1$
#2716000
0$
#2716500
0!
1)
1$
#2717000
0$
#2717500
1$
#2718000
0$
#2718100
0#
#2718500
0<
1$
#2719000
0$
#2719500
12
0&
0=
1$
#2720000
0$
#2720500
0'
13
1$
#2721000
0$
#2721500
0)
1$
#2722000
0$
#2722500
1$
#2723000
0$
#2723100
1#
#2723500
1<
1$
#2724000
0$
#2724500
02
1&
1=
1$
#2725000
0$
#2725500
1!
1'
03
1$
#2726000
0$
#2726500
0!
1)
1$
#2727000
0$
#2727500
1$
#2728000
0$
#2728100
0#
#2728500
0<
1$
#2729000
0$
#2729500
12
0&
0=
1$
#2730000
0$
#2730500
0'
13
1$
#2731000
0$
#2731500
0)
1$
#2732000
0$
#2732500
1$
#2733000
0$
#2733100
1#
#2733500
1<
1$
#2734000
0$
#2734500
02
1&
1=
1$
#2735000
0$
#2735500
1!
1'
03
1$
#2736000
0$
#2736500
0!
1)
1$
#2737000
0$
#2737500
1$
#2738000
0$
#2738100
0#
#2738500
0<
1$
#2739000
0$
#2739500
12
0&
0=
1$
#2740000
0$
#2740500
0'
13
1$
#2741000
0$
#2741500
0)
1$
#2742000
0$
#2742500
1$
#2743000
0$
#2743100
1#
#2743500
1<
1$
#2744000
0$
#2744500
02
1&
1=
1$
#2745000
0$
#2745500
1!
1'
03
1$
#2746000
0$
#2746500
0!
1)
1$
#2747000
0$
#2747500
1$
#2748000
0$
#2748100
0#
#2748500
0<
1$
#2749000
0$
#2749500
12
0&
0=
1$
#2750000
0$
#2750500
0'
13
1$
#2751000
0$
#2751500
0)
1$
#2752000
0$
#2752500
1$
#2753000
0$
#2753100
1#
#2753500
1<
1$
#2754000
0$
#2754500
02
1&
1=
1$
#2755000
0$
#2755500
1!
1'
03
1$
#2756000
0$
#2756500
0!
1)
1$
#2757000
0$
#2757500
1$
#2758000
0$
#2758100
0#
#2758500
0<
1$
#2759000
0$
#2759500
12
0&
0=
1$
#2760000
0$
#2760500
0'
13
1$
#2761000
0$
#2761500
0)
1$
#2762000
0$
#2762500
1$
#2763000
0$
#2763100
1#
#2763500
1<
1$
#2764000
0$
#2764500
02
1&
1=
1$
#2765000
0$
#2765500
1!
1'
03
1$
#2766000
0$
#2766500
0!
1)
1$
#2767000
0$
#2767500
1$
#2768000
0$
#2768100
0#
#2768500
0<
1$
#2769000
0$
#2769500
12
0&
0=
1$
#2770000
0$
#2770500
0'
13
1$
#2771000
0$
#2771500
0)
1$
#2772000
0$
#2772500
1$
#2773000
0$
#2773100
1#
#2773500
1<
1$
#2774000
0$
#2774500
02
1&
1=
1$
#2775000
0$
#2775500
1!
1'
03
1$
#2776000
0$
#2776500
0!
1)
1$
#2777000
0$
#2777500
1$
#2778000
0$
#2778100
0#
#2778500
0<
1$
#2779000
0$
#2779500
12
0&
0=
1$
#2780000
0$
#2780500
0'
13
1$
#2781000
0$
#2781500
0)
1$
#2782000
0$
#2782500
1$
#2783000
0$
#2783100
1#
#2783500
1<
1$
#2784000
0$
#2784500
02
1&
1=
1$
#2785000
0$
#2785500
1!
1'
03
1$
#2786000
0$
#2786500
0!
1)
1$
#2787000
0$
#2787500
1$
#2788000
0$
#2788100
0#
#2788500
0<
1$
#2789000
0$
#2789500
12
0&
0=
1$
#2790000
0$
#2790500
0'
13
1$
#2791000
0$
#2791500
0)
1$
#2792000
0$
#2792500
1$
#2793000
0$
#2793100
1#
#2793500
1<
1$
#2794000
0$
#2794500
02
1&
1=
1$
#2795000
0$
#2795500
1!
1'
03
1$
#2796000
0$
#2796500
0!
1)
1$
#2797000
0$
#2797500
1$
#2798000
0$
#2798100
0#
#2798500
0<
1$
#2799000
0$
#2799500
12
0&
0=
1$
#2800000
0$
#2800500
0'
13
1$
#2801000
0$
#2801500
0)
1$
#2802000
0$
#2802500
1$
#2803000
0$
#2803100
1#
#2803500
1<
1$
#2804000
0$
#2804500
02
1&
1=
1$
#2805000
0$
#2805500
1!
1'
03
1$
#2806000
0$
#2806500
0!
1)
1$
#2807000
0$
#2807500
1$
#2808000
0$
#2808100
0#
#2808500
0<
1$
#2809000
0$
#2809500
12
0&
0=
1$
#2810000
0$
#2810500
0'
13
1$
#2811000
0$
#2811500
0)
1$
#2812000
0$
#2812500
1$
#2813000
0$
#2813100
1#
#2813500
1<
1$
#2814000
0$
#2814500
02
1&
1=
1$
#2815000
0$
#2815500
1!
1'
03
1$
#2816000
0$
#2816500
0!
1)
1$
#2817000
0$
#2817500
1$
#2818000
0$
#2818100
0#
#2818500
0<
1$
#2819000
0$
#2819500
12
0&
0=
1$
#2820000
0$
#2820500
0'
13
1$
#2821000
0$
#2821500
0)
1$
#2822000
0$
#2822500
1$
#2823000
0$
#2823100
1#
#2823500
1<
1$
#2824000
0$
#2824500
02
1&
1=
1$
#2825000
0$
#2825500
1!
1'
03
1$
#2826000
0$
#2826500
0!
1)
1$
#2827000
0$
#2827500
1$
#2828000
0$
#2828100
0#
#2828500
0<
1$
#2829000
0$
#2829500
12
0&
0=
1$
#2830000
0$
#2830500
0'
13
1$
#2831000
0$
#2831500
0)
1$
#2832000
0$
#2832500
1$
#2833000
0$
#2833100
1#
#2833500
1<
1$
#2834000
0$
#2834500
02
1&
1=
1$
#2835000
0$
#2835500
1!
1'
03
1$
#2836000
0$
#2836500
0!
1)
1$
#2837000
0$
#2837500
1$
#2838000
0$
#2838100
0#
#2838500
0<
1$
#2839000
0$
#2839500
12
0&
0=
1$
#2840000
0$
#2840500
0'
13
1$
#2841000
0$
#2841500
0)
1$
#2842000
0$
#2842500
1$
#2843000
0$
#2843100
1#
#2843500
1<
1$
#2844000
0$
#2844500
02
1&
1=
1$
#2845000
0$
#2845500
1!
1'
03
1$
#2846000
0$
#2846500
0!
1)
1$
#2847000
0$
#2847500
1$
#2848000
0$
#2848100
0#
#2848500
0<
1$
#2849000
0$
#2849500
12
0&
0=
1$
#2850000
0$
#2850500
0'
13
1$
#2851000
0$
#2851500
0)
1$
#2852000
0$
#2852500
1$
#2853000
0$
#2853100
1#
#2853500
1<
1$
#2854000
0$
#2854500
02
1&
1=
1$
#2855000
0$
#2855500
1!
1'
03
1$
#2856000
0$
#2856500
0!
1)
1$
#2857000
0$
#2857500
1$
#2858000
0$
#2858100
0#
#2858500
0<
1$
#2859000
0$
#2859500
12
0&
0=
1$
#2860000
0$
#2860500
0'
13
1$
#2861000
0$
#2861500
0)
1$
#2862000
0$
#2862500
1$
#2863000
0$
#2863100
1#
#2863500
1<
1$
#2864000
0$
#2864500
02
1&
1=
1$
#2865000
0$
#2865500
1!
1'
03
1$
#2866000
0$
#2866500
0!
1)
1$
#2867000
0$
#2867500
1$
#2868000
0$
#2868100
0#
#2868500
0<
1$
#2869000
0$
#2869500
12
0&
0=
1$
#2870000
0$
#2870500
0'
13
1$
#2871000
0$
#2871500
0)
1$
#2872000
0$
#2872500
1$
#2873000
0$
#2873100
1#
#2873500
1<
1$
#2874000
0$
#2874500
02
1&
1=
1$
#2875000
0$
#2875500
1!
1'
03
1$
#2876000
0$
#2876500
0!
1)
1$
#2877000
0$
#2877500
1$
#2878000
0$
#2878100
0#
#2878500
0<
1$
#2879000
0$
#2879500
12
0&
0=
1$
#2880000
0$
#2880500
0'
13
1$
#2881000
0$
#2881500
0)
1$
#2882000
0$
#2882500
1$
#2883000
0$
#2883100
1#
#2883500
1<
1$
#2884000
0$
#2884500
02
1&
1=
1$
#2885000
0$
#2885500
1!
1'
03
1$
#2886000
0$
#2886500
0!
1)
1$
#2887000
0$
#2887500
1$
#2888000
0$
#2888100
0#
#2888500
0<
1$
#2889000
0$
#2889500
12
0&
0=
1$
#2890000
0$
#2890500
0'
13
1$
#2891000
0$
#2891500
0)
1$
#2892000
0$
#2892500
1$
#2893000
0$
#2893100
1#
#2893500
1<
1$
#2894000
0$
#2894500
02
1&
1=
1$
#2895000
0$
#2895500
1!
1'
03
1$
#2896000
0$
#2896500
0!
1)
1$
#2897000
0$
#2897500
1$
#2898000
0$
#2898100
0#
#2898500
0<
1$
#2899000
0$
#2899500
12
0&
0=
1$
#2900000
0$
#2900500
0'
13
1$
#2901000
0$
#2901500
0)
1$
#2902000
0$
#2902500
1$
#2903000
0$
#2903100
1#
#2903500
1<
1$
#2904000
0$
#2904500
02
1&
1=
1$
#2905000
0$
#2905500
1!
1'
03
1$
#2906000
0$
#2906500
0!
1)
1$
#2907000
0$
#2907500
1$
#2908000
0$
#2908100
0#
#2908500
0<
1$
#2909000
0$
#2909500
12
0&
0=
1$
#2910000
0$
#2910500
0'
13
1$
#2911000
0$
#2911500
0)
1$
#2912000
0$
#2912500
1$
#2913000
0$
#2913100
1#
#2913500
1<
1$
#2914000
0$
#2914500
02
1&
1=
1$
#2915000
0$
#2915500
1!
1'
03
1$
#2916000
0$
#2916500
0!
1)
1$
#2917000
0$
#2917500
1$
#2918000
0$
#2918100
0#
#2918500
0<
1$
#2919000
0$
#2919500
12
0&
0=
1$
#2920000
0$
#2920500
0'
13
1$
#2921000
0$
#2921500
0)
1$
#2922000
0$
#2922500
1$
#2923000
0$
#2923100
1#
#2923500
1<
1$
#2924000
0$
#2924500
02
1&
1=
1$
#2925000
0$
#2925500
1!
1'
03
1$
#2926000
0$
#2926500
0!
1)
1$
#2927000
0$
#2927500
1$
#2928000
0$
#2928100
0#
#2928500
0<
1$
#2929000
0$
#2929500
12
0&
0=
1$
#2930000
0$
#2930500
0'
13
1$
#2931000
0$
#2931500
0)
1$
#2932000
0$
#2932500
1$
#2933000
0$
#2933100
1#
#2933500
1<
1$
#2934000
0$
#2934500
02
1&
1=
1$
#2935000
0$
#2935500
1!
1'
03
1$
#2936000
0$
#2936500
0!
1)
1$
#2937000
0$
#2937500
1$
#2938000
0$
#2938100
0#
#2938500
0<
1$
#2939000
0$
#2939500
12
0&
0=
1$
#2940000
0$
#2940500
0'
13
1$
#2941000
0$
#2941500
0)
1$
#2942000
0$
#2942500
1$
#2943000
0$
#2943100
1#
#2943500
1<
1$
#2944000
0$
#2944500
02
1&
1=
1$
#2945000
0$
#2945500
1!
1'
03
1$
#2946000
0$
#2946500
0!
1)
1$
#2947000
0$
#2947500
1$
#2948000
0$
#2948100
0#
#2948500
0<
1$
#2949000
0$
#2949500
12
0&
0=
1$
#2950000
0$
#2950500
0'
13
1$
#2951000
0$
#2951500
0)
1$
#2952000
0$
#2952500
1$
#2953000
0$
#2953100
1#
#2953500
1<
1$
#2954000
0$
#2954500
02
1&
1=
1$
#2955000
0$
#2955500
1!
1'
03
1$
#2956000
0$
#2956500
0!
1)
1$
#2957000
0$
#2957500
1$
#2958000
0$
#2958500
1$
#2959000
0$
#2959500
1$
#2960000
0$
#2960500
1$
#2961000
0$
#2961500
1$
#2962000
0$
#2962500
1$
#2963000
0$
#2963500
1$
#2964000
0$
#2964500
1$
#2965000
0$
#2965500
1$
#2966000
0$
#2966500
1$
#2967000
0$
#2967500
1$
#2968000
0$
#2968500
1$
#2969000
0$
#2969500
1$
#2970000
0$
#2970500
1$
#2971000
0$
#2971500
1$
#2972000
0$
#2972500
1$
#2973000
0$
#2973500
1$
#2974000
0$
#2974500
1$
#2975000
0$
#2975500
1$
#2976000
0$
#2976500
1$
#2977000
0$
#2977500
1$
#2978000
0$
#2978500
1$
#2979000
0$
#2979500
1$
#2980000
0$
#2980500
1$
#2981000
0$
#2981500
1$
#2982000
0$
#2982500
1$
#2983000
0$
#2983500
1$
#2984000
0$
#2984500
1$
#2985000
0$
#2985500
1$
#2986000
0$
#2986500
1$
#2987000
0$
#2987500
1$
#2988000
0$
#2988500
1$
#2989000
0$
#2989500
1$
#2990000
0$
#2990500
1$
#2991000
0$
#2991500
1$
#2992000
0$
#2992500
1$
#2993000
0$
#2993500
1$
#2994000
0$
#2994500
1$
#2995000
0$
#2995500
1$
#2996000
0$
#2996500
1$
#2997000
0$
#2997500
1$
#2998000
0$
#2998500
1$
#2999000
0$
#2999500
1$
#3000000
0$
#3000500
1$
#3001000
0$
#3001500
1$
#3002000
0$
#3002500
1$
#3003000
0$
#3003500
1$
#3004000
0$
#3004500
1$
#3005000
0$
#3005500
1$
#3006000
0$
#3006500
1$
#3007000
0$
#3007500
1$
#3008000
0$
#3008500
1$
#3009000
0$
#3009500
1$
#3010000
0$
#3010500
1$
#3011000
0$
#3011500
1$
#3012000
0$
#3012500
1$
#3013000
0$
#3013500
1$
#3014000
0$
#3014500
1$
#3015000
0$
#3015500
1$
#3016000
0$
#3016500
1$
#3017000
0$
#3017500
1$
#3018000
0$
#3018500
1$
#3019000
0$
#3019500
1$
#3020000
0$
#3020500
1$
#3021000
0$
#3021500
1$
#3022000
0$
#3022500
1$
#3023000
0$
#3023500
1$
#3024000
0$
#3024500
1$
#3025000
0$
#3025500
1$
#3026000
0$
#3026500
1$
#3027000
0$
#3027500
1$
#3028000
0$
#3028500
1$
#3029000
0$
#3029500
1$
#3030000
0$
#3030500
1$
#3031000
0$
#3031500
1$
#3032000
0$
#3032500
1$
#3033000
0$
#3033500
1$
#3034000
0$
#3034500
1$
#3035000
0$
#3035500
1$
#3036000
0$
#3036500
1$
#3037000
0$
#3037500
1$
#3038000
0$
#3038500
1$
#3039000
0$
#3039500
1$
#3040000
0$
#3040500
1$
#3041000
0$
#3041500
1$
#3042000
0$
#3042500
1$
#3043000
0$
#3043500
1$
#3044000
0$
#3044500
1$
#3045000
0$
#3045500
1$
#3046000
0$
#3046500
1$
#3047000
0$
#3047500
1$
#3048000
0$
#3048500
1$
#3049000
0$
#3049500
1$
#3050000
0$
#3050500
1$
#3051000
0$
#3051500
1$
#3052000
0$
#3052500
1$
#3053000
0$
#3053500
1$
#3054000
0$
#3054500
1$
#3055000
0$
#3055500
1$
#3056000
0$
#3056500
1$
#3057000
0$
#3057500
1$
#3058000
0$
#3058500
1$
#3059000
0$
#3059500
1$
#3060000
0$
#3060500
1$
#3061000
0$
#3061500
1$
#3062000
0$
#3062500
1$
#3063000
0$
#3063500
1$
#3064000
0$
#3064500
1$
#3065000
0$
#3065500
1$
#3066000
0$
#3066500
1$
#3067000
0$
#3067500
1$
#3068000
0$
#3068500
1$
#3069000
0$
#3069500
1$
#3070000
0$
#3070500
1$
#3071000
0$
#3071500
1$
#3072000
0$
#3072500
1$
#3073000
0$
#3073500
1$
#3074000
0$
#3074500
1$
#3075000
0$
#3075500
1$
#3076000
0$
#3076500
1$
#3077000
0$
#3077500
1$
#3078000
0$
#3078500
1$
#3079000
0$
#3079500
1$
#3080000
0$
#3080500
1$
#3081000
0$
#3081500
1$
#3082000
0$
#3082500
1$
#3083000
0$
#3083500
1$
#3084000
0$
#3084500
1$
#3085000
0$
#3085500
1$
#3086000
0$
#3086500
1$
#3087000
0$
#3087500
1$
#3088000
0$
#3088500
1$
#3089000
0$
#3089500
1$
#3090000
0$
#3090500
1$
#3091000
0$
#3091500
1$
#3092000
0$
#3092500
1$
#3093000
0$
#3093500
1$
#3094000
0$
#3094500
1$
#3095000
0$
#3095500
1$
#3096000
0$
#3096500
1$
#3097000
0$
#3097500
1$
#3098000
0$
#3098500
1$
#3099000
0$
#3099500
1$
#3100000
0$
#3100500
1$
#3101000
0$
#3101500
1$
#3102000
0$
#3102500
1$
#3103000
0$
#3103500
1$
#3104000
0$
#3104500
1$
#3105000
0$
#3105500
1$
#3106000
0$
#3106500
1$
#3107000
0$
#3107500
1$
#3108000
0$
#3108500
1$
#3109000
0$
#3109500
1$
#3110000
0$
#3110500
1$
#3111000
0$
#3111500
1$
#3112000
0$
#3112500
1$
#3113000
0$
#3113500
1$
#3114000
0$
#3114500
1$
#3115000
0$
#3115500
1$
#3116000
0$
#3116500
1$
#3117000
0$
#3117500
1$
#3118000
0$
#3118500
1$
#3119000
0$
#3119500
1$
#3120000
0$
#3120500
1$
#3121000
0$
#3121500
1$
#3122000
0$
#3122500
1$
#3123000
0$
#3123500
1$
#3124000
0$
#3124500
1$
#3125000
0$
#3125500
1$
#3126000
0$
#3126500
1$
#3127000
0$
#3127500
1$
#3128000
0$
#3128500
1$
#3129000
0$
#3129500
1$
#3130000
0$
#3130500
1$
#3131000
0$
#3131500
1$
#3132000
0$
#3132500
1$
#3133000
0$
#3133500
1$
#3134000
0$
#3134500
1$
#3135000
0$
#3135500
1$
#3136000
0$
#3136500
1$
#3137000
0$
#3137500
1$
#3138000
0$
#3138500
1$
#3139000
0$
#3139500
1$
#3140000
0$
#3140500
1$
#3141000
0$
#3141500
1$
#3142000
0$
#3142500
1$
#3143000
0$
#3143500
1$
#3144000
0$
#3144500
1$
#3145000
0$
#3145500
1$
#3146000
0$
#3146500
1$
#3147000
0$
#3147500
1$
#3148000
0$
#3148500
1$
#3149000
0$
#3149500
1$
#3150000
0$
#3150500
1$
#3151000
0$
#3151500
1$
#3152000
0$
#3152500
1$
#3153000
0$
#3153500
1$
#3154000
0$
#3154500
1$
#3155000
0$
#3155500
1$
#3156000
0$
#3156500
1$
#3157000
0$
#3157500
1$
#3158000
0$
#3158500
1$
#3159000
0$
#3159500
1$
#3160000
0$
#3160500
1$
#3161000
0$
#3161500
1$
#3162000
0$
#3162500
1$
#3163000
0$
#3163500
1$
#3164000
0$
#3164500
1$
#3165000
0$
#3165500
1$
#3166000
0$
#3166500
1$
#3167000
0$
#3167500
1$
#3168000
0$
#3168500
1$
#3169000
0$
#3169500
1$
#3170000
0$
#3170500
1$
#3171000
0$
#3171500
1$
#3172000
0$
#3172500
1$
#3173000
0$
#3173500
1$
#3174000
0$
#3174500
1$
#3175000
0$
#3175500
1$
#3176000
0$
#3176500
1$
#3177000
0$
#3177500
1$
#3178000
0$
#3178500
1$
#3179000
0$
#3179500
1$
#3180000
0$
#3180500
1$
#3181000
0$
#3181500
1$
#3182000
0$
#3182500
1$
#3183000
0$
#3183500
1$
#3184000
0$
#3184500
1$
#3185000
0$
#3185500
1$
#3186000
0$
#3186500
1$
#3187000
0$
#3187500
1$
#3188000
0$
#3188500
1$
#3189000
0$
#3189500
1$
#3190000
0$
#3190500
1$
#3191000
0$
#3191500
1$
#3192000
0$
#3192500
1$
#3193000
0$
#3193500
1$
#3194000
0$
#3194500
1$
#3195000
0$
#3195500
1$
#3196000
0$
#3196500
1$
#3197000
0$
#3197500
1$
#3198000
0$
#3198500
1$
#3199000
0$
#3199500
1$
#3200000
0$
#3200500
1$
#3201000
0$
#3201500
1$
#3202000
0$
#3202500
1$
#3203000
0$
#3203500
1$
#3204000
0$
#3204500
1$
#3205000
0$
#3205500
1$
#3206000
0$
#3206500
1$
#3207000
0$
#3207500
1$
#3208000
0$
#3208500
1$
#3209000
0$
#3209500
1$
#3210000
0$
#3210500
1$
#3211000
0$
#3211500
1$
#3212000
0$
#3212500
1$
#3213000
0$
#3213500
1$
#3214000
0$
#3214500
1$
#3215000
0$
#3215500
1$
#3216000
0$
#3216500
1$
#3217000
0$
#3217500
1$
#3218000
0$
#3218500
1$
#3219000
0$
#3219500
1$
#3220000
0$
#3220500
1$
#3221000
0$
#3221500
1$
#3222000
0$
#3222500
1$
#3223000
0$
#3223500
1$
#3224000
0$
#3224500
1$
#3225000
0$
#3225500
1$
#3226000
0$
#3226500
1$
#3227000
0$
#3227500
1$
#3228000
0$
#3228500
1$
#3229000
0$
#3229500
1$
#3230000
0$
#3230500
1$
#3231000
0$
#3231500
1$
#3232000
0$
#3232500
1$
#3233000
0$
#3233500
1$
#3234000
0$
#3234500
1$
#3235000
0$
#3235500
1$
#3236000
0$
#3236500
1$
#3237000
0$
#3237500
1$
#3238000
0$
#3238500
1$
#3239000
0$
#3239500
1$
#3240000
0$
#3240500
1$
#3241000
0$
#3241500
1$
#3242000
0$
#3242500
1$
#3243000
0$
#3243500
1$
#3244000
0$
#3244500
1$
#3245000
0$
#3245500
1$
#3246000
0$
#3246500
1$
#3247000
0$
#3247500
1$
#3248000
0$
#3248500
1$
#3249000
0$
#3249500
1$
#3250000
0$
#3250500
1$
#3251000
0$
#3251500
1$
#3252000
0$
#3252500
1$
#3253000
0$
#3253500
1$
#3254000
0$
#3254500
1$
#3255000
0$
#3255500
1$
#3256000
0$
#3256500
1$
#3257000
0$
#3257500
1$
#3258000
0$
#3258500
1$
#3259000
0$
#3259500
1$
#3260000
0$
#3260500
1$
#3261000
0$
#3261500
1$
#3262000
0$
#3262500
1$
#3263000
0$
#3263500
1$
#3264000
0$
#3264500
1$
#3265000
0$
#3265500
1$
#3266000
0$
#3266500
1$
#3267000
0$
#3267500
1$
#3268000
0$
#3268500
1$
#3269000
0$
#3269500
1$
#3270000
0$
#3270500
1$
#3271000
0$
#3271500
1$
#3272000
0$
#3272500
1$
#3273000
0$
#3273500
1$
#3274000
0$
#3274500
1$
#3275000
0$
#3275500
1$
#3276000
0$
#3276500
1$
#3277000
0$
#3277500
1$
#3278000
0$
#3278500
1$
#3279000
0$
#3279500
1$
#3280000
0$
#3280500
1$
#3281000
0$
#3281500
1$
#3282000
0$
#3282500
1$
#3283000
0$
#3283500
1$
#3284000
0$
#3284500
1$
#3285000
0$
#3285500
1$
#3286000
0$
#3286500
1$
#3287000
0$
#3287500
1$
#3288000
0$
#3288500
1$
#3289000
0$
#3289500
1$
#3290000
0$
#3290500
1$
#3291000
0$
#3291500
1$
#3292000
0$
#3292500
1$
#3293000
0$
#3293500
1$
#3294000
0$
#3294500
1$
#3295000
0$
#3295500
1$
#3296000
0$
#3296500
1$
#3297000
0$
#3297500
1$
#3298000
0$
#3298500
1$
#3299000
0$
#3299500
1$
#3300000
0$
#3300500
1$
#3301000
0$
#3301500
1$
#3302000
0$
#3302500
1$
#3303000
0$
#3303500
1$
#3304000
0$
#3304500
1$
#3305000
0$
#3305500
1$
#3306000
0$
#3306500
1$
#3307000
0$
#3307500
1$
#3308000
0$
#3308500
1$
#3309000
0$
#3309500
1$
#3310000
0$
#3310500
1$
#3311000
0$
#3311500
1$
#3312000
0$
#3312500
1$
#3313000
0$
#3313500
1$
#3314000
0$
#3314500
1$
#3315000
0$
#3315500
1$
#3316000
0$
#3316500
1$
#3317000
0$
#3317500
1$
#3318000
0$
#3318500
1$
#3319000
0$
#3319500
1$
#3320000
0$
#3320500
1$
#3321000
0$
#3321500
1$
#3322000
0$
#3322500
1$
#3323000
0$
#3323500
1$
#3324000
0$
#3324500
1$
#3325000
0$
#3325500
1$
#3326000
0$
#3326500
1$
#3327000
0$
#3327500
1$
#3328000
0$
#3328500
1$
#3329000
0$
#3329500
1$
#3330000
0$
#3330500
1$
#3331000
0$
#3331500
1$
#3332000
0$
#3332500
1$
#3333000
0$
#3333500
1$
#3334000
0$
#3334500
1$
#3335000
0$
#3335500
1$
#3336000
0$
#3336500
1$
#3337000
0$
#3337500
1$
#3338000
0$
#3338500
1$
#3339000
0$
#3339500
1$
#3340000
0$
#3340500
1$
#3341000
0$
#3341500
1$
#3342000
0$
#3342500
1$
#3343000
0$
#3343500
1$
#3344000
0$
#3344500
1$
#3345000
0$
#3345500
1$
#3346000
0$
#3346500
1$
#3347000
0$
#3347500
1$
#3348000
0$
#3348500
1$
#3349000
0$
#3349500
1$
#3350000
0$
#3350500
1$
#3351000
0$
#3351500
1$
#3352000
0$
#3352500
1$
#3353000
0$
#3353500
1$
#3354000
0$
#3354500
1$
#3355000
0$
#3355500
1$
#3356000
0$
#3356500
1$
#3357000
0$
#3357500
1$
#3358000
0$
#3358500
1$
#3359000
0$
#3359500
1$
#3360000
0$
#3360500
1$
#3361000
0$
#3361500
1$
#3362000
0$
#3362500
1$
#3363000
0$
#3363500
1$
#3364000
0$
#3364500
1$
#3365000
0$
#3365500
1$
#3366000
0$
#3366500
1$
#3367000
0$
#3367500
1$
#3368000
0$
#3368500
1$
#3369000
0$
#3369500
1$
#3370000
0$
#3370500
1$
#3371000
0$
#3371500
1$
#3372000
0$
#3372500
1$
#3373000
0$
#3373500
1$
#3374000
0$
#3374500
1$
#3375000
0$
#3375500
1$
#3376000
0$
#3376500
1$
#3377000
0$
#3377500
1$
#3378000
0$
#3378500
1$
#3379000
0$
#3379500
1$
#3380000
0$
#3380500
1$
#3381000
0$
#3381500
1$
#3382000
0$
#3382500
1$
#3383000
0$
#3383500
1$
#3384000
0$
#3384500
1$
#3385000
0$
#3385500
1$
#3386000
0$
#3386500
1$
#3387000
0$
#3387500
1$
#3388000
0$
#3388500
1$
#3389000
0$
#3389500
1$
#3390000
0$
#3390500
1$
#3391000
0$
#3391500
1$
#3392000
0$
#3392500
1$
#3393000
0$
#3393500
1$
#3394000
0$
#3394500
1$
#3395000
0$
#3395500
1$
#3396000
0$
#3396500
1$
#3397000
0$
#3397500
1$
#3398000
0$
#3398500
1$
#3399000
0$
#3399500
1$
#3400000
0$
#3400500
1$
#3401000
0$
#3401500
1$
#3402000
0$
#3402500
1$
#3403000
0$
#3403500
1$
#3404000
0$
#3404500
1$
#3405000
0$
#3405500
1$
#3406000
0$
#3406500
1$
#3407000
0$
#3407500
1$
#3408000
0$
#3408500
1$
#3409000
0$
#3409500
1$
#3410000
0$
#3410500
1$
#3411000
0$
#3411500
1$
#3412000
0$
#3412500
1$
#3413000
0$
#3413500
1$
#3414000
0$
#3414500
1$
#3415000
0$
#3415500
1$
#3416000
0$
#3416500
1$
#3417000
0$
#3417500
1$
#3418000
0$
#3418500
1$
#3419000
0$
#3419500
1$
#3420000
0$
#3420500
1$
#3421000
0$
#3421500
1$
#3422000
0$
#3422500
1$
#3423000
0$
#3423500
1$
#3424000
0$
#3424500
1$
#3425000
0$
#3425500
1$
#3426000
0$
#3426500
1$
#3427000
0$
#3427500
1$
#3428000
0$
#3428500
1$
#3429000
0$
#3429500
1$
#3430000
0$
#3430500
1$
#3431000
0$
#3431500
1$
#3432000
0$
#3432500
1$
#3433000
0$
#3433500
1$
#3434000
0$
#3434500
1$
#3435000
0$
#3435500
1$
#3436000
0$
#3436500
1$
#3437000
0$
#3437500
1$
#3438000
0$
#3438500
1$
#3439000
0$
#3439500
1$
#3440000
0$
#3440500
1$
#3441000
0$
#3441500
1$
#3442000
0$
#3442500
1$
#3443000
0$
#3443500
1$
#3444000
0$
#3444500
1$
#3445000
0$
#3445500
1$
#3446000
0$
#3446500
1$
#3447000
0$
#3447500
1$
#3448000
0$
#3448500
1$
#3449000
0$
#3449500
1$
#3450000
0$
#3450500
1$
#3451000
0$
#3451500
1$
#3452000
0$
#3452500
1$
#3453000
0$
#3453500
1$
#3454000
0$
#3454500
1$
#3455000
0$
#3455500
1$
#3456000
0$
#3456500
1$
#3457000
0$
#3457500
1$
#3458000
0$
#3458500
1$
#3459000
0$
#3459500
1$
#3460000
0$
#3460500
1$
#3461000
0$
#3461500
1$
#3462000
0$
#3462500
1$
#3463000
0$
#3463500
1$
#3464000
0$
#3464500
1$
#3465000
0$
#3465500
1$
#3466000
0$
#3466500
1$
#3467000
0$
#3467500
1$
#3468000
0$
#3468500
1$
#3469000
0$
#3469500
1$
#3470000
0$
#3470500
1$
#3471000
0$
#3471500
1$
#3472000
0$
#3472500
1$
#3473000
0$
#3473500
1$
#3474000
0$
#3474500
1$
#3475000
0$
#3475500
1$
#3476000
0$
#3476500
1$
#3477000
0$
#3477500
1$
#3478000
0$
#3478500
1$
#3479000
0$
#3479500
1$
#3480000
0$
#3480500
1$
#3481000
0$
#3481500
1$
#3482000
0$
#3482500
1$
#3483000
0$
#3483500
1$
#3484000
0$
#3484500
1$
#3485000
0$
#3485500
1$
#3486000
0$
#3486500
1$
#3487000
0$
#3487500
1$
#3488000
0$
#3488500
1$
#3489000
0$
#3489500
1$
#3490000
0$
#3490500
1$
#3491000
0$
#3491500
1$
#3492000
0$
#3492500
1$
#3493000
0$
#3493500
1$
#3494000
0$
#3494500
1$
#3495000
0$
#3495500
1$
#3496000
0$
#3496500
1$
#3497000
0$
#3497500
1$
#3498000
0$
#3498500
1$
#3499000
0$
#3499500
1$
#3500000
0$
#3500500
1$
#3501000
0$
#3501500
1$
#3502000
0$
#3502500
1$
#3503000
0$
#3503500
1$
#3504000
0$
#3504500
1$
#3505000
0$
#3505500
1$
#3506000
0$
#3506500
1$
#3507000
0$
#3507500
1$
#3508000
0$
#3508500
1$
#3509000
0$
#3509500
1$
#3510000
0$
#3510500
1$
#3511000
0$
#3511500
1$
#3512000
0$
#3512500
1$
#3513000
0$
#3513500
1$
#3514000
0$
#3514500
1$
#3515000
0$
#3515500
1$
#3516000
0$
#3516500
1$
#3517000
0$
#3517500
1$
#3518000
0$
#3518500
1$
#3519000
0$
#3519500
1$
#3520000
0$
#3520500
1$
#3521000
0$
#3521500
1$
#3522000
0$
#3522500
1$
#3523000
0$
#3523500
1$
#3524000
0$
#3524500
1$
#3525000
0$
#3525500
1$
#3526000
0$
#3526500
1$
#3527000
0$
#3527500
1$
#3528000
0$
#3528500
1$
#3529000
0$
#3529500
1$
#3530000
0$
#3530500
1$
#3531000
0$
#3531500
1$
#3532000
0$
#3532500
1$
#3533000
0$
#3533500
1$
#3534000
0$
#3534500
1$
#3535000
0$
#3535500
1$
#3536000
0$
#3536500
1$
#3537000
0$
#3537500
1$
#3538000
0$
#3538500
1$
#3539000
0$
#3539500
1$
#3540000
0$
#3540500
1$
#3541000
0$
#3541500
1$
#3542000
0$
#3542500
1$
#3543000
0$
#3543500
1$
#3544000
0$
#3544500
1$
#3545000
0$
#3545500
1$
#3546000
0$
#3546500
1$
#3547000
0$
#3547500
1$
#3548000
0$
#3548500
1$
#3549000
0$
#3549500
1$
#3550000
0$
#3550500
1$
#3551000
0$
#3551500
1$
#3552000
0$
#3552500
1$
#3553000
0$
#3553500
1$
#3554000
0$
#3554500
1$
#3555000
0$
#3555500
1$
#3556000
0$
#3556500
1$
#3557000
0$
#3557500
1$
#3558000
0$
#3558500
1$
#3559000
0$
#3559500
1$
#3560000
0$
#3560500
1$
#3561000
0$
#3561500
1$
#3562000
0$
#3562500
1$
#3563000
0$
#3563500
1$
#3564000
0$
#3564500
1$
#3565000
0$
#3565500
1$
#3566000
0$
#3566500
1$
#3567000
0$
#3567500
1$
#3568000
0$
#3568500
1$
#3569000
0$
#3569500
1$
#3570000
0$
#3570500
1$
#3571000
0$
#3571500
1$
#3572000
0$
#3572500
1$
#3573000
0$
#3573500
1$
#3574000
0$
#3574500
1$
#3575000
0$
#3575500
1$
#3576000
0$
#3576500
1$
#3577000
0$
#3577500
1$
#3578000
0$
#3578500
1$
#3579000
0$
#3579500
1$
#3580000
0$
#3580500
1$
#3581000
0$
#3581500
1$
#3582000
0$
#3582500
1$
#3583000
0$
#3583500
1$
#3584000
0$
#3584500
1$
#3585000
0$
#3585500
1$
#3586000
0$
#3586500
1$
#3587000
0$
#3587500
1$
#3588000
0$
#3588500
1$
#3589000
0$
#3589500
1$
#3590000
0$
#3590500
1$
#3591000
0$
#3591500
1$
#3592000
0$
#3592500
1$
#3593000
0$
#3593500
1$
#3594000
0$
#3594500
1$
#3595000
0$
#3595500
1$
#3596000
0$
#3596500
1$
#3597000
0$
#3597500
1$
#3598000
0$
#3598500
1$
#3599000
0$
#3599500
1$
#3600000
0$
#3600500
1$
#3601000
0$
#3601500
1$
#3602000
0$
#3602500
1$
#3603000
0$
#3603500
1$
#3604000
0$
#3604500
1$
#3605000
0$
#3605500
1$
#3606000
0$
#3606500
1$
#3607000
0$
#3607500
1$
#3608000
0$
#3608500
1$
#3609000
0$
#3609500
1$
#3610000
0$
#3610500
1$
#3611000
0$
#3611500
1$
#3612000
0$
#3612500
1$
#3613000
0$
#3613500
1$
#3614000
0$
#3614500
1$
#3615000
0$
#3615500
1$
#3616000
0$
#3616500
1$
#3617000
0$
#3617500
1$
#3618000
0$
#3618500
1$
#3619000
0$
#3619500
1$
#3620000
0$
#3620500
1$
#3621000
0$
#3621500
1$
#3622000
0$
#3622500
1$
#3623000
0$
#3623500
1$
#3624000
0$
#3624500
1$
#3625000
0$
#3625500
1$
#3626000
0$
#3626500
1$
#3627000
0$
#3627500
1$
#3628000
0$
#3628500
1$
#3629000
0$
#3629500
1$
#3630000
0$
#3630500
1$
#3631000
0$
#3631500
1$
#3632000
0$
#3632500
1$
#3633000
0$
#3633500
1$
#3634000
0$
#3634500
1$
#3635000
0$
#3635500
1$
#3636000
0$
#3636500
1$
#3637000
0$
#3637500
1$
#3638000
0$
#3638500
1$
#3639000
0$
#3639500
1$
#3640000
0$
#3640500
1$
#3641000
0$
#3641500
1$
#3642000
0$
#3642500
1$
#3643000
0$
#3643500
1$
#3644000
0$
#3644500
1$
#3645000
0$
#3645500
1$
#3646000
0$
#3646500
1$
#3647000
0$
#3647500
1$
#3648000
0$
#3648500
1$
#3649000
0$
#3649500
1$
#3650000
0$
#3650500
1$
#3651000
0$
#3651500
1$
#3652000
0$
#3652500
1$
#3653000
0$
#3653500
1$
#3654000
0$
#3654500
1$
#3655000
0$
#3655500
1$
#3656000
0$
#3656500
1$
#3657000
0$
#3657500
1$
#3658000
0$
#3658500
1$
#3659000
0$
#3659500
1$
#3660000
0$
#3660500
1$
#3661000
0$
#3661500
1$
#3662000
0$
#3662500
1$
#3663000
0$
#3663500
1$
#3664000
0$
#3664500
1$
#3665000
0$
#3665500
1$
#3666000
0$
#3666500
1$
#3667000
0$
#3667500
1$
#3668000
0$
#3668500
1$
#3669000
0$
#3669500
1$
#3670000
0$
#3670500
1$
#3671000
0$
#3671500
1$
#3672000
0$
#3672500
1$
#3673000
0$
#3673500
1$
#3674000
0$
#3674500
1$
#3675000
0$
#3675500
1$
#3676000
0$
#3676500
1$
#3677000
0$
#3677500
1$
#3678000
0$
#3678500
1$
#3679000
0$
#3679500
1$
#3680000
0$
#3680500
1$
#3681000
0$
#3681500
1$
#3682000
0$
#3682500
1$
#3683000
0$
#3683500
1$
#3684000
0$
#3684500
1$
#3685000
0$
#3685500
1$
#3686000
0$
#3686500
1$
#3687000
0$
#3687500
1$
#3688000
0$
#3688500
1$
#3689000
0$
#3689500
1$
#3690000
0$
#3690500
1$
#3691000
0$
#3691500
1$
#3692000
0$
#3692500
1$
#3693000
0$
#3693500
1$
#3694000
0$
#3694500
1$
#3695000
0$
#3695500
1$
#3696000
0$
#3696500
1$
#3697000
0$
#3697500
1$
#3698000
0$
#3698500
1$
#3699000
0$
#3699500
1$
#3700000
0$
#3700500
1$
#3701000
0$
#3701500
1$
#3702000
0$
#3702500
1$
#3703000
0$
#3703500
1$
#3704000
0$
#3704500
1$
#3705000
0$
#3705500
1$
#3706000
0$
#3706500
1$
#3707000
0$
#3707500
1$
#3708000
0$
#3708500
1$
#3709000
0$
#3709500
1$
#3710000
0$
#3710500
1$
#3711000
0$
#3711500
1$
#3712000
0$
#3712500
1$
#3713000
0$
#3713500
1$
#3714000
0$
#3714500
1$
#3715000
0$
#3715500
1$
#3716000
0$
#3716500
1$
#3717000
0$
#3717500
1$
#3718000
0$
#3718500
1$
#3719000
0$
#3719500
1$
#3720000
0$
#3720500
1$
#3721000
0$
#3721500
1$
#3722000
0$
#3722500
1$
#3723000
0$
#3723500
1$
#3724000
0$
#3724500
1$
#3725000
0$
#3725500
1$
#3726000
0$
#3726500
1$
#3727000
0$
#3727500
1$
#3728000
0$
#3728500
1$
#3729000
0$
#3729500
1$
#3730000
0$
#3730500
1$
#3731000
0$
#3731500
1$
#3732000
0$
#3732500
1$
#3733000
0$
#3733500
1$
#3734000
0$
#3734500
1$
#3735000
0$
#3735500
1$
#3736000
0$
#3736500
1$
#3737000
0$
#3737500
1$
#3738000
0$
#3738500
1$
#3739000
0$
#3739500
1$
#3740000
0$
#3740500
1$
#3741000
0$
#3741500
1$
#3742000
0$
#3742500
1$
#3743000
0$
#3743500
1$
#3744000
0$
#3744500
1$
#3745000
0$
#3745500
1$
#3746000
0$
#3746500
1$
#3747000
0$
#3747500
1$
#3748000
0$
#3748500
1$
#3749000
0$
#3749500
1$
#3750000
0$
#3750500
1$
#3751000
0$
#3751500
1$
#3752000
0$
#3752500
1$
#3753000
0$
#3753500
1$
#3754000
0$
#3754500
1$
#3755000
0$
#3755500
1$
#3756000
0$
#3756500
1$
#3757000
0$
#3757500
1$
#3758000
0$
#3758500
1$
#3759000
0$
#3759500
1$
#3760000
0$
#3760500
1$
#3761000
0$
#3761500
1$
#3762000
0$
#3762500
1$
#3763000
0$
#3763500
1$
#3764000
0$
#3764500
1$
#3765000
0$
#3765500
1$
#3766000
0$
#3766500
1$
#3767000
0$
#3767500
1$
#3768000
0$
#3768500
1$
#3769000
0$
#3769500
1$
#3770000
0$
#3770500
1$
#3771000
0$
#3771500
1$
#3772000
0$
#3772500
1$
#3773000
0$
#3773500
1$
#3774000
0$
#3774500
1$
#3775000
0$
#3775500
1$
#3776000
0$
#3776500
1$
#3777000
0$
#3777500
1$
#3778000
0$
#3778500
1$
#3779000
0$
#3779500
1$
#3780000
0$
#3780500
1$
#3781000
0$
#3781500
1$
#3782000
0$
#3782500
1$
#3783000
0$
#3783500
1$
#3784000
0$
#3784500
1$
#3785000
0$
#3785500
1$
#3786000
0$
#3786500
1$
#3787000
0$
#3787500
1$
#3788000
0$
#3788500
1$
#3789000
0$
#3789500
1$
#3790000
0$
#3790500
1$
#3791000
0$
#3791500
1$
#3792000
0$
#3792500
1$
#3793000
0$
#3793500
1$
#3794000
0$
#3794500
1$
#3795000
0$
#3795500
1$
#3796000
0$
#3796500
1$
#3797000
0$
#3797500
1$
#3798000
0$
#3798500
1$
#3799000
0$
#3799500
1$
#3800000
0$
#3800500
1$
#3801000
0$
#3801500
1$
#3802000
0$
#3802500
1$
#3803000
0$
#3803500
1$
#3804000
0$
#3804500
1$
#3805000
0$
#3805500
1$
#3806000
0$
#3806500
1$
#3807000
0$
#3807500
1$
#3808000
0$
#3808500
1$
#3809000
0$
#3809500
1$
#3810000
0$
#3810500
1$
#3811000
0$
#3811500
1$
#3812000
0$
#3812500
1$
#3813000
0$
#3813500
1$
#3814000
0$
#3814500
1$
#3815000
0$
#3815500
1$
#3816000
0$
#3816500
1$
#3817000
0$
#3817500
1$
#3818000
0$
#3818500
1$
#3819000
0$
#3819500
1$
#3820000
0$
#3820500
1$
#3821000
0$
#3821500
1$
#3822000
0$
#3822500
1$
#3823000
0$
#3823500
1$
#3824000
0$
#3824500
1$
#3825000
0$
#3825500
1$
#3826000
0$
#3826500
1$
#3827000
0$
#3827500
1$
#3828000
0$
#3828500
1$
#3829000
0$
#3829500
1$
#3830000
0$
#3830500
1$
#3831000
0$
#3831500
1$
#3832000
0$
#3832500
1$
#3833000
0$
#3833500
1$
#3834000
0$
#3834500
1$
#3835000
0$
#3835500
1$
#3836000
0$
#3836500
1$
#3837000
0$
#3837500
1$
#3838000
0$
#3838500
1$
#3839000
0$
#3839500
1$
#3840000
0$
#3840500
1$
#3841000
0$
#3841500
1$
#3842000
0$
#3842500
1$
#3843000
0$
#3843500
1$
#3844000
0$
#3844500
1$
#3845000
0$
#3845500
1$
#3846000
0$
#3846500
1$
#3847000
0$
#3847500
1$
#3848000
0$
#3848500
1$
#3849000
0$
#3849500
1$
#3850000
0$
#3850500
1$
#3851000
0$
#3851500
1$
#3852000
0$
#3852500
1$
#3853000
0$
#3853500
1$
#3854000
0$
#3854500
1$
#3855000
0$
#3855500
1$
#3856000
0$
#3856500
1$
#3857000
0$
#3857500
1$
#3858000
0$
#3858500
1$
#3859000
0$
#3859500
1$
#3860000
0$
#3860500
1$
#3861000
0$
#3861500
1$
#3862000
0$
#3862500
1$
#3863000
0$
#3863100
0#
#3863500
0<
1$
#3864000
0$
#3864500
12
0&
0=
1$
#3865000
0$
#3865500
0'
13
1$
#3866000
0$
#3866500
0)
1$
#3867000
0$
#3867500
1$
#3868000
0$
#3868100
1#
#3868500
1<
1$
#3869000
0$
#3869500
02
1&
1=
1$
#3870000
0$
#3870500
1!
1'
03
1$
#3871000
0$
#3871500
0!
1)
1$
#3872000
0$
#3872500
1$
#3873000
0$
#3873100
0#
#3873500
0<
1$
#3874000
0$
#3874500
12
0&
0=
1$
#3875000
0$
#3875500
0'
13
1$
#3876000
0$
#3876500
0)
1$
#3877000
0$
#3877500
1$
#3878000
0$
#3878100
1#
#3878500
1<
1$
#3879000
0$
#3879500
02
1&
1=
1$
#3880000
0$
#3880500
1!
1'
03
1$
#3881000
0$
#3881500
0!
1)
1$
#3882000
0$
#3882500
1$
#3883000
0$
#3883100
0#
#3883500
0<
1$
#3884000
0$
#3884500
12
0&
0=
1$
#3885000
0$
#3885500
0'
13
1$
#3886000
0$
#3886500
0)
1$
#3887000
0$
#3887500
1$
#3888000
0$
#3888100
1#
#3888500
1<
1$
#3889000
0$
#3889500
02
1&
1=
1$
#3890000
0$
#3890500
1!
1'
03
1$
#3891000
0$
#3891500
0!
1)
1$
#3892000
0$
#3892500
1$
#3893000
0$
#3893100
0#
#3893500
0<
1$
#3894000
0$
#3894500
12
0&
0=
1$
#3895000
0$
#3895500
0'
13
1$
#3896000
0$
#3896500
0)
1$
#3897000
0$
#3897500
1$
#3898000
0$
#3898100
1#
#3898500
1<
1$
#3899000
0$
#3899500
02
1&
1=
1$
#3900000
0$
#3900500
1!
1'
03
1$
#3901000
0$
#3901500
0!
1)
1$
#3902000
0$
#3902500
1$
#3903000
0$
#3903100
0#
#3903500
0<
1$
#3904000
0$
#3904500
12
0&
0=
1$
#3905000
0$
#3905500
0'
13
1$
#3906000
0$
#3906500
0)
1$
#3907000
0$
#3907500
1$
#3908000
0$
#3908100
1#
#3908500
1<
1$
#3909000
0$
#3909500
02
1&
1=
1$
#3910000
0$
#3910500
1!
1'
03
1$
#3911000
0$
#3911500
0!
1)
1$
#3912000
0$
#3912500
1$
#3913000
0$
#3913100
0#
#3913500
0<
1$
#3914000
0$
#3914500
12
0&
0=
1$
#3915000
0$
#3915500
0'
13
1$
#3916000
0$
#3916500
0)
1$
#3917000
0$
#3917500
1$
#3918000
0$
#3918100
1#
#3918500
1<
1$
#3919000
0$
#3919500
02
1&
1=
1$
#3920000
0$
#3920500
1!
1'
03
1$
#3921000
0$
#3921500
0!
1)
1$
#3922000
0$
#3922500
1$
#3923000
0$
#3923100
0#
#3923500
0<
1$
#3924000
0$
#3924500
12
0&
0=
1$
#3925000
0$
#3925500
0'
13
1$
#3926000
0$
#3926500
0)
1$
#3927000
0$
#3927500
1$
#3928000
0$
#3928100
1#
#3928500
1<
1$
#3929000
0$
#3929500
02
1&
1=
1$
#3930000
0$
#3930500
1!
1'
03
1$
#3931000
0$
#3931500
0!
1)
1$
#3932000
0$
#3932500
1$
#3933000
0$
#3933100
0#
#3933500
0<
1$
#3934000
0$
#3934500
12
0&
0=
1$
#3935000
0$
#3935500
0'
13
1$
#3936000
0$
#3936500
0)
1$
#3937000
0$
#3937500
1$
#3938000
0$
#3938100
1#
#3938500
1<
1$
#3939000
0$
#3939500
02
1&
1=
1$
#3940000
0$
#3940500
1!
1'
03
1$
#3941000
0$
#3941500
0!
1)
1$
#3942000
0$
#3942500
1$
#3943000
0$
#3943100
0#
#3943500
0<
1$
#3944000
0$
#3944500
12
0&
0=
1$
#3945000
0$
#3945500
0'
13
1$
#3946000
0$
#3946500
0)
1$
#3947000
0$
#3947500
1$
#3948000
0$
#3948100
1#
#3948500
1<
1$
#3949000
0$
#3949500
02
1&
1=
1$
#3950000
0$
#3950500
1!
1'
03
1$
#3951000
0$
#3951500
0!
1)
1$
#3952000
0$
#3952500
1$
#3953000
0$
#3953100
0#
#3953500
0<
1$
#3954000
0$
#3954500
12
0&
0=
1$
#3955000
0$
#3955500
0'
13
1$
#3956000
0$
#3956500
0)
1$
#3957000
0$
#3957500
1$
#3958000
0$
#3958100
1#
#3958500
1<
1$
#3959000
0$
#3959500
02
1&
1=
1$
#3960000
0$
#3960500
1!
1'
03
1$
#3961000
0$
#3961500
0!
1)
1$
#3962000
0$
#3962500
1$
#3963000
0$
#3963100
0#
#3963500
0<
1$
#3964000
0$
#3964500
12
0&
0=
1$
#3965000
0$
#3965500
0'
13
1$
#3966000
0$
#3966500
0)
1$
#3967000
0$
#3967500
1$
#3968000
0$
#3968100
1#
#3968500
1<
1$
#3969000
0$
#3969500
02
1&
1=
1$
#3970000
0$
#3970500
1!
1'
03
1$
#3971000
0$
#3971500
0!
1)
1$
#3972000
0$
#3972500
1$
#3973000
0$
#3973100
0#
#3973500
0<
1$
#3974000
0$
#3974500
12
0&
0=
1$
#3975000
0$
#3975500
0'
13
1$
#3976000
0$
#3976500
0)
1$
#3977000
0$
#3977500
1$
#3978000
0$
#3978100
1#
#3978500
1<
1$
#3979000
0$
#3979500
02
1&
1=
1$
#3980000
0$
#3980500
1!
1'
03
1$
#3981000
0$
#3981500
0!
1)
1$
#3982000
0$
#3982500
1$
#3983000
0$
#3983100
0#
#3983500
0<
1$
#3984000
0$
#3984500
12
0&
0=
1$
#3985000
0$
#3985500
0'
13
1$
#3986000
0$
#3986500
0)
1$
#3987000
0$
#3987500
1$
#3988000
0$
#3988100
1#
#3988500
1<
1$
#3989000
0$
#3989500
02
1&
1=
1$
#3990000
0$
#3990500
1!
1'
03
1$
#3991000
0$
#3991500
0!
1)
1$
#3992000
0$
#3992500
1$
#3993000
0$
#3993100
0#
#3993500
0<
1$
#3994000
0$
#3994500
12
0&
0=
1$
#3995000
0$
#3995500
0'
13
1$
#3996000
0$
#3996500
0)
1$
#3997000
0$
#3997500
1$
#3998000
0$
#3998100
1#
#3998500
1<
1$
#3999000
0$
#3999500
02
1&
1=
1$
#4000000
0$
#4000500
1!
1'
03
1$
#4001000
0$
#4001500
0!
1)
1$
#4002000
0$
#4002500
1$
#4003000
0$
#4003100
0#
#4003500
0<
1$
#4004000
0$
#4004500
12
0&
0=
1$
#4005000
0$
#4005500
0'
13
1$
#4006000
0$
#4006500
0)
1$
#4007000
0$
#4007500
1$
#4008000
0$
#4008100
1#
#4008500
1<
1$
#4009000
0$
#4009500
02
1&
1=
1$
#4010000
0$
#4010500
1!
1'
03
1$
#4011000
0$
#4011500
0!
1)
1$
#4012000
0$
#4012500
1$
#4013000
0$
#4013100
0#
#4013500
0<
1$
#4014000
0$
#4014500
12
0&
0=
1$
#4015000
0$
#4015500
0'
13
1$
#4016000
0$
#4016500
0)
1$
#4017000
0$
#4017500
1$
#4018000
0$
#4018100
1#
#4018500
1<
1$
#4019000
0$
#4019500
02
1&
1=
1$
#4020000
0$
#4020500
1!
1'
03
1$
#4021000
0$
#4021500
0!
1)
1$
#4022000
0$
#4022500
1$
#4023000
0$
#4023100
0#
#4023500
0<
1$
#4024000
0$
#4024500
12
0&
0=
1$
#4025000
0$
#4025500
0'
13
1$
#4026000
0$
#4026500
0)
1$
#4027000
0$
#4027500
1$
#4028000
0$
#4028100
1#
#4028500
1<
1$
#4029000
0$
#4029500
02
1&
1=
1$
#4030000
0$
#4030500
1!
1'
03
1$
#4031000
0$
#4031500
0!
1)
1$
#4032000
0$
#4032500
1$
#4033000
0$
#4033100
0#
#4033500
0<
1$
#4034000
0$
#4034500
12
0&
0=
1$
#4035000
0$
#4035500
0'
13
1$
#4036000
0$
#4036500
0)
1$
#4037000
0$
#4037500
1$
#4038000
0$
#4038100
1#
#4038500
1<
1$
#4039000
0$
#4039500
02
1&
1=
1$
#4040000
0$
#4040500
1!
1'
03
1$
#4041000
0$
#4041500
0!
1)
1$
#4042000
0$
#4042500
1$
#4043000
0$
#4043100
0#
#4043500
0<
1$
#4044000
0$
#4044500
12
0&
0=
1$
#4045000
0$
#4045500
0'
13
1$
#4046000
0$
#4046500
0)
1$
#4047000
0$
#4047500
1$
#4048000
0$
#4048100
1#
#4048500
1<
1$
#4049000
0$
#4049500
02
1&
1=
1$
#4050000
0$
#4050500
1!
1'
03
1$
#4051000
0$
#4051500
0!
1)
1$
#4052000
0$
#4052500
1$
#4053000
0$
#4053100
0#
#4053500
0<
1$
#4054000
0$
#4054500
12
0&
0=
1$
#4055000
0$
#4055500
0'
13
1$
#4056000
0$
#4056500
0)
1$
#4057000
0$
#4057500
1$
#4058000
0$
#4058100
1#
#4058500
1<
1$
#4059000
0$
#4059500
02
1&
1=
1$
#4060000
0$
#4060500
1!
1'
03
1$
#4061000
0$
#4061500
0!
1)
1$
#4062000
0$
#4062500
1$
#4063000
0$
#4063100
0#
#4063500
0<
1$
#4064000
0$
#4064500
12
0&
0=
1$
#4065000
0$
#4065500
0'
13
1$
#4066000
0$
#4066500
0)
1$
#4067000
0$
#4067500
1$
#4068000
0$
#4068100
1#
#4068500
1<
1$
#4069000
0$
#4069500
02
1&
1=
1$
#4070000
0$
#4070500
1!
1'
03
1$
#4071000
0$
#4071500
0!
1)
1$
#4072000
0$
#4072500
1$
#4073000
0$
#4073100
0#
#4073500
0<
1$
#4074000
0$
#4074500
12
0&
0=
1$
#4075000
0$
#4075500
0'
13
1$
#4076000
0$
#4076500
0)
1$
#4077000
0$
#4077500
1$
#4078000
0$
#4078100
1#
#4078500
1<
1$
#4079000
0$
#4079500
02
1&
1=
1$
#4080000
0$
#4080500
1!
1'
03
1$
#4081000
0$
#4081500
0!
1)
1$
#4082000
0$
#4082500
1$
#4083000
0$
#4083100
0#
#4083500
0<
1$
#4084000
0$
#4084500
12
0&
0=
1$
#4085000
0$
#4085500
0'
13
1$
#4086000
0$
#4086500
0)
1$
#4087000
0$
#4087500
1$
#4088000
0$
#4088100
1#
#4088500
1<
1$
#4089000
0$
#4089500
02
1&
1=
1$
#4090000
0$
#4090500
1!
1'
03
1$
#4091000
0$
#4091500
0!
1)
1$
#4092000
0$
#4092500
1$
#4093000
0$
#4093100
0#
#4093500
0<
1$
#4094000
0$
#4094500
12
0&
0=
1$
#4095000
0$
#4095500
0'
13
1$
#4096000
0$
#4096500
0)
1$
#4097000
0$
#4097500
1$
#4098000
0$
#4098100
1#
#4098500
1<
1$
#4099000
0$
#4099500
02
1&
1=
1$
#4100000
0$
#4100500
1!
1'
03
1$
#4101000
0$
#4101500
0!
1)
1$
#4102000
0$
#4102500
1$
#4103000
0$
#4103100
0#
#4103500
0<
1$
#4104000
0$
#4104500
12
0&
0=
1$
#4105000
0$
#4105500
0'
13
1$
#4106000
0$
#4106500
0)
1$
#4107000
0$
#4107500
1$
#4108000
0$
#4108500
1$
#4109000
0$
#4109500
1$
#4110000
0$
#4110500
1$
#4111000
0$
#4111500
1$
#4112000
0$
#4112500
1$
#4113000
0$
#4113500
1$
#4114000
0$
#4114500
1$
#4115000
0$
#4115500
1$
#4116000
0$
#4116500
1$
#4117000
0$
#4117500
1$
#4118000
0$
#4118500
1$
#4119000
0$
#4119500
1$
#4120000
0$
#4120500
1$
#4121000
0$
#4121500
1$
#4122000
0$
#4122500
1$
#4123000
0$
#4123500
1$
#4124000
0$
#4124500
1$
#4125000
0$
#4125500
1$
#4126000
0$
#4126500
1$
#4127000
0$
#4127500
1$
#4128000
0$
#4128500
1$
#4129000
0$
#4129500
1$
#4130000
0$
#4130500
1$
#4131000
0$
#4131500
1$
#4132000
0$
#4132500
1$
#4133000
0$
#4133500
1$
#4134000
0$
#4134500
1$
#4135000
0$
#4135500
1$
#4136000
0$
#4136500
1$
#4137000
0$
#4137500
1$
#4138000
0$
#4138500
1$
#4139000
0$
#4139500
1$
#4140000
0$
#4140500
1$
#4141000
0$
#4141500
1$
#4142000
0$
#4142500
1$
#4143000
0$
#4143500
1$
#4144000
0$
#4144500
1$
#4145000
0$
#4145500
1$
#4146000
0$
#4146500
1$
#4147000
0$
#4147500
1$
#4148000
0$
#4148500
1$
#4149000
0$
#4149500
1$
#4150000
0$
#4150500
1$
#4151000
0$
#4151500
1$
#4152000
0$
#4152500
1$
#4153000
0$
#4153500
1$
#4154000
0$
#4154500
1$
#4155000
0$
#4155500
1$
#4156000
0$
#4156500
1$
#4157000
0$
#4157500
1$
#4158000
0$
#4158500
1$
#4159000
0$
#4159500
1$
#4160000
0$
#4160500
1$
#4161000
0$
#4161500
1$
#4162000
0$
#4162500
1$
#4163000
0$
#4163500
1$
#4164000
0$
#4164500
1$
#4165000
0$
#4165500
1$
#4166000
0$
#4166500
1$
#4167000
0$
#4167500
1$
#4168000
0$
#4168500
1$
#4169000
0$
#4169500
1$
#4170000
0$
#4170500
1$
#4171000
0$
#4171500
1$
#4172000
0$
#4172500
1$
#4173000
0$
#4173500
1$
#4174000
0$
#4174500
1$
#4175000
0$
#4175500
1$
#4176000
0$
#4176500
1$
#4177000
0$
#4177500
1$
#4178000
0$
#4178500
1$
#4179000
0$
#4179500
1$
#4180000
0$
#4180500
1$
#4181000
0$
#4181500
1$
#4182000
0$
#4182500
1$
#4183000
0$
#4183500
1$
#4184000
0$
#4184500
1$
#4185000
0$
#4185500
1$
#4186000
0$
#4186500
1$
#4187000
0$
#4187500
1$
#4188000
0$
#4188500
1$
#4189000
0$
#4189500
1$
#4190000
0$
#4190500
1$
#4191000
0$
#4191500
1$
#4192000
0$
#4192500
1$
#4193000
0$
#4193500
1$
#4194000
0$
#4194500
1$
#4195000
0$
#4195500
1$
#4196000
0$
#4196500
1$
#4197000
0$
#4197500
1$
#4198000
0$
#4198500
1$
#4199000
0$
#4199500
1$
#4200000
0$
#4200500
1$
#4201000
0$
#4201500
1$
#4202000
0$
#4202500
1$
#4203000
0$
#4203100
